uid,tsne1,tsne2,cluster
c4,17.509504,-41.849045,14
c9,15.923073,-40.989025,14
p7,12.93479,-39.7382,14
c28,12.680758,-39.404808,14
c32,14.0790615,-38.351425,14
c41,16.366556,-31.461123,14
c44,15.710308,-32.34751,14
c45,16.128027,-41.771946,14
c51,13.543163,-42.816093,14
c57,9.289188,-30.668903,3
c59,10.764001,-42.507904,3
p18,-27.301495,-40.555332,2
c67,12.855594,-31.061745,14
p19,16.019747,-42.080112,14
c76,17.947859,-41.126236,14
c82,29.831724,-16.491192,3
c88,12.561191,-30.79229,3
p28,26.525625,-24.788017,14
c91,14.8151655,-38.226166,14
p29,14.977722,-37.919037,14
c92,-18.90721,27.339468,2
c94,14.947456,-37.83848,3
c100,30.850584,-16.971638,14
c103,31.529663,-17.0775,14
c117,14.374805,-25.962933,14
p37,31.824438,-15.974313,14
c123,4.107593,-25.129072,3
c124,15.257716,-32.234055,14
c130,32.975044,-10.537468,13
c135,-0.30959338,-34.954617,14
c137,13.847723,-33.484135,14
c149,37.671158,-31.644888,14
p42,16.026169,-32.12299,14
p43,29.484966,-29.468418,14
c150,19.904419,-32.740524,14
c151,17.07415,-37.10049,14
c154,7.8953342,-26.94589,14
p54,13.046046,-28.65371,14
c174,31.11115,-21.166811,14
c175,12.104256,-37.64968,14
c180,13.189909,-30.852139,14
c197,19.545666,35.017403,2
c201,-1.5915561,-33.77623,3
p68,8.692336,33.148018,15
c220,8.777019,33.173443,5
c226,14.070465,-24.451056,14
p81,11.925521,-37.921535,14
c231,22.624096,38.42458,14
c239,-21.751379,-35.731716,14
p88,12.870799,-42.767895,14
p89,27.832035,-19.061426,13
p91,13.049667,-42.43512,14
c243,-4.1165376,-12.192647,3
c252,19.829832,18.47536,2
c254,-25.19901,-37.558403,2
c258,-0.8230028,-23.21839,17
c260,20.974558,38.383358,1
c261,25.507849,-34.50231,14
p98,36.336628,-30.394886,14
c273,-1.5493832,-33.501354,3
c277,23.067354,-35.867725,14
c279,1.2073357,-24.945631,3
c280,-2.8033793,-38.4792,3
p100,-18.944818,28.092161,2
c297,-18.616745,28.637705,2
p105,21.648823,37.580666,14
c308,-19.121748,27.99185,9
c313,10.767583,23.010206,5
c326,23.388472,-25.425795,14
p113,13.123872,-31.018124,14
c342,-3.1500144,-22.253057,3
c353,8.818077,21.698975,2
c356,21.685247,-27.887371,14
c358,-22.25404,-36.024097,14
c360,10.926894,-44.467934,3
c361,-4.4890003,-33.45956,3
c368,-14.156399,49.120323,5
p122,13.645604,-42.568054,14
c378,15.35289,-39.795162,14
c381,-1.8158973,33.945736,3
c387,12.151083,-38.956535,14
p123,34.4953,-29.577707,14
p124,12.548128,-39.759853,14
c390,-3.938262,-28.7867,14
c392,22.486807,-40.0384,14
c401,3.982108,11.237675,14
c405,11.713238,-30.652527,14
c406,-23.716005,-35.75923,2
c407,11.435433,-39.5384,14
c409,-4.051661,-40.693665,3
c415,33.864426,-15.4833145,3
c416,-18.929113,28.597092,2
c420,17.418842,53.823166,12
c422,-5.728216,-8.663822,3
c426,-12.2651415,-24.55142,3
c435,-23.839561,-37.191013,2
c439,33.95072,-24.486279,13
p130,38.247757,-33.606903,14
c443,17.430403,60.439445,12
c450,-8.1600685,-32.409878,3
c467,0.15070972,-18.591928,0
c468,-7.9087014,-32.558037,3
c470,-26.919676,-34.049694,14
c477,35.893597,-27.11709,14
p139,24.26095,-37.954067,14
c482,-12.521819,47.248566,5
c490,-13.649535,46.99075,5
p143,12.952432,-42.869106,14
p145,16.321348,-30.52388,14
p146,3.2634673,-33.770752,6
c497,-4.7237005,21.43717,2
c506,-10.421199,-17.855042,3
c511,-10.252928,-17.882679,3
c530,9.131922,21.856438,2
c533,-4.123674,-39.96453,3
c535,12.309834,-42.492622,3
c546,21.017876,39.201965,1
c548,21.083572,38.985435,5
c550,-13.815217,48.02317,5
c552,-41.160683,30.576935,7
c562,21.692179,39.34667,1
c566,34.123753,15.105109,2
c568,1.0089638,-29.618065,14
c579,40.418755,-28.796402,14
c580,31.995264,-15.625291,14
c583,-4.743377,21.369726,2
c586,-14.166756,46.790054,5
c587,-24.360939,-35.305508,11
c597,-18.980452,28.403997,2
c598,-2.759526,-32.995167,14
c599,-25.22442,-35.61725,11
c604,8.744019,33.135983,5
p158,14.570471,-40.489246,14
p159,-14.704423,47.87984,5
c613,-39.253826,30.60537,2
c615,9.354632,-39.945953,14
c629,2.833833,-15.57614,3
c630,-23.457298,29.29633,5
c643,-25.80602,30.97087,2
c647,15.6032,-22.86254,14
c648,12.822687,-29.21887,14
c650,7.0152674,-37.662167,14
p169,17.219732,-40.83472,14
c665,-28.791311,21.112204,11
c666,-28.838093,21.12362,11
c676,-48.779663,-4.907908,2
c677,21.374775,37.58785,6
c678,-23.909285,-37.276764,2
c684,-48.71281,-4.8805637,2
c688,-18.82533,29.294357,5
p173,-14.134326,47.515392,5
c698,22.679485,-22.022596,13
c701,-20.510683,27.36169,2
p174,-5.669697,-38.407078,3
c705,-18.836487,-32.18963,3
p176,15.659553,-39.614254,14
c715,15.54679,-39.911476,14
c721,21.53972,38.247345,1
c722,-56.05895,-1.4941946,2
c725,-14.696696,55.233063,5
c726,-17.38469,26.87744,2
c727,-3.0292847,-32.540863,14
c732,14.921889,-40.44328,14
c733,18.948492,-21.169312,14
c746,-49.734985,-7.7080026,2
c748,22.528543,38.27799,14
c751,32.14589,-17.224714,13
c752,-16.29171,-20.946407,3
c755,21.92532,38.49779,1
p183,13.2397585,-37.40369,14
c759,-5.7103615,-38.57892,3
c765,-19.452682,28.02523,2
p184,24.797625,38.123783,14
c766,4.482964,-31.011406,3
c769,25.687084,-25.456509,14
c770,23.675909,-26.971869,14
c775,0.59369403,-37.365192,3
p187,-0.122264415,-32.68425,14
c793,11.788721,-41.740223,2
p192,30.968288,-22.310333,14
p193,-14.204363,47.702667,5
c818,22.044104,38.02133,6
c823,-28.614943,-36.226196,2
c828,-17.464457,26.310108,2
c830,-16.54364,54.3772,5
p196,21.506495,38.106827,1
c843,17.235552,36.255848,2
c844,33.130608,-18.181044,14
c845,-23.265526,-34.995975,2
c853,-12.668024,-32.933777,2
c874,8.533192,-42.66807,14
p201,20.757296,36.831573,14
c883,22.348207,-43.100304,14
c884,38.17588,-33.753273,14
c889,37.972298,-33.75096,14
c890,22.94801,39.693466,5
c891,35.01672,-29.707428,14
c895,14.096745,-41.197105,14
c908,2.6496572,-0.38428158,0
c914,-11.150287,-52.91463,3
c920,-34.322556,31.023268,2
c921,10.262027,-40.39905,2
c922,15.418195,-5.584226,14
c926,-20.110569,-35.2049,2
c928,22.011887,37.732555,6
c929,-38.275814,-16.330332,11
c939,-16.91814,50.491673,5
c945,-16.661438,52.573116,5
c946,-1.6613566,-38.750824,3
c952,56.877518,28.635534,6
c957,55.23696,28.10098,6
c958,55.080856,28.161953,6
c963,-22.4406,-31.714396,2
p213,-23.309168,-36.612915,2
c967,55.588955,27.471466,6
c968,-10.924032,-34.7053,3
c981,56.507008,22.71576,6
c991,-14.080382,42.525604,2
c994,21.619213,37.005135,14
c997,-23.811838,-35.84787,2
c999,22.958345,-13.737645,14
c1006,0.46476623,-37.41349,3
c1009,20.65628,-38.0501,14
c1020,40.287605,-8.028907,13
c1035,25.595251,-25.505348,14
c1041,-25.406044,-36.239223,2
c1053,-25.36937,-36.260265,2
p227,16.728205,34.50919,2
c1092,-2.178049,-32.229187,14
c1101,12.787349,-32.398544,14
c1103,10.223819,-39.324963,14
c1104,15.351582,-29.197674,14
c1112,-20.113277,-37.26381,14
c1117,23.125265,-39.266365,14
c1120,-14.543768,46.92773,5
c1124,-0.13720092,-32.636013,14
p238,15.54763,-38.030178,14
c1127,-11.865172,-20.437742,3
c1140,-38.945942,30.872826,2
c1159,11.2448015,-33.54352,14
p244,12.025935,-44.57488,14
c1167,11.97371,-44.53662,14
c1168,20.781765,-36.809925,14
c1169,-26.685875,-39.614414,2
c1176,23.402205,-26.062857,14
c1178,6.9768195,-37.770557,3
c1183,7.329734,-39.24026,14
c1184,-10.068718,-32.239845,2
c1186,-0.008798619,-23.816063,3
c1189,14.258379,-46.27722,3
c1192,6.093917,-28.97633,3
c1198,7.792912,-35.931194,14
c1202,28.518042,-23.99649,14
c1206,17.6868,-36.00422,14
p247,-3.907249,-40.4776,3
c1214,-6.5685363,-32.136982,3
p248,22.489092,38.29283,1
c1219,-2.1035905,-31.934223,3
c1238,-6.5935783,-20.170103,3
c1242,-25.956408,20.171997,0
c1244,26.877068,-20.987568,13
c1250,-35.09675,28.986141,2
p257,14.091923,-22.063995,14
c1260,-17.229769,43.370914,3
c1263,21.868137,38.658463,1
c1265,-14.35682,42.658348,5
c1270,-13.495566,-14.233161,3
c1273,19.451578,-1.7205627,14
p261,8.716173,-26.407892,14
c1280,-30.77301,-26.022192,3
c1281,-18.721556,29.190819,5
c1284,4.8954797,-27.862247,3
c1286,-14.389756,42.550625,3
c1295,14.491606,-41.31528,14
c1298,-16.90729,28.214212,9
c1300,18.056665,-38.806667,3
c1302,18.211685,-38.907448,14
c1304,-41.51625,22.87708,7
c1311,19.91511,-1.4046568,14
p265,16.47687,-38.182236,14
c1318,22.326681,38.590202,1
c1332,8.874022,33.230125,5
c1335,-3.5774446,-1.7184422,0
p268,18.469795,34.773712,9
p269,33.858456,-29.476841,14
c1344,-3.049661,-1.1481054,0
c1345,-18.744514,-34.830746,2
c1366,-2.8437862,-0.9945819,3
c1368,-2.2080333,52.843864,3
c1373,19.78868,-12.712375,14
p271,8.656801,-26.735023,3
c1383,5.928413,-43.182476,3
c1386,-15.720444,-36.4831,2
p272,-1.8651402,-31.938095,14
p273,-14.684808,46.93821,5
c1389,-48.515255,-5.548521,2
c1390,21.004786,-16.674906,2
c1399,-53.9431,-2.9301383,2
c1405,-17.313238,29.007679,5
c1411,-36.662872,-10.482839,11
c1420,-48.135147,-4.9094954,2
c1423,-17.422424,44.83146,5
c1426,29.709166,-29.746145,14
p275,13.2847395,-38.523556,14
c1429,-15.32384,53.915695,5
c1435,23.376738,-26.375328,14
c1439,-1.4259474,-23.780416,3
c1442,-2.9733052,-22.313696,3
c1446,-1.2340065,-23.600874,3
c1449,24.001604,38.99497,1
c1458,-48.036907,22.429127,7
c1471,-1.3772033,-23.732782,14
c1480,-12.283115,-20.752907,3
c1483,-11.73135,46.828278,5
c1488,-27.704151,-43.082718,2
c1495,-5.491602,-55.671227,3
c1497,-30.811745,3.7881215,2
p284,20.883532,38.085384,5
c1499,21.830061,38.97553,5
c1501,15.615723,-42.54418,2
c1512,22.872198,38.56004,5
c1515,15.162326,-10.881402,0
c1516,24.58576,36.08415,14
c1517,11.5714245,-45.129826,3
c1519,10.957423,-33.692104,14
c1520,-3.621169,-45.887463,3
c1524,-45.563072,32.377956,7
c1528,15.731719,-35.191277,14
c1538,16.98746,34.738476,2
c1542,-17.47291,27.644377,2
c1550,2.8838913,-26.712214,9
p290,-34.223797,28.73332,2
c1555,16.68141,-51.583454,9
c1557,14.185182,-43.201923,14
c1560,-21.218681,-34.036304,11
c1561,-30.422846,20.39307,3
c1576,-26.587135,13.262477,3
c1583,-6.5373445,-20.019989,3
p295,21.655193,38.33977,1
c1588,13.328995,22.27896,3
c1589,17.002308,-40.62862,14
c1590,15.429268,-37.29645,14
p298,20.810453,35.151775,3
c1599,20.839115,34.94809,2
c1603,-47.497597,-3.5353148,2
c1604,20.8392,34.735264,3
c1609,-15.946891,29.963453,2
c1612,22.392181,38.242767,6
c1628,-21.935112,42.80955,3
c1634,-23.214676,-33.312035,11
c1642,-43.553654,-22.72984,11
c1646,22.997255,-32.788017,14
c1651,22.230904,37.947926,6
c1657,6.505107,-31.320395,3
c1665,5.4038925,-53.053345,0
c1668,19.786251,18.472492,2
p313,8.50181,-26.619959,14
c1675,20.24362,34.256016,3
c1677,-12.793594,0.25467864,14
p314,-30.95276,-33.445084,11
c1694,-28.520761,-29.470177,11
c1701,-28.131979,22.332829,2
c1702,-3.3063827,-43.937565,3
c1706,5.9932914,-32.274517,3
c1710,-10.186992,-29.190287,3
c1711,-22.986797,27.592955,2
c1717,19.10726,36.014004,2
c1718,-11.014884,-14.885735,3
c1720,-6.682726,-33.892754,14
c1721,-2.3737342,-31.485058,2
c1722,9.220163,7.5961084,0
c1726,0.7027573,-37.444637,3
c1731,0.107552946,-33.48722,14
p322,36.348557,-30.566662,14
c1740,17.030464,-43.676353,14
c1741,-22.84978,-36.0,2
c1742,20.423368,19.390003,1
c1752,15.817216,-25.597403,14
c1753,-23.245481,-36.746113,2
c1757,-46.332355,5.1302185,2
p325,-15.918168,29.85519,3
c1766,27.527863,-23.779757,14
c1771,23.808592,39.572826,3
c1774,11.1979885,-31.566217,3
c1777,6.429911,-32.02401,3
c1782,12.347177,-39.976017,14
c1783,23.693045,-40.17402,14
c1784,-20.670757,-31.507973,13
c1788,-24.213633,-32.43702,2
p331,23.683958,-40.103058,14
c1791,-16.951582,28.31824,2
c1792,-12.5381975,25.080374,14
c1795,4.8189096,-26.50202,3
c1801,3.7084327,-38.16455,3
c1802,3.69517,-52.755047,3
c1818,-5.4923887,-55.67742,3
c1822,-5.4928493,-55.679123,3
c1823,-5.49458,-55.675884,3
c1826,-5.4899445,-55.67297,3
c1829,-25.94945,-39.196636,2
c1830,-5.491728,-55.676075,3
c1849,56.654224,26.855637,6
c1850,-22.570667,-31.526947,11
c1854,-2.9382288,41.343475,15
c1870,30.249231,19.20986,14
c1871,-0.35790876,-21.924303,9
p351,13.001653,-33.907936,14
c1880,-15.254507,-17.136795,3
c1886,-12.676439,47.668064,5
c1895,19.648973,-24.186434,6
c1900,13.40818,30.376293,7
c1907,16.589315,-39.348743,14
c1908,-17.23344,-27.334217,2
c1909,-12.574083,47.450638,5
c1910,13.415151,30.346441,2
p356,13.423504,-39.805176,14
c1917,-11.317422,-31.42189,3
c1919,33.043854,-27.285555,13
c1921,13.303747,-33.71693,14
c1923,11.11834,-33.73629,14
c1930,32.09548,19.401224,13
c1932,-52.66674,5.716952,2
c1933,20.04221,37.50327,2
c1935,-50.54189,3.7816832,9
c1936,-4.613836,-35.85869,14
c1937,-28.532505,-33.039387,2
c1940,-13.902748,47.31657,5
c1942,-13.412161,-13.836349,3
c1944,17.528648,18.46206,11
c1950,-50.265945,3.6984303,9
c1956,6.84042,-38.056065,3
p364,12.270282,-42.588108,14
c1961,45.19039,-20.291649,14
c1968,20.248867,37.629616,2
c1976,18.952728,33.686527,14
p367,4.825641,-36.741283,3
c1979,-6.4127045,-31.059246,3
c1980,28.13024,-56.671997,14
c1981,-11.645568,-35.062717,3
c1984,5.497312,-48.409996,3
p369,-30.61898,-30.25474,11
p370,42.193604,16.022139,10
p373,12.520188,-39.046158,14
p375,-20.116776,-24.47285,11
c2010,-18.007545,52.526817,5
c2017,-13.453452,44.91802,5
c2018,31.848413,36.3229,1
c2020,-11.238602,-31.4218,3
p379,-10.537504,-31.551067,3
p380,14.651279,-40.708298,14
c2026,32.45805,-58.467064,3
c2029,-44.18837,-14.53555,11
c2031,30.165504,-16.76813,13
c2032,-25.284195,-40.850887,2
c2037,-16.804918,28.201637,13
c2043,-15.967679,52.536423,5
c2048,-10.85774,-13.296805,3
c2052,-24.025278,-28.214645,2
c2057,-48.406925,-5.320684,2
c2069,-31.419046,30.552773,2
c2070,-16.086443,-35.11181,2
c2073,28.851805,-20.969936,13
c2088,-31.01646,-26.749338,11
p385,-23.379791,-37.485596,2
c2093,-51.200867,4.708908,2
c2096,-16.90118,29.014458,3
p386,-30.162725,-30.532085,11
p389,-17.887144,-20.956831,3
c2112,-19.832323,27.706772,2
p390,-2.1313217,-32.126106,14
c2116,-2.709742,-39.976513,3
c2125,-22.51477,-36.308594,2
c2127,-21.246119,-27.67063,3
c2128,-22.061775,-28.795845,11
c2129,-46.796345,-3.8799446,2
c2137,0.5098038,-27.406631,3
c2139,22.149921,-35.12395,14
c2143,19.258402,-10.318347,3
c2145,-24.665588,-25.239338,11
c2147,-9.821616,31.32554,0
c2148,-15.483153,26.696428,9
c2159,26.107317,-35.343815,14
c2160,-17.700321,52.67705,5
c2166,50.991386,-4.509687,15
p396,63.58255,10.803086,8
c2187,-22.899446,-35.22603,2
c2190,-41.75099,-12.644073,3
c2192,-27.045143,-22.250624,11
c2197,-21.780367,-34.638718,3
c2198,-5.3920684,32.410706,15
c2200,56.062553,28.46883,6
c2202,56.739513,28.500021,6
p400,-18.814257,-39.09691,14
c2214,-14.491617,-33.52657,2
c2228,-1.5844522,2.1318724,0
c2230,28.497068,-20.856194,2
c2241,-18.852999,-31.963345,3
c2242,6.0571423,22.732855,11
c2249,8.152362,-26.653408,3
p404,-15.794737,-39.85239,14
c2252,12.328295,-31.488733,14
c2256,-29.273312,22.144579,2
c2264,-16.211267,50.269547,5
c2269,6.0270367,-44.865547,14
c2274,-8.00536,-32.536903,3
c2278,-26.330694,19.994959,3
c2289,-53.729664,25.26822,7
c2290,13.075497,-26.250992,14
c2302,26.168734,35.429787,10
c2304,-22.199606,-36.76099,14
c2307,17.217342,-38.14894,14
c2308,13.060324,-25.62592,14
c2314,-20.86021,-36.533295,14
p414,12.486592,-39.78022,14
c2325,-28.137907,-31.666979,2
c2327,-27.811253,-31.495333,2
c2335,-34.799507,-38.71411,2
c2337,-13.958556,48.59833,5
c2342,18.93294,-21.181757,2
c2346,-21.159496,-35.11838,11
c2351,7.738495,-34.5887,3
c2352,-15.595183,-23.412397,3
c2359,4.7739277,-28.0023,3
c2360,18.021152,-41.037003,14
c2361,19.889277,1.0174129,13
c2385,-22.729954,-23.531733,3
c2388,-28.018204,-32.83038,2
c2391,-46.55384,0.3821674,3
c2397,28.028416,-56.639175,14
c2398,21.469276,-17.67598,14
c2406,-27.284267,-28.408482,11
c2408,-1.2559355,-33.77237,3
c2411,19.909506,0.9966571,5
c2412,7.9406843,-36.198257,3
p424,38.134148,-28.212822,14
c2413,-3.3622663,-38.790047,3
c2416,-11.280911,-34.727303,3
c2417,-5.193288,-40.79531,3
c2422,-23.57258,26.612074,2
c2429,-1.9524795,-7.5376287,3
p426,-19.1897,27.526426,2
c2433,-42.36872,28.519037,2
c2436,56.655235,28.797928,6
c2440,6.087051,22.805399,11
c2442,36.12599,4.534487,13
c2444,-45.08776,27.086086,7
c2447,-46.20205,-4.114951,11
c2450,-12.373194,-30.723701,3
c2454,7.6408434,-34.698074,3
c2455,-18.909359,28.723524,2
c2458,19.161844,-34.167545,14
c2459,4.5084915,-17.084461,4
c2463,23.948235,-38.169735,14
p428,12.67281,-41.628162,14
c2478,19.727715,-41.92369,3
c2483,3.2892494,-48.379047,3
c2487,-26.062286,-39.42077,2
c2490,19.895985,0.51601326,5
c2493,22.338985,-30.174314,14
c2494,47.954823,6.3999233,14
c2498,7.68336,-34.670326,3
c2508,-21.79128,30.329811,13
c2512,-40.35074,-22.358381,11
c2525,-4.1382666,-27.741728,3
c2526,-5.913653,-27.483934,3
c2530,-6.3210864,-23.455706,3
c2535,31.652594,-7.278109,13
p432,-28.260294,-28.277908,11
c2540,-27.836445,-27.850155,11
c2542,-13.779799,47.159233,5
c2550,-22.708086,-27.378641,3
p434,12.600239,-31.85099,3
p435,19.351912,-47.525223,3
p438,-24.83548,-38.09572,14
c2557,-28.067759,-25.457668,11
c2558,-28.593462,-27.722168,11
c2568,-5.48667,-55.671497,3
c2577,12.1581335,-44.11753,14
c2587,-16.56355,53.21635,5
c2593,18.166643,-27.36122,14
c2608,23.04767,37.33036,9
c2612,-44.602585,12.781938,7
p447,27.667873,-27.280401,14
c2613,-48.83827,-3.7343106,2
c2615,21.274933,39.79319,5
c2618,-3.3665,24.921246,3
c2619,-28.541578,-32.689133,2
c2620,-27.734728,-36.17669,2
c2621,-17.311953,40.46117,0
c2623,-3.4524775,0.8634605,3
c2626,-29.938332,-29.045872,11
c2627,25.407463,-15.84397,14
c2630,-2.0599315,48.679493,9
c2635,-27.77272,-36.093555,2
c2639,-13.945083,42.570896,15
c2649,-16.027222,-38.8423,14
p450,16.241194,-25.26958,14
c2652,-41.322548,12.945861,12
c2670,-14.137776,-19.398697,11
p453,13.152004,-29.767769,14
c2685,32.84733,-22.720858,14
c2686,-15.613684,10.6661215,3
p457,18.105251,61.251957,12
c2688,17.384718,-4.611041,17
c2689,-9.799545,-38.261215,3
c2690,12.212092,-13.641647,14
c2697,-24.44219,-22.611973,11
c2706,12.621575,-32.157146,14
c2714,-41.45401,-9.462631,11
c2721,17.77946,61.469032,12
c2731,10.171518,-38.085438,3
c2733,-24.286394,3.8242688,9
c2735,20.375065,-9.198945,11
c2737,-50.408363,22.148527,7
c2738,-30.07978,-11.307004,11
c2746,12.914264,-38.918602,14
c2750,10.674115,-28.359694,3
p462,23.507902,-13.987246,11
c2760,3.238723,-55.80134,11
c2766,-54.739944,18.531265,7
c2768,34.12546,-5.319883,13
c2769,-28.089327,-38.87211,2
c2771,-19.942333,-19.932405,11
c2780,-25.109009,16.320763,13
p466,18.792871,34.92669,14
c2784,-26.695364,26.927528,2
c2788,4.813522,-40.572067,3
c2790,-19.828608,-20.090586,11
c2791,-16.079685,49.279976,5
p468,-13.167794,4.418721,9
p469,37.389336,-28.294239,14
c2801,-14.494213,5.777321,9
c2806,55.528824,27.309639,6
c2808,19.201773,27.771439,2
c2810,-58.59452,22.32383,7
c2814,-20.844591,43.064198,2
p471,29.286064,-28.392166,14
c2820,-22.406364,-23.216702,11
c2848,-11.875075,-14.763514,3
c2850,-46.527256,-0.028378112,3
c2853,-36.91471,-26.572319,11
c2854,-16.964535,52.456013,5
c2863,-53.349384,3.0296638,2
c2869,-12.292398,-16.723022,3
c2870,-48.056973,0.39546755,3
c2874,-45.92356,-3.6771946,11
c2885,-25.496054,-27.060848,11
c2889,-4.839526,-43.38038,3
c2893,13.362983,-31.397064,3
c2895,14.002974,32.78587,5
c2899,-25.109562,-34.970367,11
c2910,6.6569753,-48.808556,14
c2911,-8.2738085,-1.3252566,0
c2915,-9.572247,-0.26498106,9
p478,13.16147,-39.631733,14
c2933,4.5015655,-28.844765,3
c2934,8.24434,-21.254286,14
c2947,-17.49394,48.511986,5
p483,-28.285227,22.189247,2
c2962,4.360674,25.139275,2
c2968,-28.210268,22.235931,3
c2973,55.42844,28.837687,6
c2974,56.318203,28.339138,6
p485,16.7126,-39.469433,14
p488,16.349817,-31.405258,14
c2987,-16.972609,-38.53038,14
c2989,4.9204435,-31.293053,3
p490,19.910465,0.85578614,14
c2993,-20.890833,-36.37977,14
c2996,-12.951349,46.995583,5
c3002,17.006811,-2.293859,14
c3011,-21.50023,-34.243088,3
c3013,15.01183,-42.33052,14
c3017,-14.858144,49.70275,5
c3023,-16.026974,-23.302923,3
c3029,10.452857,-25.782568,14
c3049,-7.956945,-31.941458,3
c3053,19.567156,-0.3766213,5
c3065,33.96057,-23.150171,14
c3072,-28.780653,-4.43652,9
c3079,10.856069,-28.028486,14
p505,35.401443,-22.58227,14
c3083,16.865242,-42.031357,14
c3087,-26.785978,-24.420832,11
c3094,-12.158495,49.473938,5
c3099,-21.095268,28.428883,2
c3100,-12.544306,-29.544645,2
c3103,0.058515836,-47.381336,3
c3112,23.000534,-4.603241,13
c3113,-6.6810036,23.249458,2
c3114,-24.53663,-22.947105,11
c3116,-16.03134,1.2215738,9
c3130,20.358166,-36.468803,14
c3144,27.607956,-27.194696,14
c3148,-2.605478,-37.31695,3
c3153,-13.1669,27.056362,2
c3163,-11.7883,3.8231804,9
c3170,11.586999,-27.57674,14
c3177,13.427603,57.754543,0
c3182,-12.176106,0.99495095,9
c3187,-21.742134,-34.40253,3
c3194,20.858702,-36.38184,14
c3199,-27.573137,-28.31296,11
c3204,-8.8333645,-33.586967,3
c3212,-54.39483,4.9914064,2
c3220,12.788351,-42.687828,14
c3225,9.060867,33.433006,2
c3226,28.744019,-6.35394,13
c3227,-27.372662,-24.820274,11
p523,-19.482538,-24.296059,11
c3239,-18.230915,13.324472,9
c3240,-10.391527,25.173714,13
p524,-1.2548434,-9.628299,3
c3259,-15.749802,29.989935,3
c3260,-22.172085,-36.017315,14
c3271,-38.778202,-27.212812,11
c3276,-28.380102,22.331347,0
p528,16.992958,-38.04503,14
c3279,-26.286253,-22.127745,3
c3287,13.811523,-36.65531,14
c3289,-0.6708931,-25.724699,3
c3294,-3.121653,-28.165419,3
c3300,21.84242,-39.968216,14
c3301,29.714098,-24.396603,14
c3303,23.491928,-24.775002,14
c3307,0.07358582,-29.761839,14
c3309,-28.683098,-26.408752,11
c3311,8.506337,21.592802,2
c3315,4.215928,-43.80824,3
c3321,-22.950981,-35.295784,2
p535,-29.023266,-30.7738,11
c3323,21.934809,36.090893,1
c3328,-38.92505,30.842321,2
c3341,34.42002,-7.484064,13
c3348,0.064985245,-24.268045,3
c3349,-8.747714,-9.631219,3
c3350,5.328565,-25.820688,3
c3352,-10.352862,25.151201,9
c3354,-26.479244,-23.801624,11
c3356,-28.089441,-28.151749,11
c3357,-33.12452,27.583149,2
c3369,-29.108686,-30.566965,11
c3373,39.042065,-6.2497697,13
c3381,-27.376135,-28.395845,11
c3386,1.800107,12.99888,0
c3396,-29.41905,-27.25765,11
c3399,-16.062742,-19.628689,3
c3402,-6.38731,-17.261124,3
c3404,21.074802,34.293125,3
c3408,-9.697046,-31.06634,3
c3412,-18.40738,26.2184,2
p542,32.12214,-8.294487,13
c3415,32.046852,-8.407645,13
c3416,21.656786,36.548904,1
c3420,32.25896,-16.228893,13
c3423,-26.014854,23.509085,2
c3424,-26.528246,31.724974,2
p545,4.64285,-36.848534,3
c3435,34.48499,-26.855757,14
c3436,19.221254,37.65799,0
c3438,20.679865,33.58045,3
c3440,-18.503632,9.617921,9
c3441,-20.774364,-33.884964,14
c3455,22.18654,34.133694,11
c3457,19.063335,34.07492,14
c3458,-19.64697,-21.206305,11
c3460,-32.4174,-13.738845,11
c3462,-18.475409,26.32651,2
c3463,13.866662,-36.63555,14
p551,16.594145,-39.378613,14
c3466,26.517,-21.624275,14
c3469,25.97407,-9.953405,11
c3474,20.438059,36.528927,2
c3475,23.275814,-26.991646,14
p552,14.935815,-29.450012,14
c3478,29.237545,-28.437414,14
p553,8.349678,-26.50747,3
c3484,3.452891,-1.0667781,0
c3486,-32.623413,-16.375965,11
c3488,16.59017,62.041473,12
c3491,10.904581,-36.961864,14
c3492,15.389535,64.77165,12
c3505,32.93942,-20.269222,13
c3510,-19.638226,-21.362947,3
c3511,-15.946347,25.421541,3
c3515,8.477409,-26.143053,9
c3528,-17.298685,-11.431917,11
c3542,-4.864215,-30.275604,3
p558,15.583613,-38.037094,14
c3556,26.349714,-31.747059,14
p559,19.52637,-33.322216,14
c3569,-30.086273,-25.643795,11
c3571,-2.3172185,33.48971,3
c3582,21.317253,36.61674,15
c3592,56.000168,28.762596,6
c3595,-0.71230435,-33.61072,14
c3598,14.1083355,-27.870316,14
c3599,20.1614,-20.28073,14
c3605,-47.32741,-4.891078,2
c3609,21.506197,36.800865,1
c3612,26.352509,-31.6861,3
p564,21.431158,36.590446,14
c3615,-20.976372,29.395905,2
c3619,7.80099,-24.720371,3
p565,33.51216,31.47082,14
c3623,18.077522,16.600533,3
c3626,33.494522,31.453098,10
c3633,-14.608426,-15.064048,3
c3639,-26.654255,-20.829596,0
c3644,46.274822,-3.0931423,13
c3658,-44.66487,-3.7196991,11
c3660,-33.555332,-17.539299,11
c3664,-18.680548,26.57708,2
c3668,-22.993225,-27.73193,3
c3670,-10.111439,-34.828323,3
c3674,-14.248634,45.68413,5
p572,13.595118,-30.903032,14
c3678,16.86476,61.295525,12
c3682,-19.536425,-20.847754,3
c3683,-19.658365,-21.008284,3
p575,-24.811878,-35.642757,11
c3692,20.04156,-20.216417,2
c3698,-14.498829,17.638645,9
c3700,0.09041712,2.3503664,0
c3706,-21.302881,-37.693394,2
c3710,35.90988,-9.34079,13
c3714,-11.238581,26.74898,9
c3720,25.182806,-23.582977,14
c3725,15.298667,-27.322744,14
c3731,6.849268,-3.83092,0
c3733,-20.272121,-21.560167,3
c3734,14.865663,-26.15992,14
p578,20.219471,-30.651236,14
c3742,32.769188,-8.010727,13
c3747,-25.737906,21.310501,3
c3758,19.498022,-31.0385,14
c3759,-16.775196,53.6004,5
c3764,19.47671,-31.064096,14
c3767,9.0624895,-24.180414,0
c3769,14.029281,-26.189892,9
c3776,-8.250503,-8.217179,3
c3778,-11.548782,3.9689033,9
c3780,0.16993338,-29.814827,14
c3781,7.778944,-24.468594,3
c3785,10.141431,-33.275524,9
c3791,19.790703,-30.937647,14
c3807,13.790604,-23.985786,14
c3811,20.856358,-30.905167,14
c3816,18.813856,-25.077335,3
c3820,10.094935,-18.878529,0
c3822,28.35521,-24.464703,14
c3827,-18.240404,-4.2367377,9
c3832,-15.81438,45.859173,5
c3835,51.152138,-7.286012,15
c3845,26.949621,-17.92251,13
c3849,-14.307256,45.511475,11
c3856,-10.735134,-12.198832,3
c3858,-15.228347,-16.357494,3
p587,-15.792728,26.146616,3
p588,17.320343,-29.256498,14
c3869,55.63178,28.677135,6
p589,13.496141,-29.31813,14
c3877,-48.308613,0.14646648,2
c3886,-6.3345137,31.169003,11
c3889,14.0062,32.788845,11
c3891,1.6735519,25.686504,15
c3892,-0.7312617,19.84946,3
c3895,13.508017,-28.679283,9
p594,-2.7829452,-41.796814,3
p595,1.8054439,13.182383,0
c3899,-12.011741,4.712236,9
c3901,-3.6895125,-27.540546,9
c3905,7.7543445,24.540482,11
c3906,-6.7924547,31.618853,15
c3908,-2.4922826,-4.919019,11
c3912,-53.773777,13.896382,7
c3920,22.419504,37.649406,1
c3933,10.70738,-25.668621,3
c3934,-23.191319,-38.288593,14
c3937,-13.248724,46.944763,5
c3941,1.9630344,-27.960041,3
c3943,-12.34197,-22.641453,3
c3945,13.052621,-30.750868,14
c3946,20.71059,-13.445015,14
c3953,6.172919,26.458803,15
c3954,29.75225,9.130366,13
c3958,26.111925,-22.0787,13
c3961,-10.824791,-10.181357,3
p602,1.4995983,-28.952099,14
c3968,35.62893,-0.8230393,13
c3972,17.448042,53.738304,9
p605,11.974261,-37.39767,14
c3984,18.322023,-43.73647,14
c3989,-18.647635,28.586853,2
c3992,-18.4906,28.60264,2
c3994,16.793882,23.917194,15
c3998,9.809798,-26.967546,9
c4000,-1.5398445,29.371363,11
c4002,16.326347,-29.90816,14
c4013,-11.0562935,-22.901304,3
c4019,-16.109753,-35.795437,14
p609,-11.835568,24.22222,3
c4029,-15.292393,-40.792965,14
c4030,-1.1074401,-6.843647,3
c4032,1.4990715,-29.108704,14
c4034,-17.399714,26.421692,3
c4038,-49.021324,23.861258,7
c4040,1.9493798,-27.93737,14
c4047,-19.70692,-36.913864,14
c4048,9.673534,-23.672752,9
c4057,8.2993,-24.238749,14
c4059,20.548706,-30.713564,14
c4069,-13.413579,8.035239,9
c4079,28.68254,-32.789936,14
c4080,12.345145,-29.464996,14
c4083,-3.6731462,-31.973587,3
c4086,13.6884165,21.517141,0
c4094,16.385946,14.140329,13
c4096,-49.97055,22.835495,7
c4099,-8.299151,20.269815,2
c4103,-36.852848,-21.89115,11
c4110,27.202452,18.03262,13
c4113,-17.524649,30.151836,2
c4123,-16.993362,16.807796,3
c4127,42.960583,-22.66706,14
c4131,22.270037,27.76429,15
c4133,37.60025,-2.244027,13
p620,27.434855,-25.316103,14
c4144,-15.781944,50.442566,5
c4148,18.530588,13.782404,13
c4152,-16.971573,53.897648,5
c4153,-27.422398,-30.903818,11
c4156,30.264315,-13.760465,13
c4159,24.72384,4.7190523,9
c4160,14.550497,-4.6058254,0
c4162,34.341896,15.062257,14
c4171,0.53221035,-24.127407,3
c4178,-16.7438,46.26143,3
c4181,-8.77724,-13.86241,3
c4190,-34.504383,-16.246529,11
c4191,-32.33979,-15.202932,11
c4206,-1.5414789,18.127857,2
c4210,-22.72064,4.5981884,9
c4213,-12.608898,27.35824,2
p625,-14.958534,25.85875,3
c4218,30.513258,-14.365753,13
c4227,-7.4619856,-8.804244,3
c4246,23.457209,41.30017,1
c4255,20.92505,-2.5911489,9
c4259,14.869741,34.04686,1
c4263,15.60634,-40.065926,2
c4264,-37.61272,25.398058,2
c4265,5.1136103,24.66358,2
c4266,-10.773107,-21.987385,3
c4276,16.425661,17.389555,3
c4278,12.151469,-18.995758,14
c4280,8.509513,-4.5768285,0
c4291,16.218285,-26.336214,14
c4292,24.755047,24.885828,15
c4295,43.495934,-22.329784,14
c4308,-11.076089,-22.880764,3
c4309,-2.8323536,-0.99585223,0
c4315,55.01389,27.791513,6
c4316,56.09676,28.351341,6
c4317,55.675842,28.420698,6
c4319,56.161766,26.694677,6
c4330,9.26995,9.954898,0
c4344,-25.978836,-17.649467,11
c4354,13.337822,23.252659,3
c4358,-11.988647,3.8390598,9
c4359,-28.263504,-32.389225,11
p635,4.9829397,-46.77185,3
c4361,13.676932,22.143915,13
c4381,11.555607,-0.53753436,0
c4382,31.4551,-22.798878,14
c4386,22.79508,35.69399,1
c4389,20.714237,-30.013926,14
c4390,24.17178,31.33591,2
c4391,28.35438,-40.792164,14
c4392,11.254353,-26.750607,3
c4396,-15.430435,45.3762,5
c4397,-27.244375,-29.045763,11
c4403,7.8818445,-24.696661,3
c4407,14.963278,-34.366722,14
p637,-0.7584192,-49.66055,3
c4422,10.851191,-37.53371,14
c4424,-0.65393656,-16.726124,3
c4425,-19.06963,-32.04431,2
c4427,-16.661972,45.04285,5
c4428,-2.2839403,-28.066574,3
c4434,27.213184,-5.242648,11
c4436,-10.893454,-9.321549,0
c4439,-25.587658,-6.2002087,11
c4447,-9.354972,-28.042091,3
c4452,17.882576,16.587406,13
c4454,14.856465,-26.071114,14
c4471,29.608679,-21.55663,14
c4486,-8.617996,-0.30643106,9
p645,-34.396324,-16.467268,11
p647,12.964471,58.934765,12
c4499,17.035694,62.252346,12
c4509,14.5484295,61.79479,12
c4510,2.3291192,-9.928087,0
c4528,1.2018113,-30.826874,14
c4541,-30.187885,-28.899982,11
c4560,13.917575,32.683178,11
c4562,28.492842,-22.448866,14
c4567,24.707966,-24.832256,14
c4572,-2.0055306,-27.008764,3
p652,4.4219604,-29.146376,14
c4576,6.714152,21.012787,14
c4577,3.907214,-28.067587,3
c4582,-2.012336,-27.01612,3
p654,5.580847,-40.82098,3
c4584,20.778976,-40.38713,14
c4589,-28.742401,-34.1058,2
c4590,13.071346,-26.659597,14
c4592,37.67017,-2.0543544,13
c4593,33.69354,-29.118652,14
c4596,-14.106681,-28.545033,3
c4597,23.772398,-35.0328,14
p657,-30.636948,-27.974154,11
c4601,-9.218415,43.437088,3
c4607,-26.119358,-20.209871,11
c4612,-56.78107,17.737885,7
p658,55.73231,28.720043,6
c4615,56.0898,28.530077,6
c4620,-29.004133,-32.391613,2
c4622,-28.603176,-33.67888,2
c4632,3.470358,36.323395,14
c4637,-35.371437,-23.927473,11
c4639,-25.906336,-26.47059,11
c4645,-28.968756,-34.752495,2
c4650,5.093181,38.165466,15
c4651,28.174158,-9.121744,13
c4652,5.1918445,28.493486,15
c4656,-3.5952048,-7.093136,3
p662,44.87665,-21.666313,14
c4665,-29.216066,-32.26085,11
c4679,-28.006348,-26.183508,11
c4680,-5.3371973,-38.90495,3
c4683,19.315712,-42.084824,14
c4685,-20.512081,-24.322357,3
c4695,2.606445,-18.361301,0
c4701,-55.587128,-1.1884273,2
c4712,4.1599665,-45.531193,3
p666,12.003329,-29.545403,3
c4722,-33.766205,32.981033,2
c4727,29.233702,-17.293245,14
c4729,-20.668892,-13.716199,0
c4732,-33.730427,32.898346,2
p669,-3.1918874,-35.01551,3
c4757,-31.063574,-33.590427,2
c4760,-26.389791,-38.781242,2
c4767,21.412582,-27.952955,14
c4768,-12.073781,49.189827,5
c4771,37.62074,-10.620432,13
c4777,21.934761,15.546884,3
c4778,-57.771824,19.435017,7
c4783,-24.669806,-25.9889,11
c4797,-54.520294,14.880127,7
p673,14.008884,-44.921864,14
c4802,-7.4860406,29.472155,3
c4805,-13.429339,12.619886,9
c4812,16.507706,-15.682265,13
c4816,-12.278809,49.04934,5
c4817,-29.467007,-13.48046,11
c4818,-45.924873,6.399993,11
c4819,-26.339699,-34.517666,11
c4827,-34.171684,25.988035,2
p677,39.951694,-25.996288,14
c4841,-13.135861,8.968536,9
c4843,-14.756694,-11.460292,3
c4844,-16.038895,-41.40525,9
c4846,6.2924933,-38.47039,3
p678,-1.3532499,1.5755618,0
c4855,-1.0051861,1.3926642,0
c4856,-17.588621,44.812706,5
c4857,-13.009971,8.654186,9
c4860,8.308554,20.080307,2
c4866,15.996147,-32.164284,14
c4868,19.16832,32.610725,14
p681,-22.76994,-36.66847,2
c4884,-14.01536,49.02092,5
c4896,-8.556688,-4.356564,9
c4898,-47.21564,-3.6165757,2
c4903,-28.14735,-23.433367,11
c4908,-22.254608,23.98531,9
c4909,9.441907,-36.382317,14
c4915,36.15707,2.722608,13
c4916,-58.013046,22.955467,7
c4922,-11.980445,27.111322,3
c4924,20.798803,23.805807,13
c4925,29.80056,9.081572,13
c4926,23.06988,6.907621,13
c4930,-11.817603,-21.070236,3
c4934,34.823513,0.8242456,13
p682,-29.261204,-24.967506,11
c4940,-16.982397,9.802565,9
c4944,-20.998268,-22.4444,3
c4952,23.624527,-37.011864,14
c4955,17.455194,53.75292,12
c4957,-13.855872,12.25739,9
c4961,-27.018595,-4.703244,11
c4972,14.5178995,-25.949387,14
c4976,-12.20775,27.224947,1
p684,23.004473,-26.624807,14
c4984,-15.346652,25.99944,3
c4989,-7.058281,29.91937,3
c4999,-30.26064,-31.1774,11
c5000,19.853842,-0.4141918,14
c5007,-24.169533,5.0801716,9
c5009,-15.887366,25.418503,3
c5011,-8.3501425,-8.384347,3
c5012,-5.8157406,1.9221512,0
c5014,-7.110982,-10.488419,3
c5018,-9.447291,-28.110647,11
c5024,-27.561829,29.889797,2
c5030,-44.270256,32.895935,13
p694,1.8711249,-39.669933,3
c5037,-5.658091,-8.253051,14
p695,17.448952,-34.449505,14
c5042,19.252851,36.558395,6
c5045,-13.93781,-17.665407,3
c5048,28.259037,-10.397417,13
c5051,-17.570988,-21.87855,11
c5058,-12.337947,-43.28494,2
c5061,20.85881,-30.551971,14
c5081,2.0170345,-25.898167,7
c5088,-13.79281,-17.850964,3
c5095,-13.04,-30.967037,3
c5097,-16.928823,-38.442368,14
c5100,3.343197,1.2935387,0
c5101,-12.894563,-22.213198,3
c5105,41.845333,-30.1964,14
c5109,1.0354539,3.974767,0
c5115,-20.176432,-26.615084,3
c5117,14.659444,-26.399046,14
p704,-23.461275,-38.27827,2
c5132,7.266799,-45.826195,3
c5141,-13.227995,-30.667444,3
c5147,-12.474744,-22.167747,3
c5148,13.421942,-33.323288,14
c5149,7.6173134,-47.370422,3
c5154,-44.06491,-0.29529637,3
c5155,7.416022,-27.631737,3
c5159,20.251686,-30.679783,14
c5161,-10.941336,-12.971188,3
c5164,-30.989962,-24.273266,11
c5172,24.382225,25.226942,15
c5176,5.4767537,-37.52008,3
c5181,16.474813,34.405727,2
c5190,-7.2155256,-10.410725,3
c5195,26.2084,-23.871977,13
c5196,-13.359658,27.044476,2
c5197,6.18989,-39.176525,14
c5202,-38.136124,30.237154,7
c5210,33.167435,14.646214,13
c5211,-30.987568,-24.171501,11
c5219,-17.309425,-5.0087867,9
c5227,57.108906,27.948524,6
c5235,19.611486,-26.264145,14
c5238,-5.537768,-12.503775,9
p711,-15.929854,-17.059294,3
c5248,10.68373,-12.037767,0
c5250,4.3629208,-25.01701,3
c5256,13.856974,-29.799345,14
c5259,-56.54898,19.34756,7
c5262,16.68906,-36.77712,14
c5263,-1.4979815,-33.852333,3
c5268,-0.557962,-13.608407,0
c5284,31.035734,-4.9928174,13
c5287,-20.301363,-15.555692,11
c5294,-2.008855,34.077682,3
c5295,-0.6223591,53.79729,5
c5297,-13.503248,-34.380554,14
c5299,-13.456574,-34.399998,14
p716,36.06188,-24.798866,14
c5301,-34.50671,-29.898096,11
c5315,-13.735946,2.4189568,9
p718,14.987497,-30.4795,9
c5320,52.04558,-5.7207026,13
c5324,37.37566,-7.409875,13
c5325,15.423654,-30.751223,9
c5334,-2.326745,-28.131786,3
c5335,-1.6769392,-27.398762,3
c5336,-56.780415,19.544533,7
c5342,42.647255,-15.76175,14
c5352,15.498082,7.9917502,3
c5353,19.185158,15.111256,3
c5358,10.601629,-38.28369,3
c5359,-10.885218,-4.5842156,9
c5364,-6.668533,-8.869553,0
c5366,-9.453062,-28.026157,11
p720,35.79555,-3.0427282,13
p721,16.18306,-25.246895,14
c5369,8.082897,-32.04257,3
c5370,-57.818584,16.517046,0
c5389,7.554972,-22.551706,9
c5394,-11.804075,25.006056,9
c5404,34.22338,-6.241932,13
c5408,8.405009,-51.948593,3
c5409,9.477567,-3.8007503,0
c5417,-44.523758,-16.153692,3
p724,5.717615,-46.079056,3
c5427,-1.8167074,-43.632095,3
c5432,8.776737,0.3085649,0
c5439,3.5741892,-47.68669,3
c5442,-28.479979,-37.21376,2
c5456,12.453083,-47.89534,14
c5458,-12.932843,26.126257,2
c5459,20.018578,-26.051964,14
c5460,11.025564,-44.418125,3
c5467,-8.469149,-26.45191,3
c5471,52.0111,-5.6918025,14
p730,23.128561,-27.247747,14
c5478,5.6205187,-18.989525,14
c5481,23.223217,-27.152527,14
p732,-5.591498,27.12708,2
c5492,-17.76779,12.880076,9
p734,-24.038055,-25.374952,11
c5498,14.874344,60.72531,12
c5499,13.090034,62.03419,12
c5507,16.47718,61.84945,12
c5520,-32.332153,-40.626358,11
c5524,6.3697166,-42.162674,3
c5526,-17.480244,-4.074533,3
c5527,23.193035,-27.32477,14
c5540,-11.60119,13.614933,9
c5546,-59.24539,17.864761,7
c5549,-15.175408,0.3747164,9
c5561,-26.308538,19.970367,0
c5565,44.95825,-21.809172,14
c5566,51.892937,-6.1884336,13
c5570,-57.45244,16.840229,9
c5572,-8.555813,-17.02832,3
c5573,-8.802343,-17.042212,3
c5582,-24.674335,-38.265358,2
c5585,8.088804,-32.062706,9
c5588,4.2396812,24.809381,13
c5589,-23.359787,-26.866806,11
c5591,-59.387074,23.189947,7
c5592,19.434845,-26.264044,14
c5595,-14.62698,-38.160084,3
c5599,-27.850616,-29.282347,11
c5604,-17.95416,-14.080468,0
c5607,5.9224753,25.491663,15
c5610,4.446519,28.032166,15
c5618,-30.08959,-32.92811,2
c5625,30.636835,-15.549378,13
c5626,19.669561,-41.25588,14
c5631,33.680416,-21.00094,14
c5632,25.381939,-37.38053,14
p747,-20.617414,-28.819878,3
c5636,-21.00036,-25.564352,3
p748,55.93844,28.61495,6
c5647,-3.2717884,-19.523237,3
c5652,-31.203674,-30.179941,11
c5668,32.043274,-13.405872,13
c5676,-35.334072,-24.157476,11
c5683,4.1615095,28.05884,15
c5688,-19.73394,9.183292,9
c5690,23.080923,-27.49364,15
c5695,1.2293857,27.194088,15
c5696,21.601593,15.467724,13
p752,-13.9052105,20.099295,12
c5704,1.0704483,-22.10174,11
c5706,-29.170155,-24.805758,11
p754,7.8309507,-7.4994955,0
c5731,7.647901,-10.361758,13
c5732,-32.61459,24.38072,2
c5744,9.941907,-38.409992,14
c5751,6.795046,-42.503826,3
p760,6.2417655,-36.8624,14
c5756,5.827987,-37.372814,3
c5762,6.719159,-44.29321,3
c5767,18.871523,-30.021212,14
c5772,1.8503553,-46.894493,3
p761,9.394548,17.89575,0
c5784,20.157206,0.2749088,9
c5790,-14.691865,13.347219,9
c5792,-32.26487,-20.565128,11
c5793,-37.074257,-31.291365,11
c5796,6.38773,35.273945,3
c5802,-26.938684,-26.695166,11
c5803,16.315584,-25.097443,14
c5808,-4.8230133,-41.588413,3
c5809,-31.220633,-30.898876,11
p762,-23.659813,-25.245508,11
c5818,-23.243443,-25.659218,11
c5821,-44.95298,20.855518,7
p764,-17.65324,-22.269896,11
c5825,-15.67597,-34.7104,2
c5827,-16.96022,18.151031,9
c5829,-20.500694,25.692442,3
c5831,-28.518215,-27.812855,11
p766,-4.4686213,-27.96082,3
c5848,-0.76261556,-25.89318,9
c5863,-5.5974565,1.8759325,0
c5866,-17.485014,51.053486,5
c5869,-12.898171,27.33168,2
c5883,-54.04209,26.099691,7
c5888,-17.097345,18.389414,2
c5889,-27.658049,-27.355219,11
c5894,-29.159817,-31.426443,2
c5900,14.609613,34.15504,1
c5906,-16.4665,29.078533,3
c5914,-14.819888,6.639441,9
c5922,-57.247078,21.47238,7
c5932,-18.77171,16.936068,9
c5934,-44.738834,8.746124,11
c5937,23.506927,19.6892,15
c5942,-48.1101,16.551336,11
c5944,-26.943682,-13.651888,11
c5946,-16.875708,18.033777,9
c5948,13.391986,-28.342314,14
c5952,28.652552,15.127011,13
c5961,6.4591174,35.222244,15
c5965,28.558788,15.428252,13
c5971,-0.58954424,-25.501345,3
c5976,-5.746241,55.386765,5
p773,31.578394,-21.985943,14
c5979,33.755146,-6.370342,13
c5983,-10.85252,-1.3067662,9
c5984,0.054655842,-25.074484,3
c5985,11.046186,-13.750087,14
c5990,-3.5891728,-15.098969,13
c5999,-23.518782,-31.808947,2
c6005,-55.642414,-1.8729897,2
p776,11.457005,-51.72712,3
c6012,1.1641409,-3.6956732,0
c6016,-53.432243,3.1605544,2
c6019,9.929139,11.831075,15
c6022,-14.583957,27.515953,2
c6028,-15.445207,6.069146,9
c6030,-8.283028,-0.46617517,9
c6048,28.090874,-6.657785,13
c6050,43.23232,13.278874,10
c6056,23.314243,1.70383,13
c6057,8.166872,-27.963686,3
c6064,13.397834,33.12712,7
c6067,-5.7849655,1.9643279,9
c6070,-13.453579,26.572668,2
p783,-5.6063466,25.5399,2
c6081,-15.004776,-19.169985,3
c6086,10.822178,-16.425673,3
c6092,-18.006018,54.24239,5
c6101,-11.827532,-4.5404487,0
c6104,3.957862,45.83284,5
c6106,4.9046683,-26.900051,3
c6114,18.681408,0.3390213,3
c6117,-4.843624,35.902996,3
c6122,-7.4325724,-24.35653,3
c6136,35.506042,7.8864465,13
c6139,4.574676,-54.08007,14
c6141,23.657335,18.17628,14
c6146,34.82703,2.070658,13
c6150,-6.2667923,9.50671,9
c6152,38.055553,-24.605648,14
c6156,-26.334871,33.685898,2
c6158,-28.674961,20.710482,3
c6161,27.381124,-42.666443,13
c6166,4.676757,-46.09347,3
c6167,10.043679,-27.253244,9
c6173,-11.142167,-12.021363,3
c6175,-10.625745,-21.969517,3
c6188,11.625834,-18.107521,0
c6190,29.343569,-28.119635,14
p800,-0.80470866,-44.09978,3
c6199,1.7205257,-47.789085,3
c6204,-29.301075,22.083641,0
c6205,-22.371109,28.244236,5
c6206,31.1763,-7.1863728,13
c6214,17.132982,-42.09074,14
c6215,14.331789,-26.955635,14
c6216,-15.304266,16.619137,9
c6222,-9.446856,21.121777,3
c6224,-4.539425,-12.108643,3
p803,33.691677,31.694054,14
c6231,-2.976601,3.8748016,0
c6232,-3.9370103,-9.219553,9
c6236,57.521236,27.70083,6
c6238,56.494354,28.737057,6
c6240,57.366783,27.856241,6
c6242,19.221241,32.490673,3
c6243,-19.724031,-14.760888,3
p806,-2.256275,51.00019,5
c6248,0.4570003,26.866232,2
c6255,10.440277,-40.521465,2
p807,-2.0883152,28.99079,14
c6270,-8.354584,8.952442,3
c6273,-13.599856,27.361744,11
c6274,-22.5171,27.132656,2
c6275,-17.02944,-1.3199389,3
c6294,-6.5462494,11.61003,9
c6295,-38.94175,25.761433,0
c6296,-1.8160167,-5.0222435,0
c6298,-10.636427,-2.4662497,3
c6301,-17.542362,-1.1966887,9
c6315,13.323564,-28.43665,14
c6318,8.802365,-20.321363,0
c6324,-4.25151,-26.894152,3
c6325,10.843202,-30.592306,14
c6333,19.710617,16.206974,2
c6334,-15.455756,27.841867,2
c6335,-31.411982,-40.15838,2
c6339,-24.439316,-21.3582,2
c6348,11.51597,-41.97396,2
c6360,20.41772,-45.893837,2
c6364,-21.843136,-12.597107,3
c6365,2.4362457,-45.15242,14
c6367,-1.8876643,-56.24889,3
c6372,13.774022,-43.157635,3
c6376,9.699713,-47.298664,3
c6381,-3.0018,-44.18745,3
c6386,5.632344,-32.876144,3
c6396,1.194229,-41.505665,3
c6401,3.284253,-31.632515,3
c6406,-33.660397,17.186579,11
c6414,19.576502,-3.1266446,13
c6416,-32.244507,-21.518389,11
c6417,-17.50972,-2.282904,9
c6423,-18.05004,-2.3345015,11
c6424,20.610792,39.67189,5
c6427,4.630837,-31.621769,14
p823,-26.558613,-35.794327,14
c6435,-33.62127,16.942005,11
p824,-30.103695,-27.673588,11
c6438,-35.111828,-15.294585,11
c6445,-36.20798,-25.73364,11
p825,-29.637547,-25.287352,14
c6461,-20.02002,-14.7777,3
c6465,-8.56872,-26.75021,3
c6470,-43.11534,-4.442032,11
c6473,-22.75085,-38.560627,2
c6474,-48.484478,-3.6970613,11
c6475,-33.573547,16.290934,2
c6477,-51.73263,-2.1866262,2
c6488,-7.793263,4.8984957,9
c6493,-29.435305,13.820311,3
c6494,-36.54789,-24.369156,11
c6496,24.209164,-24.87653,14
p831,-3.198339,-32.37524,14
c6502,-54.32327,0.8112345,2
c6508,11.680758,-36.869335,14
c6509,14.99999,-27.764421,14
c6513,13.520296,-26.6184,14
c6526,-11.670864,-42.95346,2
c6530,11.367378,-36.505833,14
p834,8.64131,25.517574,15
c6538,-20.862812,-28.847229,3
p835,-30.646652,-26.282743,11
c6549,-19.55106,-29.492725,11
c6556,-23.472681,-31.792574,11
c6565,15.926206,15.628718,0
c6581,6.2333703,-8.031531,3
c6588,-1.6839324,-31.687187,2
p839,13.755592,58.50132,12
c6593,14.803181,60.56025,12
c6597,17.24659,60.71077,12
c6603,16.309925,60.28764,12
c6617,-5.5169864,25.496191,2
c6618,1.0638058,-48.603085,3
c6621,-29.761358,-33.13824,2
c6623,-25.701845,-37.19871,2
c6640,-4.2504244,-16.196304,3
c6644,-48.130703,3.532754,2
c6650,30.551704,-10.037809,13
c6651,40.0102,-1.0061051,13
c6653,18.00359,-32.150463,14
c6661,-17.126354,43.634457,3
c6665,0.079272576,41.653343,15
c6672,-10.874606,22.529799,9
c6675,-10.863485,22.492157,9
c6676,-10.827683,22.696749,13
c6677,-7.869813,-22.50411,9
p845,46.49933,-20.925972,14
c6688,24.180992,-18.132679,5
c6703,-14.046526,46.113796,5
c6709,20.237692,0.12509276,14
c6716,20.041145,0.56071484,9
c6719,-14.684577,13.461064,9
c6721,-14.445964,-29.215057,3
c6725,-8.709412,34.391518,9
c6728,-17.860432,-43.197556,14
c6732,47.14935,-20.256498,13
c6746,16.98069,-30.665884,14
c6748,-18.234362,-20.919313,3
c6754,39.243324,-31.50308,11
c6762,15.825106,-29.747234,14
c6772,-5.6717157,35.371033,3
c6787,18.701052,-27.104612,14
c6790,42.132774,-21.372105,14
c6791,40.245644,-21.987629,14
c6793,-17.074547,9.253643,9
c6796,-1.7728035,29.093714,11
c6801,14.980508,-30.487385,9
c6807,-2.587632,-32.512375,3
c6811,20.258326,-32.79044,14
c6819,-8.337177,-38.57185,3
c6827,5.491957,-43.480553,3
c6828,3.5322943,-41.84132,3
c6832,-20.081272,48.242157,5
c6838,-26.69937,21.56881,3
c6840,-0.7886556,-48.411358,3
c6847,-13.223962,8.865458,9
c6850,1.8107663,13.370067,3
c6853,-20.142895,47.37715,5
c6857,-18.664762,-2.5240207,3
c6869,56.366844,28.73882,6
c6870,-3.5403972,50.866035,5
c6877,-13.639073,8.406224,9
c6878,-13.3911915,8.916785,9
c6885,-32.436714,-21.436409,11
c6889,-6.000275,-21.284998,3
c6890,-24.250772,25.129059,11
c6891,-23.829433,-2.1064203,3
c6894,-31.81278,-30.221783,11
c6899,41.98117,-24.964588,14
c6904,-54.905296,18.566748,7
c6907,27.30293,-7.8194017,13
c6920,-10.260779,-30.503193,2
c6922,15.706968,-1.4546108,0
c6925,-10.609234,-11.884476,3
p856,14.762272,-30.798462,14
c6928,-28.271013,16.229668,3
c6934,9.141733,-36.281166,3
c6938,7.4363356,-31.862322,3
c6940,20.136086,39.846622,5
c6943,30.099703,-0.46889392,13
c6950,50.679317,-17.001656,14
c6955,-14.349817,13.110466,9
c6956,46.843117,-20.943962,15
c6960,21.827612,-15.78006,14
c6962,-7.0,-15.636394,3
c6963,-3.334026,-31.133196,3
c6966,-6.3279767,32.485302,3
c6972,-16.20488,14.873,9
c6973,-9.980332,-32.26697,3
c6976,18.4643,15.685628,11
c6983,4.0214014,-9.405692,0
c6984,45.305187,-19.682478,14
c6986,21.362944,28.49941,9
c6988,21.599894,28.262335,15
c6993,3.4193087,-0.6892105,0
c6999,-17.00611,-34.070984,3
p863,38.378326,-7.3204775,13
c7018,0.5170188,19.690308,9
c7020,-14.2594185,26.03526,14
c7021,12.562109,-27.763792,14
c7022,-8.500353,-42.455193,3
c7025,25.908731,36.274063,1
c7031,-15.959904,13.6545925,9
p865,25.488281,-39.648575,3
c7040,57.315914,27.745577,6
c7043,21.474766,28.351446,15
c7049,4.484419,34.451466,15
c7065,-36.212597,-29.170223,11
c7069,-55.4227,-1.8701353,2
c7078,4.239028,37.148766,15
c7080,18.355326,-31.739164,14
c7084,-11.120778,-25.602749,3
c7105,-7.4183097,-24.747576,3
c7111,-0.32026362,-48.34845,3
c7113,-20.207893,14.123152,9
c7119,-1.6838889,-37.570576,3
c7120,-6.265024,-29.572617,14
c7127,24.935755,-24.116652,15
c7131,6.293198,-8.197817,9
c7132,0.19414327,-45.343067,3
c7134,-15.280923,-25.74234,3
c7143,5.6507053,36.235146,15
c7145,21.594803,28.275799,13
c7148,1.07884,-48.5299,3
c7150,3.401384,-47.524498,3
c7156,11.124583,-41.433628,14
c7163,-15.498653,25.73118,2
c7165,1.3589038,-29.409002,0
c7168,19.852821,-36.639603,14
c7181,-3.1203327,-0.28491992,3
c7184,-6.3297234,-14.219743,3
c7197,-11.738375,-23.361143,3
c7211,-14.825523,-2.060128,3
c7215,-7.7183332,-52.839027,3
c7223,-16.94951,-35.412746,3
c7234,16.000517,-44.3559,14
c7239,-13.308138,-30.431498,2
c7251,-2.2183602,7.813159,0
c7257,4.189041,37.495567,15
c7258,-19.789928,-40.338993,14
c7259,-19.38055,48.095215,5
c7264,-0.6851995,1.9637061,0
c7269,-7.507053,-24.449814,3
c7271,6.1538544,-7.987977,3
c7279,-13.758529,-10.997515,3
c7280,2.020833,6.4109197,0
c7281,-11.849517,-11.743847,3
c7283,1.8761812,1.6784202,0
c7286,-9.141669,10.088003,9
c7295,38.444508,-8.522341,13
c7297,45.93568,-21.313128,14
c7298,44.833927,-21.277119,14
c7299,44.617867,-21.932545,14
c7303,18.624739,19.537262,5
c7306,-18.44339,31.359015,2
c7307,-7.7040997,-52.798717,3
c7309,-6.3196936,-40.721123,3
c7311,-14.618457,25.972115,14
c7320,16.117598,-36.5185,14
c7322,10.697774,-23.409357,3
c7328,-20.10202,-37.432243,14
c7330,9.329007,12.214751,0
c7334,-8.357897,46.59601,15
c7342,-22.734928,-14.031568,11
c7348,-0.8321325,24.812557,11
c7355,3.3135984,-40.19025,3
c7364,20.69909,-24.11124,15
c7367,-9.278858,-55.842426,3
c7376,18.671503,19.376509,13
c7377,21.952097,-24.129204,15
c7384,-32.88401,11.872938,3
c7386,-14.1894655,-9.997489,3
c7387,-8.777061,-8.587814,3
c7391,-31.956106,-16.116066,11
c7393,-41.19014,-23.07729,11
p892,43.132248,-22.239649,14
c7398,-3.2462838,-33.49698,14
c7403,-8.627104,-22.89531,3
c7404,5.890302,-31.551659,3
c7408,7.862371,28.724194,15
c7416,-10.442556,-26.90853,11
c7418,8.765358,-38.600403,3
c7424,-27.309652,-30.855425,11
c7434,-37.085545,-31.33616,11
c7438,6.5280895,26.99129,15
c7442,-23.211819,17.253378,3
c7452,20.088709,39.877544,5
c7456,-15.454769,25.29055,3
c7457,10.353656,-16.48397,14
c7459,3.1102147,18.50415,15
c7462,-22.641392,-14.054798,3
c7484,-7.082679,-18.640005,3
c7487,-3.4692538,23.133276,15
c7488,-15.722425,30.16235,15
c7496,-25.294508,-7.4416127,11
p900,-38.44345,30.651459,2
c7499,43.15559,-25.735058,14
c7502,20.900703,38.54077,1
c7503,-10.701317,-26.83249,3
c7505,-33.884007,-22.249056,11
c7509,24.670107,-24.053461,14
p901,9.086163,-42.41413,14
c7515,14.038045,-14.08128,2
c7519,13.652312,22.293278,15
c7520,-21.376871,-23.161911,3
c7523,-8.502045,33.312504,3
c7525,-7.6443653,-5.9995666,9
c7536,24.180422,23.328806,15
c7538,-15.04442,-9.522299,3
c7544,56.06323,26.335377,6
c7545,56.14275,25.16322,6
c7546,55.672256,26.377228,6
p903,0.70886356,27.16861,15
c7547,-14.194794,12.969602,9
c7548,19.786129,0.47002476,9
p905,22.00796,-39.797386,14
c7557,-16.7271,25.588964,3
c7559,-7.25068,-15.545028,3
p906,18.169641,16.324575,13
c7566,17.12068,-49.417576,13
c7572,0.67762184,27.003153,15
c7591,-25.269493,-7.4654894,11
c7595,-0.27672657,21.627998,15
c7601,-40.07698,-21.876713,11
c7604,-15.217189,16.74241,9
c7608,-10.762571,22.516745,9
p914,-30.406832,-27.492407,11
c7625,8.062966,-36.58932,3
c7627,-19.79774,-39.972073,2
c7631,-33.144318,-21.302166,11
c7634,6.971999,23.107056,13
c7645,15.756997,-30.849552,14
c7646,-26.194992,-19.98143,11
c7647,-0.254167,-28.101385,3
c7652,-15.270399,-6.015151,3
c7653,-5.698671,33.087532,15
c7658,-13.822774,-37.005066,3
c7666,5.365701,-46.725773,3
c7667,9.196082,-28.681791,9
c7669,-41.269585,13.021248,12
c7676,-15.165439,40.66507,15
c7682,-15.021938,43.249958,5
c7683,-18.530382,-8.552552,9
c7684,-5.54716,-49.844353,3
c7685,-30.448526,-27.222342,11
c7686,-30.058493,-25.75802,11
c7687,-35.64668,-14.854746,11
c7695,-4.1390014,-5.441554,3
c7701,-7.559353,-20.78072,3
c7705,-30.26034,-19.715868,11
c7708,-13.558096,8.309955,9
c7710,-16.539373,25.33205,3
c7716,-17.810165,44.589092,5
c7718,-8.66032,-22.696032,3
p919,-17.38701,-22.196075,3
c7720,-18.310925,-23.093342,3
c7725,-23.412632,9.697626,9
c7729,-11.373112,-12.453768,3
c7730,-12.207226,14.789414,3
c7733,-2.3542705,0.8454867,0
c7736,-8.117939,-27.983295,14
c7752,-9.93811,-22.45264,3
c7754,24.267956,-37.859356,14
c7755,56.097298,26.182306,6
c7758,56.90207,24.327923,6
c7762,-15.625318,19.381132,3
c7763,-57.212738,16.660172,7
c7765,-26.59064,31.995302,0
c7769,-12.182004,2.1621916,9
c7776,-13.793468,20.058693,11
c7778,-43.34396,-16.879803,11
c7787,-53.724033,17.842808,7
c7788,5.418138,27.141678,0
c7789,20.928648,-2.5779183,9
c7790,9.085718,22.398714,14
c7791,-5.0816336,23.179115,2
c7807,-7.001478,-38.222256,3
c7808,-19.49128,-29.757761,11
c7809,-31.770239,3.6081448,2
c7811,-0.40289712,-30.145159,0
c7813,-56.196213,16.547617,3
c7815,-23.007273,-24.56832,11
c7829,-15.938256,19.457542,3
c7837,-5.1142726,33.48194,15
c7838,0.49675167,27.05813,15
c7839,0.25398275,26.73521,9
c7841,-50.32169,-6.015294,2
c7844,-0.45998195,-44.93571,3
p923,-18.909523,28.641506,5
c7849,9.0919285,33.03377,5
p924,-22.226093,26.711237,2
c7865,-17.707285,10.474723,9
c7873,-19.584368,29.636723,2
c7879,-46.93433,2.2349,3
c7882,-3.7209685,-21.833284,3
c7883,-14.713296,-20.288723,3
c7885,-5.628512,-39.6489,3
c7897,4.4783344,-19.535913,14
c7901,10.092556,-8.463979,0
c7911,-8.643118,-34.66165,3
c7913,-8.45453,-28.443024,3
c7915,3.7817543,-24.792868,3
c7917,5.036734,39.293793,15
c7934,0.031933356,25.693802,2
c7937,-14.4633,50.500122,5
c7944,-11.612474,48.31664,2
c7948,-53.64683,-1.0100566,2
c7955,15.855463,-42.946266,14
c7964,-17.565903,-35.738052,14
c7967,-15.1505995,44.950237,5
c7968,-1.128228,26.137892,15
c7975,-54.059235,-1.4502425,2
p930,25.568798,-39.651646,14
c7978,-20.024158,25.64038,3
c7979,-23.096933,-28.30755,2
c7980,-20.481281,-25.989595,3
c7985,17.956879,63.580925,12
c7994,15.955552,62.855247,12
c7999,33.203327,12.118974,13
c8002,-58.594448,19.466219,7
c8004,34.353245,16.238796,14
p935,1.5508927,-48.40866,3
c8014,-58.257023,17.704247,7
c8016,-8.564112,-9.628904,3
c8017,-8.099698,-22.55262,9
c8020,-1.5499457,26.081959,15
c8021,-8.785593,-28.557642,14
c8030,2.1066194,-11.960972,3
c8032,-20.992277,-29.304876,3
c8033,-19.398697,47.883114,3
c8043,6.34217,25.558626,11
c8051,-19.192703,-33.66252,2
c8053,11.60356,-43.15317,14
c8086,-41.72305,26.932562,7
c8090,-24.658587,-27.322536,2
c8103,-2.2510798,-43.566906,3
c8105,-22.430246,-16.290363,3
p942,1.2021654,7.2856846,0
c8118,21.043846,33.152176,3
c8119,26.50136,18.73873,13
c8121,26.52112,22.559774,15
c8127,0.4420627,28.695229,2
c8130,20.334599,-24.84832,14
p944,15.68733,-39.031578,14
c8134,-8.05017,-23.214886,3
c8136,32.323715,-12.52773,14
c8138,17.759886,-45.262806,14
c8148,-29.436848,12.956787,3
c8149,-12.998945,-35.650375,3
c8151,-4.3186417,0.12525657,0
c8157,-18.720064,-26.58869,3
c8158,7.4951153,-40.960434,3
c8160,10.311981,-48.528267,3
c8161,11.0514965,-43.801514,14
c8164,11.089223,-37.01065,14
c8166,-14.576837,-10.615863,3
c8168,1.5663931,-48.98665,3
c8170,-8.223149,-37.594173,3
c8171,-22.17498,-34.683838,11
c8174,-7.0070386,19.1133,3
c8177,3.3760347,38.66352,15
c8178,-16.543753,-34.065598,3
c8181,-13.880794,-4.746267,3
c8191,7.897142,-39.456852,14
c8196,37.070705,-33.40266,14
c8203,14.664046,-37.03667,14
c8211,-25.322964,-33.80036,2
c8212,-31.90333,31.863243,2
c8217,-22.153822,-30.520613,3
c8220,-20.879026,-22.275276,3
c8221,-21.627695,-9.356269,0
c8231,11.084768,-0.57963467,0
c8232,-13.707366,-16.628836,3
c8243,43.297905,32.8742,0
c8245,14.506429,-28.733665,14
c8247,-5.731248,-30.915432,14
c8250,40.819756,3.053941,15
c8251,7.5441566,25.118086,14
c8252,15.519781,8.032755,0
c8254,33.998142,-10.549977,13
c8255,-57.448242,20.657925,7
c8258,29.22147,-32.13714,14
c8265,41.00338,-38.185486,17
c8273,-26.160099,-18.923693,11
c8276,29.684061,38.232517,1
c8288,12.712411,-37.505165,14
c8290,-11.299441,43.481052,5
c8291,7.7496157,-13.482417,3
c8308,4.5089736,-9.888462,0
c8309,-43.861458,32.82555,11
c8310,42.2367,-37.746964,13
c8311,-31.904175,-25.916546,11
c8316,-32.206387,-29.726198,11
c8320,-22.384228,-35.779804,2
c8323,-11.65868,7.09796,9
c8325,-32.22701,-25.776022,11
c8327,-14.86632,24.006165,3
c8330,-0.5086651,2.1873224,0
c8332,-34.195454,-13.359479,11
c8336,-57.843468,14.141321,9
c8347,1.5361017,-41.96409,3
p960,-8.951383,-22.629002,3
p963,36.46944,-29.699028,14
p964,14.8379135,59.294918,12
c8357,15.744154,62.82208,12
c8359,17.855234,63.5112,12
c8366,1.7418416,-47.41738,3
c8367,-10.570579,4.39086,9
c8374,15.813956,-32.242874,14
c8375,23.924868,-25.63866,14
c8379,-1.7172503,-1.4013306,0
c8384,-56.49433,19.391138,7
c8392,0.6678892,28.173565,2
c8394,11.053724,-41.668564,2
c8402,-8.85877,-33.755432,3
c8403,8.827033,-20.486927,14
c8407,22.487177,11.000356,0
c8419,-11.09118,-32.82664,3
c8420,9.010834,25.199566,15
c8429,22.501463,25.97359,15
c8430,20.33568,40.160473,5
c8434,-22.273293,-18.365486,11
c8435,-23.06667,11.635544,3
c8443,9.243277,25.679838,15
c8446,2.6056652,-10.516263,0
c8447,-2.6038725,-37.290497,3
c8449,-27.883162,17.10757,3
c8450,28.67911,16.766745,13
c8453,0.99592876,-35.07558,3
c8455,-8.397079,25.400408,2
c8462,-26.129753,-12.743,11
c8463,-52.94961,1.0602221,2
c8464,-33.478638,-31.82679,11
c8466,-8.804916,-34.035805,3
c8469,-8.408346,25.428305,3
c8470,0.84634036,-34.68388,14
c8471,5.3898654,-43.74138,3
c8477,21.825222,-19.447475,14
c8480,-30.895391,-7.3208733,11
c8481,-30.038433,30.587584,2
c8485,2.3229473,13.77195,0
c8488,29.362413,-22.465086,13
c8492,40.523426,12.239801,1
p971,3.6059804,-3.2830265,0
c8499,-4.8609586,-17.563581,3
c8500,-33.692028,-33.40995,14
c8510,-8.412035,25.395721,3
c8517,-17.145077,13.750242,9
c8518,-31.298807,30.165503,2
c8523,5.1775694,-43.768944,3
c8534,15.533823,64.85988,12
c8536,17.03487,62.80742,12
p977,12.9971895,-2.214634,0
c8540,-29.967638,21.445827,2
c8544,-10.643408,-34.57696,3
c8547,19.068216,-35.27836,14
c8549,-32.234425,-21.377615,11
c8558,-13.5158615,48.875027,5
p979,25.144001,-15.950521,14
c8561,-12.934698,27.263554,9
c8562,11.921437,-21.19488,0
c8564,28.742989,14.78301,13
c8568,9.965443,11.984752,15
p980,9.617928,-42.706314,3
c8570,23.445719,19.706396,15
c8572,-14.421885,-33.76904,2
c8577,-4.96194,23.086784,2
c8587,-22.791208,9.020902,9
c8593,1.8492595,-42.7549,3
c8594,0.95592415,33.137573,15
c8600,6.720969,-36.520508,3
c8607,7.256495,-42.8605,3
p985,15.860962,40.224365,14
c8608,15.917332,40.42953,9
c8611,24.972027,-15.950519,13
c8612,11.798763,-34.21919,3
p986,-10.899984,-13.163986,3
c8618,-19.971684,-25.967432,3
c8628,-22.74214,-24.618965,11
c8630,-49.090794,-3.7584493,3
c8643,-16.091003,-19.863281,3
c8648,-26.88434,20.958998,7
c8649,-25.551142,-27.106754,11
c8652,-22.615606,9.103185,9
c8653,-7.157425,-18.024515,3
c8654,-11.094266,15.424174,9
c8656,11.459795,-34.05159,3
c8669,-8.42517,-19.144714,3
c8674,-24.37746,-38.1976,2
c8678,-18.26048,-16.789305,3
c8683,25.44418,-24.661707,14
c8686,-36.334812,-5.2895594,9
c8690,-15.377975,23.752527,13
c8695,15.719353,-6.9089017,0
c8697,39.350124,-6.816144,13
c8706,-18.56075,48.465416,5
c8710,-28.293058,-30.23068,11
c8712,-23.47919,-16.641499,11
c8718,-45.82597,-4.288636,2
c8719,-2.108715,53.81037,15
c8721,-3.9788203,53.857906,5
c8725,-0.77252895,2.3674412,0
c8733,-2.37798,0.9266045,0
c8734,-27.90207,16.556208,3
c8736,19.994177,-24.827747,3
c8747,-17.557182,53.471893,5
c8759,-17.709639,-25.00962,3
c8762,9.412422,-30.653654,3
c8770,-8.763752,-28.588587,14
c8773,-7.8581295,-37.645374,3
c8775,-60.117462,14.178301,7
c8776,5.2865767,-22.77603,3
c8777,2.9168646,-22.30407,3
c8778,15.582012,32.907238,15
c8783,-8.484462,18.316238,3
c8786,-50.158203,21.297314,7
c8791,-17.636318,52.349266,5
c8797,-11.077724,15.354446,9
c8798,-55.34867,17.887669,7
c8802,19.494284,40.80483,5
p995,-20.599487,-22.88604,11
c8808,27.353582,-19.432777,13
c8810,1.0200394,-11.195763,0
c8816,25.352139,-26.724775,15
c8819,15.627157,-34.008686,14
c8821,-3.8217235,26.806198,15
c8823,33.960133,-10.545737,13
c8826,31.191292,8.351311,13
c8828,19.988531,5.469255,13
c8836,24.51204,-36.127243,14
c8842,-10.24937,-35.95501,3
c8845,-12.842277,26.238375,3
p1000,-3.0270147,50.90885,5
c8862,7.0013275,-42.221203,9
p1001,14.328474,-26.981647,14
c8871,8.825599,-25.419346,3
c8875,-26.377178,11.672289,11
c8883,0.60946506,27.04419,15
c8885,-3.7011528,-20.775007,3
c8887,6.3642697,-13.687802,0
c8892,-38.313614,30.13866,2
p1002,4.0268164,26.398418,15
c8900,6.9300833,-32.70894,3
c8903,14.61312,-34.182045,3
c8906,12.305445,-21.500843,14
p1005,13.422794,-33.28534,14
c8908,3.6096926,-28.11173,3
c8909,1.3979442,-45.260353,3
p1006,12.543399,-1.3801969,0
c8916,-18.93966,51.412735,5
c8925,31.013903,-16.381666,13
c8942,-31.970491,-27.901087,11
c8944,-5.7897215,33.191944,15
c8947,29.418318,38.36511,1
c8948,-4.7619987,-33.950542,3
c8949,29.019562,37.685684,1
c8953,14.65197,-34.27152,3
c8965,5.7587705,-20.653263,3
c8970,-30.071991,17.24683,3
c8976,-32.252014,-28.68248,11
c8996,-8.172803,-13.491211,0
c8998,-27.879686,-26.682562,11
c9008,-46.759525,-1.4750148,11
c9009,-46.763565,-1.4903294,11
c9010,-15.623926,-39.205452,14
c9014,-19.23522,51.237404,5
c9016,-38.833755,31.007118,2
c9021,-33.606358,-33.055138,11
c9047,32.35724,-6.5227623,13
c9053,-30.420649,16.744604,3
c9056,17.059309,23.8443,5
c9057,3.7806463,26.08537,15
c9058,29.90508,-6.1841354,13
c9064,-7.363041,-3.96976,9
c9065,44.376453,-10.072804,13
c9067,-13.975005,44.71632,5
c9079,-5.3108277,4.3284445,0
c9080,-14.274623,12.580708,9
c9081,-3.978731,-34.995594,3
c9093,9.393214,0.35984015,0
c9095,9.4115305,3.7336218,0
c9097,27.058838,1.2334399,13
c9098,1.9291654,11.353747,0
c9099,42.906517,-3.2698216,13
c9105,-54.179535,3.4169953,2
c9108,11.527081,2.2335756,0
c9112,-54.073,3.6537893,2
c9117,-31.817324,-28.963951,11
c9120,18.846758,3.5550165,9
c9121,13.272083,-10.997482,0
c9123,-24.432396,43.69248,11
p1022,5.591254,-44.73552,14
c9130,-27.225739,9.560459,3
c9134,15.492349,32.90892,15
c9142,-14.735576,24.120657,3
c9147,29.554564,32.8878,1
c9152,19.51261,0.9993106,9
c9155,5.282012,-8.374431,9
c9165,-54.171642,3.5592878,2
c9166,-54.183395,3.3317869,2
c9169,12.864902,-14.531121,3
c9182,-16.93003,-29.566887,3
p1028,27.562408,36.303272,1
c9194,-3.390756,-19.516348,3
c9195,-9.913338,-12.3740835,3
p1029,-18.434076,-36.3948,3
p1031,3.8873775,-52.670544,3
c9200,3.9342737,-53.60008,3
c9203,0.96232784,-46.17426,3
c9209,-31.583197,-40.216835,2
c9213,-12.828632,26.253126,3
c9222,18.165632,63.746975,12
c9223,16.405989,62.575108,12
c9225,16.006712,63.06088,12
c9228,15.30907,62.29341,12
c9229,16.043592,63.9205,12
c9231,16.963934,62.783493,12
c9233,15.801333,61.754986,12
c9237,-49.573128,4.860822,2
p1035,-48.89254,3.72752,2
c9238,-19.746994,-27.69453,2
c9247,-19.734459,9.19629,9
c9256,-21.985397,-14.141674,3
c9258,-52.479942,-1.4138745,2
c9266,-50.072224,-2.7942739,11
c9267,-46.62589,-3.6760998,3
c9281,-19.374449,-29.970335,3
c9285,11.932502,-18.86659,6
c9302,-8.244263,-40.327606,3
p1041,-36.287136,-10.422522,11
c9329,14.695579,-34.17127,3
c9330,-34.58155,-16.101522,11
c9340,6.046462,-6.160677,13
c9341,-61.03759,19.785793,7
c9342,21.879683,-19.210842,13
c9351,1.6253608,-47.556484,3
c9354,6.549051,-44.371845,14
p1042,16.655807,-30.803873,14
c9366,-0.6029942,-45.499283,3
c9371,-1.6054368,-5.1962466,0
c9372,4.081197,-47.492226,3
c9377,-3.9918883,-34.673843,3
c9385,-0.42467085,-9.913047,0
c9394,-48.80324,3.1329434,2
c9395,5.246181,21.035553,15
c9396,-26.94979,18.335188,0
c9400,4.593082,7.1703825,0
c9404,-34.922024,-17.269238,11
p1046,25.31387,-26.118168,14
c9413,27.054787,35.46485,14
c9416,-23.176493,-0.62881094,3
c9421,7.9377723,-15.573997,0
c9430,9.379346,25.544714,3
c9433,-2.7709022,-9.235967,3
c9437,7.175514,-29.349846,3
c9438,-1.4785892,-40.112392,3
c9442,3.5907867,-8.523538,0
p1049,33.811073,37.509613,1
c9444,-10.440669,-35.97987,3
c9449,6.049079,-6.1589546,0
c9457,-2.0209324,49.865047,15
c9460,2.2771478,-17.563166,9
c9461,-10.121396,19.118013,9
c9462,-12.41015,13.863063,9
c9463,-14.074199,12.85309,9
c9465,-19.070583,51.308624,5
c9467,-19.105639,28.993576,2
c9474,-35.77545,-9.817885,11
c9475,10.221286,-18.142496,0
c9479,25.171436,-11.45343,9
c9492,-20.51515,31.128078,11
c9493,16.396898,21.051847,9
c9497,-26.653301,19.798618,0
c9502,17.708836,-30.915834,14
p1053,-16.167917,50.060616,5
c9508,-35.876076,-9.918385,11
c9510,-38.974194,30.866074,2
c9512,-42.337563,30.669437,7
c9514,-16.563168,48.753616,5
c9521,-33.84252,-30.115694,11
c9524,2.1104798,1.7909833,0
c9534,-14.498028,42.46336,3
c9536,-19.585546,49.732536,5
c9548,-1.8837982,1.4487202,0
c9554,0.9433626,25.618444,15
c9567,-34.22251,-29.522602,11
c9571,-16.799738,-14.700071,3
c9574,-3.283006,14.015357,0
c9592,-36.157944,18.068075,2
c9593,32.669044,33.74238,1
p1058,36.223267,33.391254,1
p1060,36.294083,33.45033,1
c9595,17.840055,-29.777159,14
c9608,24.265385,31.535406,1
c9616,-31.910746,-34.343952,2
c9617,19.933887,-17.734938,9
c9620,11.561655,62.03837,12
c9630,-2.0340483,2.5052974,0
c9639,-0.22614235,-39.155643,3
c9645,24.430733,33.749096,3
c9658,32.52312,37.08554,1
c9660,-14.333579,52.042313,5
c9662,8.084195,-49.0271,3
c9664,33.281796,-19.492256,14
c9683,-11.041812,-25.710955,3
c9688,21.889872,-11.972117,0
c9690,42.36322,-9.197642,9
c9692,47.688534,-16.268726,14
c9696,39.792873,-27.294767,14
c9712,3.427939,9.221823,0
c9713,5.225783,21.005157,9
c9720,21.905561,35.37252,1
c9724,-2.292495,35.59151,3
c9725,13.106975,7.1690726,2
c9729,35.961132,-9.24462,13
c9735,-19.50754,50.271362,5
c9738,-35.823154,-28.838093,11
c9747,-35.01225,-5.5171404,11
c9749,-52.203487,28.036364,7
p1073,-1.4138521,-31.955442,14
c9758,21.445627,40.06729,5
c9765,-31.825605,32.08657,2
p1077,-5.4773707,-32.083233,2
c9768,-16.231644,-19.517504,3
c9772,-28.895794,-27.282118,11
c9774,-3.1786091,3.971134,3
c9779,16.432775,-36.892254,14
c9783,2.6109843,10.188909,0
c9786,32.100082,-8.081561,13
c9795,-8.574351,33.422947,9
c9801,8.012515,-4.5884395,0
c9802,-9.452855,-30.722696,3
c9804,-18.322866,-23.358843,3
c9822,-12.241595,23.620422,9
c9826,32.245705,-22.649015,14
c9830,6.68936,26.790495,1
c9844,-13.122857,15.251445,9
c9847,-3.322303,13.978768,0
c9849,-14.38841,-29.40492,3
c9859,31.848055,-8.65586,13
p1086,55.578888,26.030455,6
c9866,-38.82831,-19.475351,11
c9871,16.927479,-2.2091625,14
c9873,-18.961348,46.276764,5
c9874,-15.568938,-14.265297,3
c9885,-7.186268,-18.646896,3
c9894,3.5748472,40.025963,15
c9910,24.309563,31.690996,1
c9916,1.6900312,-47.336903,3
c9918,-5.6807337,-24.848026,3
c9920,6.9461765,-7.383471,0
c9921,-12.969182,28.349371,2
c9922,-26.50433,33.337772,2
c9924,-26.613922,33.387505,2
c9929,1.4918319,-47.47827,3
c9936,11.711657,-26.387203,9
c9947,17.245968,62.81359,12
c9951,15.472382,63.635136,12
c9956,15.195071,65.130295,12
c9959,15.054079,62.398582,12
c9960,15.6116085,64.16331,12
c9964,-32.70793,13.110108,11
c9965,-18.881891,50.732586,5
c9972,0.98952967,-40.03187,3
c9978,-16.105665,14.568777,9
c9980,10.113571,21.527555,5
c9981,3.2968295,-36.510853,0
c9985,-57.166157,21.178154,7
c9989,-0.3939614,-46.876686,3
c10001,0.11493549,10.13984,0
c10002,-44.158463,-12.569781,11
c10010,-16.311834,38.882397,15
c10011,-31.268166,32.93974,2
c10012,-16.361097,38.84271,5
p1098,-34.974068,-5.5078297,11
c10026,5.287721,6.8033843,0
c10036,-33.709934,-33.295876,11
c10038,-35.299,-23.488161,11
c10053,31.252972,-6.1374674,13
c10054,-30.461258,-17.687717,11
c10055,2.5992286,-24.880667,3
c10056,-15.601712,-28.128323,3
c10062,-47.375572,4.5703993,9
c10063,-3.9886684,35.734116,9
c10065,0.17905027,-46.16138,3
c10066,-15.178236,-22.426865,3
c10078,-13.272758,-30.873587,3
c10080,-49.95725,18.587751,7
c10081,-32.7252,-27.059244,11
p1100,11.991383,-34.480873,14
c10088,-16.25502,-20.174538,3
c10101,12.034405,-25.94737,9
c10103,32.858013,37.091343,1
c10105,30.45118,34.355118,1
c10106,-39.50046,-20.861292,11
c10111,-1.5036712,-34.239944,14
c10113,-22.764957,-8.790091,11
c10126,1.4073387,-47.172466,3
c10127,21.155043,12.964859,13
c10138,-5.6462836,21.269503,2
c10144,-5.290536,-30.800575,14
c10149,-15.19384,54.881405,5
c10151,-5.155433,-11.822575,3
c10152,-0.8675971,-24.177584,3
c10160,22.02158,25.81214,15
c10162,18.492144,3.713891,9
c10170,7.036169,-24.7465,4
c10171,-1.6997768,-46.05207,3
c10173,14.003622,-19.508352,14
c10179,-4.9303946,-34.335636,3
c10184,-11.30018,-19.194508,3
c10186,22.359161,25.758625,15
c10191,-6.119418,-9.551025,13
c10198,-11.564311,13.542943,9
c10199,-31.011665,32.16874,2
c10200,-15.954667,2.4651053,9
c10201,-13.969663,54.261406,5
c10203,12.376561,-24.54424,3
c10210,-31.672813,23.193535,0
c10214,-39.225475,-13.169643,11
c10217,10.736987,-18.767263,2
c10220,11.871701,-12.418896,14
c10221,-7.1898165,-8.9993725,3
c10228,-11.297341,13.351757,3
c10231,26.731745,2.3308167,13
c10233,19.304832,34.374947,14
c10237,-15.178418,47.878178,5
c10238,26.734875,2.3308623,13
c10240,-31.977736,-34.49399,2
c10250,-13.36611,-29.254282,3
c10258,-20.845379,46.745167,5
c10264,18.94457,0.5393732,3
c10270,-6.640275,-23.27728,3
c10276,21.672705,25.924221,3
c10286,14.462526,-41.1866,14
c10288,-6.3902473,18.376034,3
c10293,22.49386,25.967714,15
c10308,-26.20872,-6.846893,11
c10315,-4.2577677,-26.849154,3
c10321,9.735478,-17.807693,0
c10328,-16.257439,50.92281,5
c10330,6.1754847,-15.53545,0
c10331,23.249367,-8.448123,11
c10335,-32.858337,12.801444,11
p1121,-5.593958,-38.088932,3
c10351,-4.0251045,-27.25009,3
c10354,-14.239548,45.828217,5
c10359,-32.670803,-28.814373,11
c10365,-16.739374,24.202032,3
c10369,4.289348,-23.921396,3
c10381,-21.91149,-19.938509,9
c10383,15.37358,-24.380754,13
c10386,-12.911804,-24.28556,3
c10392,-8.612682,14.470214,9
c10402,-18.41954,-3.9855576,3
c10403,-39.256325,-13.206533,11
p1124,29.032995,-25.749327,14
c10410,4.9734626,-50.857334,3
c10411,40.048267,-0.935691,13
c10413,15.334091,22.677496,14
c10419,31.007246,45.706955,1
c10435,30.978987,40.985405,1
c10437,-3.9979794,-29.44738,9
c10446,-8.611827,-34.582996,3
c10449,27.533724,-3.4024415,13
c10452,-17.702135,-18.599792,11
c10454,-35.813267,-22.14464,11
c10459,12.953966,-41.08565,14
c10474,-20.472973,-26.330084,3
c10478,15.41189,24.05654,9
c10479,-18.541815,-3.9803405,11
c10485,-7.418242,-8.239833,0
c10487,-21.207792,-38.826645,2
c10498,-32.513847,-31.609528,14
c10500,2.3099706,10.638039,14
c10504,-4.6906104,-37.090824,3
c10511,6.446103,-25.962992,3
c10521,-45.07558,-1.7015407,11
c10522,1.397449,-31.705679,4
c10523,32.82806,-11.324564,13
c10526,-0.6002633,-27.384726,3
c10528,17.929573,16.22262,11
p1131,33.23383,-4.59232,13
c10542,6.239743,-22.340397,0
c10545,-16.336416,13.663722,9
c10550,-13.665666,-22.899414,3
c10553,-20.548288,-24.436878,3
c10556,-0.73998135,-4.2064385,0
p1134,17.759712,33.090252,3
c10563,31.979717,41.25908,1
c10564,-48.501423,-1.5256314,11
p1136,45.900227,-15.54338,14
c10566,29.087372,4.3529277,13
c10567,-15.884412,-27.365631,3
c10571,24.624563,-0.29127705,13
c10583,-19.334501,-28.3023,11
c10585,-31.979916,-26.345371,11
c10623,-19.11588,-4.1651597,9
c10629,27.105803,-24.319126,14
c10639,-14.148724,-11.02685,3
c10650,9.560959,-10.413566,0
c10656,-53.583122,3.034935,2
c10662,30.852077,34.833458,1
c10665,-3.777868,16.614964,3
p1141,23.259123,-8.461228,11
c10668,-34.097313,-38.160248,2
c10670,1.3421308,-47.009857,3
c10674,-9.939876,-32.182743,14
c10677,2.0471175,23.371153,13
c10683,18.549461,-5.796351,0
c10692,17.11707,62.772495,12
c10700,16.648201,60.93116,12
c10707,-31.011793,26.877806,2
c10709,-10.166811,-12.560194,3
c10712,-10.468162,-14.394418,3
c10717,-3.3611338,-23.477169,3
c10722,-5.7788258,21.551342,2
c10725,-30.68612,17.061237,2
c10732,30.958366,35.860924,1
c10735,3.824868,-34.954674,3
c10736,-11.111922,-27.702402,11
c10737,-0.8008895,-46.70677,3
c10740,4.4208984,-47.290314,3
c10755,-40.738743,-15.163495,11
c10760,-29.96983,-11.143262,11
c10765,-23.680077,-27.90973,3
c10767,-32.218365,-21.643831,11
c10774,-23.221174,-20.891521,11
c10784,-20.890842,-37.834003,3
c10795,-36.89309,26.635414,7
c10797,22.120779,13.927607,13
c10798,-19.141323,-4.1622334,11
p1150,-0.14829755,-18.636969,3
c10800,-2.6131828,-41.852036,3
c10818,3.380452,-40.24657,3
c10819,-3.2176712,8.249668,9
c10832,-33.844658,-19.91264,11
c10834,-30.622473,28.425161,2
c10842,-29.61934,-20.32981,11
c10845,0.91695356,27.254473,2
c10849,0.029036308,-42.70889,3
p1153,-27.520826,-27.239647,11
p1154,-7.546095,-16.600224,3
c10853,-24.05607,-25.434645,11
c10855,-7.554407,-16.634895,3
c10859,-34.361744,-16.740866,11
c10861,55.717644,24.538881,6
c10877,36.10905,39.650364,1
c10882,-30.216948,17.184042,3
c10892,6.236368,-21.424051,3
c10893,-30.68517,-8.383015,11
p1165,24.460323,33.953804,14
c10902,-14.302178,-36.667633,0
c10907,-3.7752395,-7.5899134,3
c10911,-7.602327,-16.519615,3
c10913,-30.676561,17.08374,2
p1169,-10.027712,-31.616623,3
c10918,15.278793,-30.230988,14
c10924,-27.597101,-36.963535,2
c10925,-53.160664,-4.1360216,7
c10932,-1.3447,34.003708,3
c10934,-4.8598757,-19.205631,3
c10935,4.744725,-54.64258,9
c10942,-19.03524,-39.767143,14
c10950,21.786451,25.958414,2
c10954,15.408015,8.046972,0
c10957,-2.4469528,51.070793,5
c10961,-26.53319,-29.350355,11
c10962,-36.820652,-15.537908,11
c10964,6.8112006,-24.110046,3
c10966,-35.545612,-21.579113,11
c10969,34.062805,40.164482,1
p1173,19.428663,-38.97211,14
c10977,12.582106,-25.170267,3
p1174,18.865711,17.405338,13
c10983,29.778887,37.102863,1
c10989,5.2599597,28.365362,15
c10990,-4.097906,-26.594717,9
c10991,-35.949505,-21.795343,11
c10994,20.88379,-39.071083,3
c11001,-27.863573,18.990623,0
c11002,-9.231786,29.124104,0
c11003,-9.257182,29.096888,3
c11006,-9.148219,29.067427,11
c11007,21.631796,25.797136,15
c11011,21.219143,26.101505,3
c11019,-21.476149,25.048107,2
c11025,21.896866,1.476539,9
c11027,5.2397575,-54.08709,3
c11030,-51.517635,19.759407,7
c11041,-5.7710586,21.037209,13
c11049,21.72121,25.934504,15
c11051,-52.92317,-1.1548929,2
c11053,-54.729874,-1.1916494,2
c11054,16.790796,60.744766,12
c11059,-12.961581,15.156249,9
c11063,-26.995665,-27.98536,11
c11067,-17.596048,30.468428,2
c11068,-3.623822,17.24394,13
c11076,0.9517853,25.500647,2
c11077,-53.29515,2.9831069,2
p1179,18.545391,-33.736843,14
c11079,-32.88222,-16.486618,11
c11082,26.43116,36.097385,1
c11085,-12.159959,27.226973,2
c11094,13.449883,-3.9847376,0
p1181,18.37385,-49.805878,13
c11100,-26.160757,-24.53333,11
c11104,-23.78387,12.886397,11
c11109,12.629506,5.778546,0
c11113,-52.732502,26.161148,7
c11129,-23.572918,25.51083,2
c11132,-7.2310853,34.166325,15
c11139,-55.7616,-2.0748549,2
c11142,-36.062904,-1.7318623,9
c11152,-20.126112,0.29428223,9
p1187,12.300097,-38.354515,14
c11153,-15.85644,15.491484,9
p1188,-0.3680773,-30.44631,3
c11158,25.295599,36.328316,1
c11161,-0.14960273,4.4730577,0
c11162,43.57913,-13.535964,0
c11163,-12.804258,25.991661,2
c11165,-3.4406161,-7.8751726,0
c11166,2.697577,-47.76668,3
c11171,-16.940304,9.634899,9
c11173,34.710575,40.822773,1
c11174,49.011932,-5.656035,13
c11184,18.020565,41.063763,9
c11185,-9.691371,21.16521,9
c11191,-28.004978,-14.826748,3
c11200,33.2257,-0.7537447,13
c11202,29.444633,35.301384,14
p1194,18.026466,-22.600313,14
c11212,-23.567339,17.96864,3
c11217,-7.175109,-13.434908,3
c11219,-30.263231,-5.689514,3
c11241,17.774384,-23.214708,3
c11242,9.428284,-2.0392401,0
c11247,18.158504,-22.399178,14
c11249,-28.940142,-33.075806,2
c11254,19.341866,32.61071,3
c11256,-17.654705,11.997787,9
c11260,-39.032948,4.1536045,9
c11266,-32.235535,-15.494971,11
c11268,7.3226953,-41.29754,9
c11269,-23.603376,-29.955687,11
c11272,-30.046711,17.394781,0
c11273,24.485504,-35.619373,14
c11276,-11.388173,-9.414451,0
c11282,25.120533,-26.666601,15
c11291,-25.344519,-16.350554,3
c11296,21.976042,-32.35467,14
c11301,13.840863,22.443527,14
c11302,10.108696,-10.359142,0
c11306,29.200905,37.21108,1
c11309,14.224928,24.014599,14
c11310,29.412058,-29.561419,14
c11312,30.994389,-38.234,14
c11313,-26.530949,-7.211565,11
c11314,31.744537,42.29289,1
c11318,14.842418,22.209852,13
c11326,15.795308,-27.506569,14
c11329,5.810447,-40.999924,3
c11334,-48.551346,-5.7210054,2
c11339,-5.8080926,-32.658924,3
c11343,21.828716,-32.418518,14
c11348,-4.72918,21.214163,9
c11349,-4.6747313,21.433064,13
c11351,-16.226274,-15.478973,11
c11362,9.67803,-27.070723,9
c11363,-3.3074322,8.152544,9
p1203,30.538006,34.397667,1
c11365,-53.882042,3.5080779,2
p1204,23.29213,-8.368523,11
c11369,-14.884124,-28.21426,3
c11375,-8.968526,-2.4444363,0
c11377,-25.630262,-1.160545,11
c11380,-22.876692,-24.893133,11
p1205,12.9128,58.90707,12
c11382,16.57315,62.53,12
c11386,16.398067,61.8544,12
c11391,15.680173,63.176136,12
c11393,15.59177,62.346672,12
c11396,17.136879,62.78545,12
c11397,16.318077,62.818573,12
p1208,43.462788,-49.512352,17
p1216,-32.664814,-23.045319,11
c11417,-32.514027,-22.667774,11
c11421,-27.565454,-16.587606,3
c11428,-32.02329,-27.882412,11
c11431,-30.176256,25.889763,5
c11436,-13.87256,44.93726,5
c11442,-0.8681073,-45.465446,3
c11447,22.16183,25.922668,15
c11451,-5.8873477,20.804499,3
c11453,11.593834,-22.159084,14
c11460,-27.05997,-30.656464,11
c11465,4.676566,-54.573673,3
c11469,-23.815533,-46.124306,3
c11481,-14.515738,10.481154,9
c11483,-24.31555,-6.4460535,11
c11485,-2.3275473,55.556656,5
c11490,39.37583,-23.625315,14
c11497,-38.75039,6.691697,9
c11501,-3.2014017,-22.149254,3
c11505,6.153528,-23.813398,3
c11518,42.92938,-23.000055,14
c11533,30.07662,-28.696247,14
c11534,-7.6443815,5.0961747,9
c11540,-3.3975286,8.179096,9
c11542,-25.534065,-2.949444,11
c11554,-18.087774,-7.206981,3
c11557,-5.604068,-34.932587,3
c11569,-4.1963477,-25.052507,3
c11570,23.22683,-8.415583,11
c11573,22.46289,-14.10988,3
c11578,20.984856,38.494633,1
c11587,34.298363,16.232456,13
c11592,-35.33027,-22.97353,11
p1220,2.7274318,-9.163894,3
c11594,-0.08861289,-14.504367,11
c11596,-14.517666,12.29784,9
c11597,44.999874,-11.495669,13
c11598,-3.9927175,9.584855,9
c11599,20.627472,-25.326916,3
c11602,-26.476683,35.405964,2
c11603,-52.618694,0.24459614,2
c11608,-24.850677,-46.079964,3
c11609,8.798745,-32.358803,9
c11610,0.80091244,24.285357,3
c11623,12.094709,-25.670229,3
c11625,-31.855787,12.066888,3
c11631,24.455647,-0.0124783255,13
c11638,32.290524,42.880398,1
c11643,-5.17654,-42.967857,3
c11644,3.2546258,9.873623,0
c11651,21.455526,40.07115,1
p1228,36.21552,33.39631,1
c11656,0.7753174,26.994122,9
c11658,-0.97409075,40.623028,15
c11662,-3.1505065,-41.734085,3
c11695,-33.660126,15.311003,3
c11699,-2.3047314,40.50096,15
c11715,-8.262182,-41.578503,3
c11718,-9.226828,29.124144,11
c11719,-34.363358,9.798201,11
c11723,-19.187874,44.80457,3
c11728,-14.0964365,44.805943,3
c11735,-31.741234,-31.684866,3
c11736,-46.40854,-0.12330241,3
c11738,-13.030516,15.176577,9
c11741,1.0970026,-39.905834,3
c11743,14.993322,-51.181496,9
c11748,-18.10287,46.873505,5
c11751,-14.522824,-17.86655,3
c11756,-20.420395,-10.088088,0
c11757,-16.857838,51.568615,5
c11759,34.275192,-14.183013,13
c11762,3.4435716,22.634918,15
c11770,7.2340503,-32.753693,3
c11774,-13.479369,10.616273,9
c11776,13.645904,23.562338,15
c11783,31.874506,38.33554,1
c11784,-31.418789,-24.940407,2
c11787,13.880114,-10.687417,0
c11792,-20.343792,-3.6221273,9
c11794,-3.716993,-7.2354016,3
c11805,-7.04729,-31.102789,3
c11813,-15.795315,51.965,5
c11814,-9.533344,12.688434,0
c11818,35.76399,39.611336,1
c11819,-48.004204,20.061699,7
c11822,1.8706887,-5.9204364,0
c11826,37.309643,0.1346974,13
c11827,18.989925,32.27752,5
c11835,-25.78568,-16.232697,3
c11836,-32.037098,-21.600462,3
c11840,4.4616714,-7.9045553,0
p1243,-16.176788,51.021732,5
c11846,-15.856753,51.817757,5
c11851,-10.565371,-11.761063,3
c11852,-5.9739566,7.986645,11
c11855,-33.73635,-11.704765,11
c11856,-19.262625,-10.5682,0
c11857,-9.149673,-35.604218,3
c11873,18.501736,40.488373,5
c11876,-20.999266,7.3580265,9
c11881,11.186419,-27.60922,3
c11885,20.62997,14.479701,0
c11887,4.649747,6.931372,0
c11889,-21.718052,-9.555125,11
c11890,-7.446539,10.339084,9
c11899,19.674059,41.076077,1
c11900,-9.629999,21.1772,3
c11902,-31.319675,10.430563,11
c11905,-8.928209,2.020326,9
p1249,18.729229,17.321812,14
c11915,-24.65977,29.92885,2
c11935,7.703625,-13.438775,11
c11936,45.072956,-4.843941,13
c11943,38.4479,-8.571157,9
c11948,-8.671015,-12.858382,0
c11952,-26.14367,-5.3482156,3
c11956,0.013243915,-0.3253788,0
c11958,17.721054,-1.0398245,9
c11960,25.326466,36.48834,14
c11968,6.7984266,-36.531708,14
c11969,13.151593,-24.8017,9
c11971,27.47889,-2.5090122,13
c11983,32.38071,-21.926264,14
c11985,14.647661,-42.627144,14
c11998,-8.133,-33.039757,3
c12009,-28.05634,12.198246,3
p1257,-17.61166,-21.135572,3
c12018,11.3784275,-17.165247,0
c12025,-29.739868,26.043098,5
c12032,-26.80937,19.830406,0
c12033,8.807385,8.93273,0
c12035,4.13115,-0.08210609,0
c12042,-5.9639797,-15.592484,3
c12045,-17.545507,30.356081,2
c12046,-4.150862,9.449634,9
c12047,10.527991,-51.754696,3
c12057,23.762098,37.692024,13
c12061,16.461233,62.53722,12
c12062,16.611813,62.512722,12
c12063,16.56782,61.718838,12
c12064,16.362408,62.729137,12
c12068,44.96144,-24.768808,2
c12083,10.0819845,-51.63311,3
c12089,39.729313,1.0959378,0
c12093,-19.614105,-28.269545,3
c12097,-28.083546,11.52843,3
c12098,-27.37972,12.384,3
c12099,-2.0965092,20.418976,3
c12103,36.043304,-27.877548,14
c12110,40.942863,-22.164251,14
c12111,-22.843367,25.30115,11
c12112,-21.958921,26.535429,2
c12123,-26.733932,-14.327122,11
c12126,25.992064,-14.378134,14
c12128,-25.429276,-34.612823,2
c12129,-6.4761643,21.255768,3
c12132,-21.039387,-27.588428,3
c12136,41.316387,-22.03057,14
c12137,16.711899,-16.522038,13
c12142,29.107374,-25.535427,14
c12144,-6.093383,20.818485,3
p1266,2.6717908,8.7715225,0
c12151,1.8812765,8.767024,0
c12173,4.22667,-32.539413,14
c12174,37.76341,-22.375242,14
c12176,0.6913626,28.163834,11
c12178,10.853444,-49.561695,3
c12182,21.011759,-2.3141227,9
c12185,-26.39501,-34.48991,11
c12194,-23.494017,22.032082,13
c12200,21.158617,-42.153812,0
c12206,-5.2061596,-34.531883,3
c12210,-15.143154,-28.00379,3
c12211,10.702334,-50.13676,14
c12220,11.060862,-51.08849,3
c12225,4.236572,28.075468,15
c12226,4.2333565,28.118015,15
c12229,34.23854,15.206846,13
c12231,-12.4401655,27.263464,1
c12232,-11.176877,20.864414,9
c12236,38.966583,-19.471834,14
c12237,14.392942,-49.510307,14
c12246,0.743615,28.28744,11
c12248,21.522184,-23.282131,14
c12252,-0.4006278,-3.6309154,0
c12264,39.012634,-19.51764,14
c12265,10.940061,-52.70307,17
c12267,-7.701505,-4.6793795,9
c12277,47.67519,-17.915257,14
c12278,11.575567,4.0063844,11
c12280,32.135906,-57.330086,3
c12284,10.987793,-52.864933,17
c12288,55.518944,26.697754,6
c12301,31.865475,43.908363,1
c12303,-2.3621798,41.08673,15
c12304,32.68666,40.765175,1
c12305,32.64713,38.04593,1
c12314,-55.374187,-1.4825301,2
c12318,10.99005,-51.80305,14
p1283,-10.864849,-16.767712,3
c12319,-5.0090647,-34.271725,3
c12320,23.458488,35.36524,1
c12321,54.599674,28.584887,6
c12324,-5.2069273,41.390152,9
c12325,-23.657146,-34.669064,2
p1284,-12.507195,10.720462,9
c12340,16.658651,-0.38417175,3
c12343,-1.9240474,-25.157158,3
c12350,-4.807928,-15.863513,13
c12354,-32.858696,-22.598368,11
c12356,-23.322187,-15.470383,11
c12364,-0.11927552,-14.607867,3
c12372,-45.635117,-11.130112,9
c12373,-21.59985,-24.847574,3
c12376,17.788729,33.125977,3
c12384,-6.522034,40.75988,9
c12389,23.868578,-21.30575,15
c12390,-23.748888,25.431839,11
c12399,-5.3549957,35.922756,3
c12410,-19.916058,47.15557,5
c12414,-18.436653,47.156647,5
c12417,-18.102713,46.742245,5
c12419,-18.641512,47.411785,5
c12422,-19.66256,47.03442,5
c12430,-14.794171,-12.9275875,9
c12431,-8.169183,-6.0136466,3
c12432,21.146503,26.266327,2
c12435,18.750938,39.39418,3
c12440,-56.461807,22.130104,7
c12448,6.530718,-32.916935,3
c12452,-10.290584,11.949407,9
c12456,57.099113,26.226585,6
c12461,-13.758943,56.1977,5
c12462,14.29933,-44.90203,3
c12466,-12.226035,16.56196,9
c12469,-16.35385,51.65829,5
c12473,-1.3968365,-28.669249,14
p1292,6.4365764,-44.477386,3
c12488,22.567436,-31.312883,14
c12490,9.844035,-51.79539,3
p1294,-22.726673,-36.61526,2
c12491,-7.221966,21.215746,11
c12497,-22.278067,30.10853,2
c12499,-22.20049,31.688314,2
c12500,-30.927801,-7.212665,11
c12502,-43.5962,-3.4598498,11
c12503,-30.123066,-5.810295,11
c12506,17.801155,41.229366,5
c12508,0.6941357,27.847075,15
c12512,-18.00506,50.96764,5
c12513,24.73396,-10.660464,0
p1295,6.940558,25.913177,14
c12526,-5.8314996,-36.19564,3
c12540,-26.76871,19.899654,0
c12544,-13.21407,10.664643,9
c12553,-7.9929614,25.324514,2
c12556,-10.559136,33.325455,9
c12559,-0.32916707,-30.066742,3
c12570,32.869644,43.99896,1
c12574,6.455859,25.807749,14
p1303,25.531977,-39.481968,14
c12580,-10.39365,7.815804,9
c12581,-55.55207,-1.8244722,2
c12583,2.5064437,-43.38069,3
c12589,10.5156,32.598362,15
c12591,22.726559,-27.686296,15
c12597,51.492672,-17.032202,14
c12598,-30.358704,-29.086052,11
c12607,20.862577,34.547195,3
p1305,-1.8827449,-48.30693,3
p1307,2.848452,-46.86803,3
p1309,16.55648,-47.359627,3
p1311,33.319424,39.018974,1
c12610,-7.476925,-20.60787,3
c12613,-0.5061623,25.022741,3
c12616,5.8525076,-28.374556,3
c12621,27.729671,-24.438663,14
c12626,5.632281,-20.579876,3
c12628,-22.925201,25.07514,2
c12630,6.7344966,26.10658,1
c12634,-25.403816,-16.483847,11
c12637,-15.78292,49.391396,5
c12638,-8.986737,-21.17752,3
c12650,23.559885,-24.047632,15
c12656,30.994389,-38.234,14
c12660,5.1118493,-54.054653,10
c12664,28.57615,21.328606,15
c12666,-0.6800469,-44.91695,3
c12669,-24.562004,-19.295822,11
c12672,-10.695819,5.4265485,9
c12678,-31.354418,11.617711,3
c12686,-17.97528,45.533096,5
c12687,55.52642,26.909042,6
p1313,-0.5194107,39.493652,15
c12690,-15.116398,-3.5421052,11
c12695,19.664194,-10.085456,14
c12702,1.6173141,-44.97138,3
c12708,15.963491,62.460114,12
c12709,15.987992,62.459248,12
c12711,16.876087,62.360832,12
c12719,-15.533157,13.933388,9
c12722,15.436249,62.565872,12
c12723,16.49512,62.956387,12
p1321,-5.115219,50.707375,0
c12729,-38.768066,-7.9446306,3
c12734,-30.769522,-9.956759,11
c12764,-25.995268,20.98754,0
c12779,-27.171978,-8.945378,3
c12780,-4.334917,37.29732,15
c12784,-0.5981575,24.857014,3
c12790,41.08883,-24.630627,14
c12796,-26.259184,-29.690578,14
p1326,5.8224974,-49.67611,3
c12799,-2.2968097,-52.290207,3
c12801,16.680141,-16.500143,9
c12805,44.007137,-22.717083,14
c12822,17.666681,30.61751,1
c12829,-16.968151,-0.2678953,9
c12830,-11.308586,-40.98494,3
c12832,-35.778015,-3.7953787,11
c12846,10.602745,-51.369823,3
c12851,15.2198105,-16.978727,14
c12854,33.31451,-29.449186,14
p1335,4.86815,-41.6546,3
c12868,-2.3301086,-45.49091,3
c12869,38.649033,-11.956902,13
c12872,46.665855,-21.810236,15
c12877,-50.239555,1.3600365,3
c12879,-23.787893,21.777107,2
c12885,5.785648,10.195597,13
c12887,44.562622,-21.487062,14
c12889,39.011387,-19.430044,14
c12892,10.874846,-52.7487,3
c12893,12.75577,-34.855038,9
c12906,-23.70264,21.841764,3
c12911,-12.20699,-20.810556,3
c12920,-30.799637,17.176956,7
p1338,54.246178,27.455019,6
c12922,55.707386,25.97753,6
c12928,-10.934168,-4.55986,9
c12930,-16.447157,53.920193,5
c12931,16.5984,20.858053,9
c12932,-16.285175,11.833817,9
c12938,49.189724,-2.9634905,15
c12943,0.6156941,27.48811,15
c12945,2.243074,-9.881202,0
c12951,-8.529384,-19.97369,3
p1341,21.149187,37.72481,1
c12962,31.76884,36.237778,0
c12964,-0.71930844,-11.570355,3
c12965,-25.399435,-28.606546,11
c12966,1.7182397,24.93945,9
p1343,15.679817,-29.05169,14
c12973,8.306904,-30.15252,3
c12974,-8.689957,-4.7813106,9
c12988,-3.935844,-26.31408,3
c12992,5.093179,-16.00851,9
c12993,-0.24047714,-31.874847,3
c12995,21.76664,2.9541728,13
c12997,-16.99121,-14.991754,3
c13001,-17.697008,50.199715,5
c13005,-19.782696,47.0887,5
c13012,-30.410107,15.439673,3
c13015,-16.846222,45.085526,5
c13019,14.020358,-19.674528,14
c13020,-18.115116,52.730534,5
c13026,-0.0783202,-9.328721,0
c13027,-15.25546,52.287006,5
c13031,-17.52014,53.6983,5
c13038,-10.447715,3.0921676,9
c13042,1.5553205,-10.341764,0
p1346,16.084072,-3.2031965,0
c13048,18.601263,-2.4842196,14
c13050,-17.63067,28.984892,2
c13052,-18.011253,16.863226,3
c13053,-25.867468,9.742902,11
c13065,-15.378418,51.62976,5
c13070,1.4096855,-9.101291,0
c13076,-12.809092,2.4800801,9
c13077,-6.991117,-15.548133,3
c13082,33.27719,40.30735,1
c13088,-17.732716,52.906918,5
c13100,15.910867,-5.193727,14
c13109,-4.2987986,18.831991,13
c13120,4.759176,-54.4618,3
c13125,-5.591096,-3.1994448,3
c13127,-13.09881,-15.736886,3
c13129,21.061226,33.896862,3
c13136,1.6068335,-10.265186,0
c13139,-15.5717325,52.333588,5
c13141,-7.429706,33.371464,15
c13142,-18.342745,53.51273,5
c13148,3.300259,35.894886,15
p1355,-0.8113668,28.638443,9
c13154,-25.883568,9.5364685,0
c13178,32.534874,41.417942,1
p1363,15.594215,-41.08086,14
c13191,26.406555,-24.836094,14
c13194,15.561042,-40.989643,14
c13197,4.9464016,37.76554,15
c13199,-16.15818,-35.903843,2
c13206,2.1593826,-2.1075718,0
c13210,20.760439,-14.622608,14
c13215,-22.267504,18.841682,0
c13226,-6.749192,24.575308,2
c13232,15.719165,-32.92665,14
c13234,35.41483,36.96967,1
p1373,19.560812,-33.399193,14
c13238,-13.790502,2.812873,9
p1374,0.9793607,25.484934,15
c13250,18.103727,-32.13327,14
c13260,-27.201162,-9.076065,3
c13261,-45.437576,-7.921133,2
c13262,-10.813798,19.945896,9
c13269,3.414776,-8.111534,0
p1377,-45.421455,-7.9145255,2
c13273,35.767765,-24.151165,14
c13276,18.054716,3.1355076,9
c13277,37.257652,41.31799,1
c13281,0.74195415,0.7492914,0
p1379,10.576502,-43.57097,14
c13282,-34.070698,-29.077787,11
c13283,-0.6874707,53.041107,5
c13286,-31.839285,-10.31289,11
c13290,33.005856,38.158836,1
c13300,-2.6612952,-14.056549,3
c13317,-30.468409,-12.577596,11
c13319,-32.819954,11.6989155,3
c13321,34.504272,47.730938,1
c13324,0.21460386,23.209927,3
p1392,18.09439,-40.675747,14
c13327,8.96374,-20.759747,14
c13336,12.906366,-40.99424,14
p1396,28.139805,-22.047556,14
c13337,-1.3075309,16.165224,0
c13340,-23.96335,-27.534712,2
c13341,-16.73098,-19.208872,3
p1397,36.573,-30.420065,14
p1398,6.360196,-41.08329,14
p1399,-12.453214,-14.944018,3
c13346,-6.5525203,20.706633,3
c13350,-6.65228,20.461817,3
p1403,-3.6453617,28.989534,15
c13360,-16.830202,52.226295,5
c13363,57.394943,24.439646,6
c13367,-5.7114525,-16.206701,3
c13379,19.005379,35.82418,14
c13387,-2.9780989,-33.38185,14
c13389,1.846058,-28.120104,3
c13396,19.240332,36.497852,6
c13400,-24.06051,-26.248755,2
c13401,39.644188,39.25432,1
c13402,3.2135873,37.091873,15
c13420,-12.438529,-3.8347201,0
c13425,-4.9107265,-39.237896,3
p1420,-5.2186437,-41.019245,3
c13429,22.8026,-23.559025,14
c13430,-35.079426,18.614994,3
c13432,-33.2196,17.464865,0
c13441,6.382694,20.785421,5
c13443,-11.546471,18.282616,3
c13448,19.244461,36.51511,2
c13449,12.035636,34.67736,5
c13459,13.73955,32.378563,7
c13460,-11.05782,-7.5743055,3
c13461,-12.990463,-29.678284,3
c13481,3.0761378,31.24503,15
p1431,32.94396,-9.532276,13
c13489,35.757565,-2.3060608,13
c13490,32.49111,4.205067,13
c13493,25.009203,1.5728232,13
c13507,-11.528906,-11.253814,3
c13516,38.195522,-17.976871,13
c13518,15.630447,-32.374966,14
p1434,13.800522,58.38779,12
c13522,12.274435,5.7735915,13
c13523,15.226935,-20.877966,13
c13531,15.950589,62.25574,12
c13532,15.450134,64.564156,12
c13534,15.346887,65.48426,12
c13537,-11.089691,-27.660082,11
c13541,14.598166,64.52446,12
c13547,-7.1299148,-11.356751,3
c13545,14.981279,64.6012,12
c13555,-13.981295,-19.15645,3
p1436,-34.157726,23.183193,2
c13560,-36.38583,-12.429254,11
p1437,-33.717655,18.581646,0
c13567,-2.3355713,40.646305,3
c13569,4.1502776,36.92803,15
c13571,20.613905,-14.932083,14
c13574,-17.255383,-11.847557,3
c13575,24.044352,-22.610111,14
c13580,-36.42201,-12.320064,11
c13584,-30.772007,26.781729,2
c13585,45.066895,-24.294024,14
c13587,-22.777843,25.83674,2
c13589,-34.349644,15.814625,3
c13595,10.179262,-17.065582,6
c13598,6.1677547,-48.17516,3
c13600,43.74349,-22.039616,14
c13601,-2.3302102,-52.370678,14
p1443,28.715904,-28.04115,14
c13611,-19.771292,49.73575,3
c13622,10.488823,-25.918144,14
c13625,10.024884,-22.726461,14
c13627,-16.316063,-13.558933,3
c13641,-1.4317546,-14.664922,3
c13643,12.889765,-30.946201,3
c13657,-5.4731355,-10.246135,3
c13664,23.155172,-15.4784565,14
c13668,43.27989,-25.556948,14
p1447,-48.238293,-7.26629,2
c13673,44.572342,-23.88895,14
c13677,11.052538,-51.575,17
c13678,16.201374,-16.51336,9
p1450,18.844765,-38.830082,14
c13683,28.310963,-23.491247,14
c13684,2.662819,30.859068,15
c13692,-6.549137,22.030615,3
c13697,18.696976,-38.774143,14
c13699,27.541378,-23.877674,14
p1454,26.335491,-24.775543,14
c13702,-25.926554,-35.085636,14
p1455,0.94190156,-17.725384,3
c13712,10.444732,-50.793747,14
c13716,14.94738,-16.869785,9
c13717,18.486155,-13.563238,11
c13721,-0.5698731,-13.723185,3
c13729,-33.048286,-17.016176,11
c13736,44.958275,-24.406942,2
c13737,7.8711843,-0.48557565,0
c13743,35.001373,-3.492388,13
c13746,28.287159,-22.211586,15
c13760,-4.9181905,-32.28851,3
c13771,-9.53731,-3.050293,14
c13778,4.348177,-55.87135,3
c13780,-49.873894,23.869371,7
c13781,-0.34932852,-2.1356947,0
c13783,20.942286,33.315063,3
c13784,30.447111,-29.741102,14
c13787,-26.025461,-21.295942,3
c13790,10.404743,-51.635506,14
c13792,10.51054,-52.031948,14
c13793,9.756605,-51.60535,3
c13798,11.563711,30.389872,5
c13805,-1.3040761,-28.689714,3
c13815,-1.4236681,-14.602123,3
c13822,-21.340197,52.25062,7
p1466,28.896288,-28.111092,14
c13827,-2.3245893,-25.885496,3
c13844,27.11808,-25.099342,14
p1470,16.739462,-31.589565,14
c13848,2.385224,1.1783023,0
c13854,1.620095,-49.374096,3
c13866,44.729084,-23.92782,14
p1472,22.624226,-24.952803,14
c13873,26.573776,-29.123407,14
c13875,19.37954,-31.200735,14
c13876,-10.529333,2.4690156,9
c13878,-13.787989,5.185389,9
c13885,-14.077164,9.126293,9
c13886,-14.220802,28.952282,9
c13889,10.591471,-51.58965,3
c13891,9.912311,-51.677326,3
c13911,10.591197,27.107693,15
c13912,20.109015,-1.4611075,13
p1480,15.626097,-37.63398,14
c13925,4.7241697,-1.3099142,0
c13928,8.56722,-40.365105,3
p1483,13.862689,-29.642046,14
c13931,-14.918395,47.133873,5
c13935,29.140017,-6.6896887,13
c13937,10.985087,-52.811897,14
c13959,-56.381367,17.33021,7
p1496,22.810497,38.028465,14
c13994,-22.170769,28.055536,2
c13998,15.837868,-16.75398,9
c14000,15.682547,-16.841179,9
c14002,43.668957,35.927925,1
c14008,29.03073,37.385876,1
c14011,-17.701626,53.813446,5
c14014,-12.933486,56.56833,5
c14021,10.910887,-51.727688,14
p1500,-14.365898,-39.9563,3
c14031,35.832123,39.63374,1
c14034,-17.011848,-35.344273,3
c14035,20.810553,-31.179098,14
c14037,36.816875,36.65434,1
c14042,36.817066,36.654125,1
c14045,23.0527,-24.101696,14
c14051,17.561779,-30.077044,14
c14052,-15.973694,50.45886,5
p1507,38.098095,-29.740297,14
c14059,1.9551377,11.625498,0
p1508,40.143944,-27.491358,14
c14064,37.416172,40.185238,1
c14068,-14.751113,-2.2318132,3
p1511,-28.38848,-29.601772,11
c14086,36.820156,-19.462463,13
c14088,26.546345,-29.339025,14
c14090,-5.2629414,42.46611,9
c14118,12.630433,-48.08946,14
c14120,-31.42441,29.997147,2
c14122,-7.6914725,-14.44354,3
c14130,-11.232207,-8.359578,3
p1515,36.180405,-23.901592,14
c14133,35.637558,-22.927912,14
c14136,20.219383,-29.974787,15
c14140,35.289906,-25.000292,14
c14142,23.99971,-21.470837,15
c14144,11.854699,-24.376287,14
c14148,-9.234378,27.14882,11
p1517,17.064554,-32.200584,14
c14160,35.046974,-22.961731,14
c14166,8.388928,-12.018464,3
c14167,26.925337,3.4211905,13
c14172,5.27141,-24.521828,3
c14178,-16.172874,-41.11078,14
c14180,-20.271412,28.552343,3
c14181,-16.986057,-40.73676,14
c14182,28.066864,-24.519705,14
c14183,27.1041,-22.750141,15
c14185,11.525306,30.423944,0
c14193,38.96823,-28.830124,14
c14196,41.114883,-26.645767,14
c14198,47.435555,-16.145105,14
c14200,43.136738,-23.660713,2
p1520,15.097014,-39.53175,14
c14213,26.46473,-25.010502,14
c14216,28.407816,-21.785728,2
c14217,29.2481,-17.895365,14
c14227,39.644783,-24.065887,14
c14228,45.37626,-21.596098,14
c14232,6.5029044,34.264305,15
c14236,21.231863,34.13594,3
c14241,5.8102736,-24.779255,3
c14244,-18.278135,-18.272724,0
c14251,-6.7877674,-16.934921,3
c14254,-23.646896,-8.579143,11
c14255,18.296364,40.373684,11
c14256,-16.320957,51.234684,5
c14258,21.328287,34.247044,3
c14273,0.9791441,44.226772,15
c14277,36.623226,-20.69553,13
c14278,10.606425,32.52935,15
c14279,39.491783,-23.875736,14
c14285,-35.678463,33.00872,2
c14287,-5.575434,-18.012112,3
c14294,-8.942468,-38.95857,3
c14303,1.3823011,-33.503395,14
c14306,37.14796,-29.07501,14
c14308,-4.427603,-43.852135,3
c14315,-1.521707,53.685024,15
c14325,4.199098,-26.27072,3
c14332,31.905672,-58.50475,3
c14335,32.82579,-6.069307,13
c14347,10.040655,-48.67537,3
c14348,21.022291,-28.165863,14
c14354,14.576185,-45.76387,14
c14362,-13.165339,26.454853,0
c14366,-17.447777,54.997665,5
c14372,35.63357,-22.95924,14
c14374,-8.121861,-3.4273794,3
c14381,28.623817,-7.0838532,2
c14395,10.708208,12.878772,7
c14397,0.42036915,-34.34029,2
c14403,-24.82484,-39.37191,2
c14410,-27.664463,13.584067,0
c14429,-2.516442,2.7131972,0
c14430,-17.857077,48.77496,5
c14433,-26.15744,-39.911762,2
c14434,11.875138,-51.733017,14
c14458,30.915638,-7.603369,13
c14483,22.404848,-5.9492717,13
c14485,16.797178,-1.2969317,14
c14487,13.932888,29.884527,14
c14491,-44.269608,24.91149,7
c14494,-26.496626,-27.184126,11
c14498,13.811366,32.071022,15
c14504,23.193321,-23.948322,15
c14507,2.065332,1.4290391,0
c14513,34.420544,-2.960327,13
c14515,-17.024956,53.842285,5
c14518,11.050201,-18.821024,15
c14519,11.840551,-24.038671,14
c14527,-23.239752,-19.000935,11
c14533,1.4537095,38.79737,15
p1545,19.267735,-34.560513,14
c14538,-12.612147,-16.158033,3
c14539,-17.629406,55.08973,5
c14541,-7.1302166,-12.954414,3
p1546,35.90942,-23.220646,14
c14545,13.013653,-27.907139,14
c14550,6.175553,-48.030186,3
c14552,10.965405,-44.66577,14
c14553,40.064377,42.62861,1
c14555,6.3998847,-24.537252,3
c14557,-9.485232,-8.149131,3
c14560,-15.285503,-17.136465,3
c14569,16.879725,-31.966965,14
c14581,15.940049,-1.5305699,0
c14589,-36.734585,-11.1531315,11
c14591,41.2445,-20.415733,14
c14592,0.8385949,-49.011223,3
c14593,0.9314248,-29.383099,3
c14596,16.7413,-2.1728604,14
c14597,3.589261,-44.5698,3
c14598,-17.741692,48.986103,5
p1554,31.845459,-18.121473,14
p1555,-30.572794,-30.538012,11
c14608,15.23294,-9.787098,0
c14617,28.886858,-13.623397,13
c14622,0.8705017,41.33058,15
p1564,-31.283077,-29.378838,11
p1565,3.7117205,36.983818,15
c14629,-18.927324,-33.675465,2
c14633,-3.076788,-42.669956,3
c14637,39.75647,-23.559525,14
c14650,-11.968331,-36.012356,3
c14653,34.56377,-0.35402393,13
c14660,23.496714,36.661556,14
c14663,-21.52411,-3.012364,9
c14665,47.79705,-1.8841197,15
c14666,33.400227,41.68251,1
c14669,-5.674974,-36.035805,3
c14670,0.042478338,25.522003,9
c14671,-9.973382,-17.85513,3
c14672,25.044842,-39.585247,14
c14674,2.882736,7.8894057,0
c14675,-30.01875,-28.509523,11
c14678,-38.04369,33.633446,2
c14679,-31.48594,26.15624,2
c14685,1.8950579,39.108093,15
c14691,25.794086,-24.185856,15
c14692,29.844568,-17.96756,13
c14694,29.261124,-22.60051,13
c14702,-28.364435,27.978737,2
c14712,-10.871356,54.87598,5
c14714,-18.84842,-33.49971,3
c14720,45.848392,-13.75098,14
p1575,17.788364,-39.25924,14
c14725,23.473343,-24.289867,14
c14734,16.809986,-30.393082,14
c14735,23.179049,-23.952902,15
c14738,9.953171,-24.214293,3
c14743,1.3990474,38.26587,15
c14752,-26.135994,-18.80114,11
c14755,7.6460543,-4.2448926,3
c14758,-12.209827,-13.004047,3
c14761,14.37451,24.063215,15
c14768,15.465165,-3.961713,0
c14772,33.45667,36.383186,1
c14775,36.15788,-10.928872,13
c14777,32.87329,-6.7241006,13
c14780,36.151283,-10.867582,13
c14785,6.6965265,-23.95753,0
c14794,-9.530019,-8.099401,0
c14801,-4.2416115,-36.933777,14
c14805,-9.576176,-16.218786,3
c14807,2.4344788,38.01371,15
p1588,33.247856,36.859825,1
c14810,-9.576649,-8.024735,0
c14814,-4.2312174,-37.0124,3
c14821,-36.37432,-33.449383,11
c14833,39.32739,-22.598206,14
c14848,22.600515,-22.920736,15
c14850,18.469692,-6.2605066,13
c14851,23.716476,-40.309345,14
c14853,19.238276,-35.37772,3
c14859,-23.001448,-20.443012,3
c14862,34.810833,-4.485174,13
c14866,15.758157,-25.737274,14
c14867,31.632761,-33.72755,3
c14872,37.729053,-10.662141,13
c14874,-38.071793,33.731342,7
c14878,33.672153,40.990067,1
p1591,-48.564163,16.847599,7
c14884,8.92683,-12.909991,0
c14886,0.2614917,38.33863,15
p1592,-32.803677,-29.884516,11
c14888,-14.557955,12.2395,9
c14890,-10.747039,-9.302395,3
c14894,45.616066,-15.387471,14
c14897,5.7120476,-27.888163,3
c14898,-22.097466,-25.503452,3
c14909,34.169098,16.305521,13
c14910,2.1173785,30.480988,15
c14921,30.51557,15.550207,13
c14922,-14.39181,38.88034,3
p1594,9.19464,20.132544,2
c14929,-7.412755,-9.556973,3
p1595,37.9099,-10.666758,13
p1596,46.503197,-15.077416,14
c14941,34.46197,-4.2663813,13
c14942,22.796604,38.33276,14
c14943,-9.416227,-41.323124,3
c14944,21.453,40.10638,1
c14945,25.915655,25.203693,2
c14946,-3.108157,-47.618347,3
c14950,12.489782,17.355751,0
c14951,-48.738434,16.917633,7
c14954,16.627813,-26.781458,14
c14955,27.264711,-5.154798,13
p1600,38.21784,-14.088316,11
c14960,30.78988,-0.4434854,13
c14964,-16.731228,51.659042,5
c14972,-7.980374,-10.900278,3
c14976,-30.963156,-23.987034,11
c14980,33.158134,-3.7874029,13
c14981,3.0500727,-1.1763215,0
p1606,33.05835,-20.398088,14
c14985,27.281693,1.2012684,13
c14986,39.997078,-20.846603,13
p1607,-33.898163,-27.609552,11
c14990,-30.291204,-31.609098,11
c14992,-13.946691,-22.068693,3
c14993,-17.787958,-13.530208,11
c14994,-25.450289,-4.315125,0
c15003,-35.05833,-28.83008,11
c15004,-32.2929,-25.942926,11
c15005,-23.37449,-22.189209,3
c15012,-28.004429,-23.064745,0
c15024,2.6447036,-11.30218,3
c15032,0.63289845,41.70561,15
c15044,-6.414472,15.119578,9
c15049,-19.94183,-1.3507031,9
c15060,-14.947931,49.13964,5
p1614,-16.327572,-19.135946,3
c15065,31.588612,43.893894,1
c15069,12.019679,-21.704493,14
c15074,22.202105,41.50435,10
c15083,28.303503,2.135931,13
c15085,27.146101,-37.80761,3
c15087,41.414566,-16.53386,14
c15092,15.371001,-6.9232497,0
c15096,1.7719793,39.865425,15
c15099,9.793529,37.403156,15
p1617,-9.241635,-12.864334,0
c15103,-39.536247,31.889944,7
c15107,34.640125,-25.744486,3
c15109,18.392284,-6.5486217,11
c15118,1.7766833,14.865133,0
c15119,29.05013,1.1653137,13
c15120,40.453682,42.698715,13
c15122,-17.536572,-2.2329788,3
c15124,-5.746294,-8.724716,3
c15126,-5.9432693,-14.093447,3
c15129,28.534227,39.356247,1
c15130,-10.31067,-3.8549945,9
c15131,1.9756,-23.401548,13
c15134,2.7044525,0.98521036,0
p1619,-10.332959,-3.9320655,2
c15147,15.509942,-27.867462,9
c15148,1.982631,28.501703,15
c15151,-12.599033,-16.61791,0
c15157,-38.277294,5.220984,9
c15158,1.0955286,-18.019993,3
c15161,-38.631,-14.258965,11
c15165,-22.33319,-16.287064,11
c15168,-2.72943,34.886536,3
c15169,-22.387741,-16.229252,11
c15172,-12.071269,-21.309704,3
c15173,14.77169,-31.166306,3
c15180,23.501877,-24.70483,14
c15185,19.964226,-39.091373,14
c15187,39.332577,-22.778118,13
c15194,28.47592,39.37001,1
p1624,16.116255,-38.33541,14
p1626,13.462045,11.719283,13
c15204,-7.87817,-30.807758,14
c15211,2.9810328,20.47455,3
c15213,-23.999956,-23.456663,11
c15215,-2.5940092,-31.347536,3
c15220,-15.681617,-16.347204,14
c15221,33.099293,-9.785588,13
c15229,9.847553,-26.197454,0
c15233,-25.804148,-37.61302,2
c15237,18.070131,-38.73291,14
p1634,-31.513065,-7.2893333,11
c15247,17.8665,-23.309662,14
c15261,-15.643459,-16.38828,3
c15269,-10.9679365,-40.197052,3
c15273,-53.356686,10.933338,3
c15277,30.69407,-4.8442225,13
c15282,3.5503316,-29.98416,14
c15288,23.321005,-24.74261,14
c15295,8.625552,-40.072113,14
c15298,-0.5632482,24.616556,3
p1639,15.621216,-38.80307,14
c15300,-21.934872,-36.055756,14
c15301,33.71074,3.0527575,13
c15308,-10.95356,-27.53272,11
p1642,12.85937,-42.885986,14
c15317,4.0551114,-22.840363,3
c15320,-8.04827,-13.770146,3
c15329,30.353289,-11.044922,13
c15334,-6.929741,-13.255797,3
c15341,4.6510878,26.149286,15
c15349,-10.323096,-3.9532743,2
c15351,-0.60580266,-30.873379,14
p1645,8.921906,-21.990128,14
p1646,37.07272,-24.342844,14
p1647,18.238758,-39.945473,14
c15371,8.088969,-39.395992,14
c15380,-35.20069,-28.783972,11
c15385,-17.271189,-19.18749,3
c15386,-12.289345,-12.987652,3
c15389,-26.591568,-24.873798,11
c15390,6.9400587,35.301216,15
p1651,14.181243,-27.828194,14
c15400,36.187515,15.998525,14
c15406,-37.619595,22.325417,11
c15408,2.7580395,-11.400915,3
c15411,32.885326,34.64705,1
c15415,-8.761122,14.33721,9
c15416,27.509226,-24.022987,14
c15418,-1.3795532,29.270926,11
c15425,32.366734,13.251682,13
c15432,-33.166405,-29.43078,11
c15449,12.026576,-21.795504,14
c15451,11.570326,-17.015022,0
c15452,4.983533,42.964622,15
c15454,51.346127,-16.96464,14
c15457,2.4246483,-31.603907,3
c15459,18.457634,-33.756287,14
c15460,48.098347,-14.489823,14
c15463,46.987656,-15.08754,14
c15466,1.6287947,-25.235397,3
c15467,18.336226,-30.42007,14
c15473,46.299168,-14.985571,14
c15476,3.737639,26.024181,3
c15488,14.528216,-27.947384,14
c15493,-9.475603,-47.6133,3
p1658,-7.645105,-44.461414,3
c15497,-7.5865893,-32.992863,14
c15500,-7.5115705,-44.35065,3
c15503,-30.800518,-6.7797995,11
c15508,43.60823,35.85119,1
c15510,-5.127698,28.419928,2
c15518,19.11552,-36.858345,14
c15519,30.432571,-30.591274,14
c15526,22.255224,37.795223,1
c15527,18.78399,-35.469944,14
c15532,16.250708,23.292456,15
c15538,-34.15299,-18.289854,11
c15546,30.50477,6.5709195,13
c15548,51.403538,-16.97479,14
c15549,57.88556,25.55942,6
c15557,24.396605,37.458797,1
c15567,43.879528,35.109455,1
c15568,42.70839,-15.818036,14
c15572,38.151596,-6.2437544,13
c15582,11.676102,-25.719484,14
p1667,-22.715061,-38.603092,2
p1668,5.242936,35.42051,15
c15586,-30.669363,-6.396472,11
c15592,-8.5796,-26.7329,3
c15593,-10.386338,-9.683652,0
c15608,-7.436375,-8.200344,9
c15614,-11.178106,-3.0517662,9
c15618,-1.9531006,52.494755,15
c15625,30.325895,2.1099224,13
c15627,40.964123,-22.346169,14
c15629,-6.947552,6.5689745,9
c15630,-6.945547,6.604854,9
c15631,-5.3817058,27.218178,11
c15635,-24.466808,14.81052,11
c15636,-2.4330175,1.7865603,0
c15644,-22.56916,-38.71181,2
c15645,-24.177773,-44.382374,3
c15646,-4.903241,-14.176141,3
c15653,-1.9750032,54.59992,11
c15654,11.673677,-44.89047,3
c15656,8.052251,28.61713,15
c15659,15.086403,61.12471,12
c15664,15.071134,63.953938,12
c15669,16.177431,63.948124,12
c15697,-24.150187,-44.563976,2
p1684,-3.737585,-42.725418,3
c15700,4.8158636,-21.771381,0
c15702,12.12293,-51.998386,3
c15703,27.165966,-1.5586127,11
c15706,-30.26501,25.80761,11
c15709,-42.562366,26.045408,7
c15712,-18.979174,-39.248837,14
c15713,3.7285602,39.261925,15
c15715,-43.4119,25.214497,7
p1687,48.529953,-14.146348,14
c15729,-15.643324,5.871678,9
c15730,-3.8789833,34.3018,3
p1688,4.9731064,33.386513,15
p1689,-6.5112753,-13.431804,3
c15738,-6.9126306,-13.7659645,3
c15740,-6.169029,-13.320825,3
c15743,-5.549707,-17.955427,3
c15745,33.730404,-12.324378,13
c15749,46.333534,-17.023207,14
c15752,16.56591,1.9394904,0
c15758,8.802635,-22.106161,14
p1694,25.140934,34.768784,14
c15773,-14.706573,26.37976,3
p1695,-14.739507,26.434938,2
c15781,-23.513252,-16.61714,11
c15784,-28.360325,-24.496803,11
p1699,-30.850452,-18.705421,11
c15790,-23.810543,-16.55571,11
c15792,5.5615387,30.764648,15
c15800,1.1060584,32.912262,15
c15801,-29.767836,-18.97623,11
c15806,17.087965,-11.277267,13
c15826,-45.582817,26.401152,7
c15827,37.090626,34.681133,1
c15829,4.351288,34.146385,15
c15835,12.468335,-29.80445,3
c15836,33.832333,45.4649,1
c15845,-22.221449,-22.36135,11
c15849,-34.32068,-21.139446,11
c15850,-7.6000657,36.009254,11
c15859,10.794979,-52.306473,17
c15860,0.81831384,5.1390185,0
c15864,5.7616105,39.404625,15
c15865,-11.174619,-15.265135,3
c15870,-54.69835,-1.1846066,2
c15875,-28.18831,11.348123,11
c15877,37.65169,-3.152597,13
c15880,8.211325,-9.856638,13
c15891,34.549084,1.5200112,13
c15893,34.271336,1.0405921,13
c15895,6.8118963,10.049306,13
c15902,2.6933372,9.187991,3
c15908,1.0227505,27.43428,15
c15915,-41.538116,22.213703,11
c15925,-3.0619512,42.93161,15
c15927,-54.649742,-1.1147481,2
c15935,29.16527,-30.488436,14
p1709,25.903896,24.950361,13
c15951,30.408966,15.836021,2
c15956,-17.899534,-40.62391,9
c15957,34.697388,26.473186,1
c15961,33.275547,26.772907,13
c15966,15.766312,-16.737494,3
c15972,11.02847,-36.837704,2
c15980,-17.620089,-40.57012,9
c15982,2.8634357,-11.298776,0
c15991,2.6515756,13.589108,0
c15993,23.30831,-34.17446,14
c15995,28.320087,-14.832274,13
c16005,1.7909546,12.393966,0
c16010,27.928574,-14.792749,13
p1716,-20.691113,-30.095695,14
c16015,9.731451,-44.45438,14
c16022,-3.7337224,36.532864,15
c16023,-17.388506,-18.972404,11
c16026,-6.9864492,-34.443268,3
c16029,-5.176648,-41.455868,3
c16035,-7.2686357,-36.035053,3
c16037,-38.784645,33.338505,5
c16045,-30.82269,28.977032,2
c16048,26.800856,-30.090504,14
p1719,6.70657,29.391195,15
c16052,-46.59236,23.345486,7
c16058,-32.680336,-29.458107,11
c16068,-13.628071,-20.996683,3
c16071,-18.267387,-18.241388,11
c16082,8.368281,-48.811653,3
c16083,-12.621455,-12.401545,3
c16090,32.0224,42.636223,1
c16091,-16.999878,-26.853092,3
c16092,35.897606,2.6078246,13
c16100,0.38055667,-23.812056,3
c16108,2.0601869,-39.802166,3
c16112,-6.5710764,-31.53759,3
c16119,39.44737,10.783269,13
c16122,-7.8774157,-12.629164,9
c16129,-44.388397,21.082268,7
c16133,-15.348277,-10.7495985,3
c16139,-16.394274,52.518898,5
c16146,-0.034320146,27.886095,9
c16149,1.3900234,25.972462,11
c16152,-8.9587,43.106483,15
c16153,17.87638,5.9885592,13
c16156,0.8425567,39.526543,15
c16160,13.485043,-20.699642,14
c16164,-17.902126,-33.681282,11
c16166,-8.306063,-7.9545197,9
c16168,-49.887497,21.548635,7
c16170,-8.068803,41.463852,11
c16177,-40.554592,-16.984121,11
c16184,-4.5575643,-11.986632,9
c16185,-17.978354,6.9398417,9
c16187,-24.469793,-31.079706,3
c16193,-15.428148,27.556154,2
c16196,-34.165157,-29.34715,11
c16198,50.567055,-8.633403,13
c16200,1.7407566,-50.056995,3
c16203,-34.225315,31.936228,2
c16204,5.888973,-51.627556,3
c16208,-10.997196,-19.650618,3
c16209,3.4684682,28.504698,15
c16214,-15.697112,52.192814,5
c16216,16.623968,20.828646,9
c16218,-10.648835,9.510694,9
c16221,-1.0098011,28.466824,11
c16222,28.471361,-7.677027,3
c16226,-0.73879206,-13.3143015,3
c16229,-7.2048693,42.149628,9
c16234,32.88598,26.274412,13
p1728,-0.94455016,-0.31682736,0
c16257,-5.148598,-17.576859,3
c16258,-7.3953204,-35.486282,3
c16262,6.590469,-46.045765,14
c16264,17.757229,-29.95906,9
c16267,-1.3420346,-38.814682,3
c16269,-3.4372964,-37.986877,3
c16273,-0.71939224,32.260456,11
c16274,33.837345,41.039215,1
c16275,32.110485,38.401207,1
c16280,-35.317398,30.860346,2
c16284,-0.9368082,28.597645,2
c16289,33.150562,-33.05097,14
c16291,0.5216536,27.477377,2
c16299,-13.081708,-40.44448,3
c16303,16.21804,-6.013352,0
c16308,26.967232,3.3757393,13
p1737,22.211565,31.49085,2
c16319,-11.677138,46.80072,5
c16325,-4.632252,-35.733986,2
c16329,18.244778,18.734632,15
c16337,1.461172,26.930687,9
p1739,20.752926,-39.543503,14
c16341,-27.160955,-40.18609,2
c16342,-2.3742766,38.404655,15
c16350,-12.736602,-16.660223,3
c16355,11.053663,14.403451,14
p1741,8.521939,-9.5697365,0
p1742,-5.5824094,23.800478,14
c16365,0.4559109,-5.1146483,0
c16366,11.595178,10.47945,17
c16367,29.75929,5.1862836,13
c16369,20.750935,34.362118,3
c16370,38.805676,0.12601139,0
c16372,-33.26084,-18.381472,11
c16378,-15.26046,-43.410034,9
c16381,4.7196803,-20.100555,14
p1743,21.202616,34.566635,3
p1744,-4.2693725,-17.19811,3
c16387,-12.182022,-32.90519,3
c16390,-7.33255,34.21439,15
c16395,8.383473,-24.119614,9
c16397,-29.979177,-27.035872,11
c16398,-29.658112,-4.502284,2
c16399,-6.025868,-12.576667,3
c16400,21.46904,34.224823,3
c16401,-14.983535,47.60785,5
c16402,-8.915635,-32.14528,3
c16413,-3.9430628,-38.383274,3
c16414,-39.500854,-29.423735,11
c16422,2.3559046,40.529423,15
c16437,17.799572,-2.2776577,9
c16443,-46.587425,10.726952,11
c16450,2.3528585,-3.2916424,0
c16452,-13.825435,-3.502722,11
c16459,-13.726218,-3.7732606,0
p1752,-23.239557,-33.327374,13
c16483,-20.837934,46.906082,5
c16507,0.36324728,-37.295765,3
c16511,-7.0853853,41.234013,9
c16514,-7.3476763,-21.437506,3
c16520,3.3356583,-9.744612,0
c16528,1.6466802,25.840042,7
c16533,-15.549623,42.40377,3
c16538,2.8623838,7.9156227,5
c16541,-16.35067,43.94723,3
c16546,-19.180868,42.619434,9
c16547,-15.513387,42.7544,15
c16553,-17.171873,46.997765,5
c16560,-16.542871,-23.730621,13
p1755,-30.742973,29.362543,2
c16573,-30.429482,29.706179,2
c16574,-7.042989,-34.499092,3
c16584,-31.671366,12.161905,2
c16589,1.9359605,-8.87608,0
c16593,-8.881709,-7.8482494,0
c16599,-27.239504,27.422243,2
c16607,17.139305,38.521873,6
c16617,1.8631309,8.929041,3
c16621,-17.211569,54.366913,5
p1759,38.431637,-29.17541,14
p1760,-26.770456,-19.42111,11
c16628,-16.162642,-41.64719,14
c16643,-12.456215,-19.22768,3
c16644,-7.1076083,22.560358,3
c16647,0.5157057,-37.168766,3
p1764,13.489673,31.907925,11
c16658,5.3349743,-23.890886,3
c16659,-18.699657,-0.09474814,9
c16662,-7.361095,-32.80624,3
c16674,-43.917347,-22.48639,11
c16677,-5.537643,-36.15377,3
c16678,30.19513,4.7631354,13
c16681,13.548857,-27.422047,9
c16685,-2.51816,-14.095223,15
c16690,4.016013,-32.897293,14
p1765,10.605678,-43.154366,2
p1766,4.1767354,29.753992,15
c16698,-16.3723,46.733204,5
c16700,-3.6229777,-39.783066,3
c16703,2.7269151,-4.895527,0
c16707,57.649284,23.408087,6
c16709,55.505432,25.80223,6
p1767,54.245308,27.630682,6
c16713,-30.879198,-28.713959,11
p1768,-5.0742393,23.021797,2
c16714,32.47077,-57.25158,3
c16715,32.39898,-57.924038,3
c16731,44.812782,-4.482635,13
c16734,45.01646,-4.7602115,13
c16737,-22.911089,-23.430168,3
c16744,33.049683,12.6335125,13
c16750,-18.451132,-5.0937467,3
p1772,20.63214,-39.622654,14
c16764,3.996255,31.417744,15
c16765,29.848608,30.459578,14
c16768,32.233597,-57.47523,3
c16774,-13.43427,56.26519,5
c16778,21.400469,-7.5636272,13
c16779,30.818068,43.76463,1
c16784,0.9695702,27.460724,13
c16796,1.3112065,38.256287,15
c16801,-17.779533,55.06012,5
c16805,-4.2891216,0.07562362,0
c16808,-8.980016,-4.0941534,9
c16812,-17.747921,55.084045,5
c16813,51.30382,-16.963951,14
c16818,31.248499,-58.799038,3
c16826,0.63328546,51.31547,15
c16831,-24.950287,16.196243,13
c16841,17.147057,-3.3036122,14
c16849,-56.91056,20.269857,7
c16850,5.508193,-17.30659,9
c16852,8.124256,28.640926,2
c16863,3.946314,33.4987,15
c16874,-18.192165,-3.2362144,9
c16884,10.349688,-13.008394,3
c16886,-27.348497,-34.29456,11
c16888,18.695015,-15.371975,13
c16891,7.21269,-23.27912,3
c16892,33.05777,40.13452,1
c16894,-2.3974302,-6.199084,0
c16902,39.065506,-9.691706,13
c16905,-25.694397,-4.255248,11
c16912,-16.958424,50.297333,5
c16913,-17.116083,51.26086,5
c16915,-38.880505,-19.801073,11
c16920,2.3836796,-21.021502,11
c16925,17.891819,-6.128233,14
c16926,-12.278641,-17.165737,3
c16931,24.475021,1.2402254,13
c16950,-10.399265,-6.886932,3
c16951,31.135008,-4.989849,13
c16954,32.89076,40.274788,1
p1787,-11.416988,-18.112307,3
c16964,43.41234,33.26389,1
c16968,13.30256,-45.525654,3
c16969,13.233118,-12.27486,14
c16973,-14.463006,-27.226753,3
c16974,1.173567,10.094168,3
c16978,-17.458078,53.95614,5
c16986,-5.2585697,23.494793,15
c16988,32.995018,38.622444,1
c16989,32.021942,1.0948032,13
c16996,28.284946,-34.36088,14
c17004,21.740458,-13.362259,14
p1797,-0.97671574,1.5025041,0
c17011,-13.181911,-16.076172,3
c17012,-9.541742,-13.046644,3
c17020,-1.6489729,25.877743,3
c17024,1.4526274,-51.639725,3
c17030,14.699243,12.990264,0
c17039,0.78470397,51.148148,15
c17040,-55.808544,-2.106559,2
c17041,5.7230344,30.44919,15
p1801,-12.377836,-19.499271,3
p1802,-0.51823676,-10.631545,0
c17048,-9.461697,0.4942005,9
c17049,-16.003563,56.14907,5
c17054,-30.714605,31.329586,2
c17059,9.14291,-24.938465,3
c17062,-24.13891,19.166159,0
c17063,-10.281583,14.882827,9
c17065,20.517336,14.713437,3
c17066,19.045784,-37.067883,14
c17073,-36.613495,-19.971931,11
c17075,18.08364,-6.7405562,14
c17078,-35.282192,16.305635,3
c17079,-37.223938,-12.374341,11
c17087,0.9193363,34.439175,15
c17090,-17.574276,-43.037647,14
c17093,-23.019894,-9.59531,3
p1806,-18.190746,-39.62757,14
c17100,-26.9597,35.815746,2
c17103,20.667568,35.845142,2
c17108,-12.65755,53.46403,5
c17111,-25.177252,46.256718,5
c17118,14.467987,-27.112448,14
c17121,-10.465096,-15.656271,3
c17122,-28.157873,-32.681316,2
c17126,20.15081,-32.654964,14
c17129,-5.666534,-33.848618,3
c17132,-32.35028,-29.763985,11
c17141,18.986382,-12.387833,3
c17147,25.480785,-9.639531,13
c17149,-2.0455039,-36.181313,3
c17152,-29.96571,-5.021649,11
c17156,-24.328148,-1.711011,11
c17158,28.670053,-32.85236,14
c17166,-0.16329595,32.50309,15
c17167,-17.628223,55.00345,5
c17168,2.163401,8.155425,0
c17172,21.47508,40.216995,1
c17175,-39.78357,-1.0334079,2
c17181,48.170757,-13.499484,14
c17183,-24.043966,-25.34564,2
c17187,-35.6628,-31.813414,11
c17194,18.056866,-39.681896,14
p1818,-1.6162959,35.16308,3
c17202,-46.451027,35.88453,2
c17207,-28.342886,-23.350386,11
c17217,18.512506,-19.023685,14
c17218,17.76232,-18.347008,13
c17219,17.560076,-18.38478,0
c17226,-36.503155,-19.849068,11
c17234,2.9197946,20.478851,9
c17239,-13.95529,54.141083,5
c17249,21.224781,-7.5355353,11
c17258,3.4331226,25.926943,15
c17260,0.05603122,29.567026,11
c17262,6.715254,-17.197086,0
c17264,-0.26843834,31.319267,11
c17268,18.443682,-18.969086,3
c17272,28.723646,-34.551067,3
c17274,20.583376,-36.42474,14
c17277,18.465391,-18.99182,9
c17281,18.538498,-19.042017,14
c17289,-30.89057,8.875406,2
c17293,-15.515091,-40.717083,9
c17295,28.305689,-34.191406,14
c17296,-12.216083,-12.360823,3
c17299,-54.033306,0.8154292,2
c17303,1.8608989,8.873524,3
c17307,32.86435,47.68994,11
c17308,-35.46436,-27.630672,11
c17320,-4.494276,-43.82368,3
c17327,-24.291084,-36.274757,14
c17328,-24.521545,-33.977745,2
c17329,0.7995529,-7.1394396,0
c17330,-25.709536,-32.455215,2
c17332,-17.502127,-6.8219886,11
c17333,-19.345982,-21.609365,3
c17338,-9.972477,-32.238224,14
c17339,-11.297043,-11.922096,3
c17341,-22.686068,3.0245485,9
p1828,17.990776,-33.731606,14
c17354,46.231544,-13.399823,14
c17362,51.429253,-16.467726,14
c17367,-55.68064,25.042377,7
c17375,4.313867,-19.832546,3
c17378,43.142204,-23.270227,2
p1831,4.3455567,-19.87265,0
c17390,-17.103155,-17.090109,3
p1833,14.1105385,-39.448624,14
c17392,44.691402,-23.206099,14
c17396,-28.777884,28.474077,2
c17397,-8.922087,5.6376724,9
p1836,-45.152645,-7.9504533,11
c17402,-6.3557296,-1.4053982,9
c17409,9.04036,30.558275,15
c17410,20.514618,-14.8135395,14
c17415,-23.39334,-40.04955,2
c17434,-8.967062,-45.3816,3
c17444,45.556118,-23.406351,14
c17449,-4.256435,-43.152195,3
c17455,5.791615,-25.377571,3
c17466,-0.6354291,-30.65732,3
c17471,1.70455,39.72502,15
c17472,1.1842852,-33.60301,14
c17474,30.505606,39.427994,1
c17484,-21.198406,-40.105103,3
c17486,-39.443092,32.10946,7
c17497,26.063892,9.992243,13
c17501,-12.898535,-8.639504,3
c17503,10.716531,-42.760647,3
c17505,-23.352978,-40.196224,2
c17507,-46.579563,10.712498,11
c17509,-28.582136,-8.707301,11
c17519,-21.562124,16.429523,9
c17524,13.149435,-43.77343,14
c17530,0.60598576,-48.26566,3
p1844,7.535077,25.533316,14
c17542,-6.0497155,-41.07632,3
c17544,-30.987562,-7.2960014,11
c17548,23.137957,38.036907,14
c17553,34.609837,-23.466932,14
c17554,15.902693,-41.04872,14
c17561,-20.635237,-30.307644,14
c17564,-17.497433,-41.16845,9
c17565,30.647738,-19.985764,14
c17570,-43.605106,-4.904519,11
c17572,-10.951148,-47.59005,3
c17582,21.717413,-22.618532,0
p1849,-37.457912,23.930414,7
c17585,-39.1404,-7.267002,3
p1851,33.73276,36.551006,1
c17600,34.811436,2.0797186,13
c17605,32.35051,-11.179459,14
c17612,-8.238949,-8.384373,3
c17628,-14.050112,-19.355778,3
c17630,-8.885026,-24.594658,3
c17634,-33.416824,-18.287102,11
c17640,-9.547929,-18.939632,3
c17643,-33.206898,-29.596537,11
p1856,30.176994,-21.094212,14
c17647,9.735175,16.939484,0
c17648,-25.86489,-9.3044195,11
c17652,45.725933,-23.451992,0
c17654,-4.2841887,36.859177,3
c17655,-15.449327,42.133823,2
c17656,43.07702,-22.180916,14
c17660,-37.396027,23.116718,2
p1860,19.01762,-37.320908,14
c17665,-34.484203,-0.027389864,9
c17666,-45.006496,14.015859,11
c17674,29.711636,13.080441,13
c17676,-38.866936,29.675886,7
c17680,-4.46794,-43.125877,3
c17683,-22.79454,-30.13675,11
c17688,-35.201942,-27.685036,11
p1864,-32.65322,-29.4547,11
c17692,-32.71375,-28.300728,11
c17695,22.439938,33.29704,6
c17696,-53.744625,-1.1728386,2
c17701,-32.725082,-28.871468,11
c17703,-33.774303,-30.644955,11
c17710,32.250145,43.672394,1
c17712,27.78304,-12.590141,2
c17717,-10.028629,-10.230255,3
p1866,-33.804943,18.644121,12
c17721,17.520058,62.775208,12
c17723,16.304796,62.068592,12
c17725,16.12915,62.583538,12
c17751,-23.682642,6.6842365,11
c17752,11.129344,2.0280464,0
c17753,-20.128376,50.312653,5
c17768,-4.715075,-22.384033,3
c17772,-13.820314,-23.13,11
c17775,45.386066,-22.878397,14
c17777,44.282017,-23.229473,14
p1872,-24.511847,-37.871605,2
c17782,3.9932795,9.795879,0
c17787,-21.02916,-28.876509,2
c17789,-17.404825,6.175952,9
c17793,-14.647767,42.09555,15
c17810,-7.7070117,-26.496264,3
c17820,22.946697,3.0309598,13
c17825,-54.223827,5.0500836,3
c17829,-12.690791,-32.703182,3
c17831,3.287161,-31.607637,3
c17833,-17.390219,-36.73355,2
c17834,-35.642193,-9.554714,11
c17841,-40.422543,-19.460455,11
c17847,-26.836477,18.046368,0
c17849,11.753012,-11.131769,0
c17852,45.773193,-23.477629,0
c17856,3.1713543,-1.1704782,0
c17867,-31.458694,-21.63656,11
p1880,6.6727524,29.265278,15
c17879,-17.372005,-36.680836,3
p1881,18.708391,-33.379787,14
c17895,-40.39452,17.359003,11
c17896,27.786037,2.4486806,13
c17900,-31.51951,27.18808,2
c17910,-30.514784,28.210407,2
c17918,12.176383,10.68262,13
c17919,-37.527317,34.036278,2
c17920,-19.080181,-40.158325,14
c17925,-2.5181544,-6.2655177,3
c17926,-30.848425,17.783165,7
c17929,7.4403076,-22.889168,3
c17936,30.885656,-5.553336,13
c17941,5.4808984,-50.99859,3
c17942,-9.93536,-31.266914,3
c17948,0.65506196,-42.923183,3
c17952,-1.8934675,-20.054428,3
c17958,-28.607761,12.123876,3
c17960,12.077282,23.389694,3
c17964,-19.263458,-30.20268,3
c17972,-53.174637,0.96506494,2
c17974,-34.39269,-0.089310005,0
c17975,-16.113058,-20.796234,3
c17981,-23.414928,-26.758505,2
c17985,17.554863,-34.301926,14
c17987,-40.670567,1.0145268,11
c17993,44.350075,-23.420353,14
c17998,11.075233,-42.56524,3
c18000,25.8746,24.987898,15
c18004,-3.166967,35.528763,3
c18012,35.385838,4.371925,13
c18013,31.758938,6.0475545,13
c18020,7.194181,0.79827577,0
p1901,19.500603,-40.063667,14
c18023,-10.489517,4.2690234,9
c18025,-9.050686,-12.91954,0
c18034,36.051403,-27.780552,14
c18037,-22.134462,-27.819183,3
c18038,-46.30466,34.854424,13
c18050,-23.313387,13.205047,15
c18054,-10.545664,-16.719461,3
c18065,-0.8859174,32.201084,2
c18070,-0.86443454,-4.1728992,3
c18073,9.561107,-45.04927,14
c18074,-12.454423,12.18993,10
c18082,12.452581,-13.352346,0
c18087,10.362806,-10.99746,0
c18110,-11.586047,27.981247,13
c18115,44.998295,-16.036804,14
c18121,-6.8539896,42.371067,15
c18130,-19.190847,-39.231167,9
c18134,-1.4050727,16.998789,0
p1920,13.844435,-34.805195,14
c18155,31.462202,-9.863352,13
c18164,-3.1482544,-46.013226,3
c18165,-3.907511,-40.08759,3
c18172,26.84695,36.53615,1
c18174,28.357061,-34.436836,14
c18176,-14.051469,54.109814,5
c18178,-35.505108,31.624796,2
c18182,-16.272491,-46.038696,11
c18189,2.1969569,-5.100206,13
c18196,26.167084,36.26978,1
c18197,-1.6517907,-6.3974123,0
c18199,22.109324,-34.980656,14
c18202,-7.325183,-35.463093,3
c18212,4.4560432,-22.841333,14
c18217,-12.275443,11.213757,9
c18229,45.774796,-10.964299,14
p1931,-15.277624,-17.87735,14
c18233,18.328636,-40.851547,3
c18236,17.856256,-6.9283667,0
c18240,-27.665594,-32.814857,2
c18246,-20.539446,-31.381582,3
c18249,-15.642507,-41.729668,9
c18255,21.4731,40.167343,1
c18270,31.29512,-9.132344,13
c18273,-45.74772,34.22908,13
c18281,23.727762,37.33188,1
c18286,43.290363,-25.4892,14
c18288,-14.267983,-10.734481,0
c18295,20.97595,37.814823,2
p1943,32.12644,-31.991144,14
c18301,26.008366,-5.2280474,11
c18313,-3.722222,-15.935453,3
c18315,22.611977,35.60542,1
c18317,8.277053,-8.343553,0
c18328,25.494394,15.40244,0
c18333,4.827354,35.979343,15
c18336,-8.061596,-10.270163,3
c18339,43.812256,35.44816,1
c18343,48.83841,-11.999491,13
c18350,49.343582,-14.62418,14
c18353,48.84699,-11.99723,13
c18357,50.889744,-17.022251,14
c18367,36.86663,39.908226,1
c18369,-5.255259,-37.472477,3
c18389,-54.944695,22.91648,7
p1956,16.017056,15.8146715,15
c18399,-8.223496,-38.624016,3
p1959,16.39666,-38.2564,14
c18409,32.814888,39.026253,1
p1962,36.127266,33.438457,1
c18411,33.661495,38.56599,1
c18421,55.346497,27.06487,6
c18424,-25.118496,-4.69225,11
p1968,4.458234,36.67933,15
c18429,5.1905203,-47.174763,3
c18438,-28.07528,-35.540623,2
c18442,32.624245,39.017315,1
c18454,5.899169,-11.21393,0
c18465,-0.07993393,-12.534325,13
c18467,-12.194689,42.105007,11
c18469,-25.673767,-23.331593,11
c18473,10.6990795,-23.385557,14
c18476,18.581387,-30.310318,2
c18479,-36.95729,16.46301,2
c18489,-23.209282,-39.931194,2
p1976,15.772138,-40.239883,14
c18494,26.436544,-26.799631,14
c18498,34.349293,38.45281,1
c18503,13.532124,-29.818708,14
c18504,14.298829,-30.662672,14
p1977,13.530079,-30.160866,14
c18510,-38.197678,23.445011,7
p1981,20.320356,-30.105251,14
c18523,23.772688,-25.280325,14
c18531,17.522509,-36.566257,14
c18538,0.74634093,-29.400084,14
c18539,-16.071796,29.788414,0
c18541,22.988604,-39.17725,14
c18547,-2.172921,-36.050426,3
c18558,2.297844,44.362324,15
c18562,12.059364,-13.813439,3
c18569,20.553265,39.12191,1
c18574,-24.498236,13.15001,3
c18582,-18.487751,-35.02954,2
c18583,27.653181,-25.066977,14
c18595,-17.117445,-27.28802,2
c18597,-5.724584,27.0589,9
c18600,-18.106009,45.73032,5
c18610,-18.214252,14.198448,3
c18611,35.848564,31.00454,10
c18614,-6.899599,43.57716,15
c18616,13.689299,-28.694706,14
p1995,39.22341,0.76513225,13
p1996,16.551954,-39.082603,14
p1997,-13.292837,43.752895,15
c18633,-4.8515882,-44.235245,3
c18636,-15.513672,-19.232454,3
c18646,39.168076,34.36663,1
p1999,29.12095,-28.205044,14
c18652,-14.708174,-15.807062,3
c18657,-2.81139,37.936993,0
c18658,0.6162414,-15.027617,3
c18659,-6.312473,-19.852352,3
c18660,32.8499,-12.712987,13
c18668,-11.726034,-42.983845,3
c18678,27.66432,2.3917918,13
c18681,-24.695745,-39.453796,2
c18682,20.18239,-24.38523,3
c18691,38.955387,4.7485747,13
c18697,22.453686,36.06116,6
c18706,-5.836556,-38.439667,3
c18708,-45.472046,-7.954784,11
c18713,-0.5557716,-31.892216,3
c18715,-27.433208,12.053118,3
c18724,-16.16776,53.884064,5
c18727,-28.805084,28.77088,2
c18731,-17.820147,49.25788,5
c18743,-30.29863,-30.739693,2
c18764,-17.63321,-24.702557,3
c18767,7.7693596,-39.43689,3
p2018,8.401581,-1.5555404,0
p2019,1.2717057,-17.378534,3
c18779,-18.502949,47.16366,5
c18782,8.639628,-5.3088512,3
c18786,1.3429112,-29.593016,14
c18787,-16.910803,-16.315649,3
c18789,-14.828118,-23.850853,3
p2021,13.515316,-38.57247,14
c18797,-29.736847,-29.726297,11
c18799,-22.67143,-40.498352,2
c18809,-21.813354,38.77335,2
c18810,0.6903747,42.238476,15
c18815,-33.182846,18.321074,2
c18816,-6.593721,41.839146,9
c18822,-28.066477,-15.704135,11
c18824,10.731189,-42.27243,14
c18826,-35.33506,29.117294,2
c18827,-13.641466,-42.35137,14
c18841,-18.471405,-22.770226,3
c18844,14.530855,-33.686363,14
c18855,18.594212,-19.069935,14
c18858,19.91757,38.15953,1
c18859,-17.993176,54.4942,5
c18861,31.603653,-22.761602,14
c18880,-27.985542,-34.726463,11
c18889,45.08536,-15.910089,14
c18890,26.141758,21.099522,15
c18895,3.811132,39.438477,15
c18896,18.491,-19.019653,9
c18897,6.0136733,-28.69786,3
c18900,18.499731,-19.027304,9
c18915,18.473764,-18.99364,9
c18921,46.38964,-17.22007,14
c18926,8.128977,-41.87115,14
p2034,-11.12791,-18.40061,3
c18941,-10.428182,-19.098825,3
c18945,33.364246,37.497402,1
c18959,21.423466,26.205061,3
c18963,-57.117653,24.724382,7
c18966,22.65692,-0.030711932,13
c18982,10.815239,-43.583466,14
c18986,9.980725,-43.79107,3
c18989,-26.174461,-38.954624,2
c18996,-28.41206,-40.378624,2
c18998,4.6369905,37.705025,15
c19001,22.70898,-34.979134,14
c19008,43.94183,35.26445,1
c19009,50.039318,-10.621544,13
c19012,-27.696548,-17.883545,11
p2043,23.764515,-30.102062,14
c19019,39.313686,34.618073,1
c19023,12.568325,-27.80615,9
c19035,18.295052,46.24447,5
c19038,9.766326,16.898502,0
c19039,33.569176,45.404095,1
c19042,8.789012,-42.127354,14
p2045,8.842022,-42.211884,14
c19048,-6.900654,0.2706276,0
c19055,25.828669,36.151134,1
c19060,-8.389296,-10.642485,3
c19069,20.471762,19.426367,3
c19071,-16.911983,3.3583784,9
c19072,-25.090088,-36.657967,2
c19075,12.999206,13.964291,15
p2046,21.187447,37.79789,1
c19087,-33.649025,-28.88862,11
c19088,13.619321,-30.215351,14
c19092,42.783386,35.964214,1
c19100,17.073416,-30.892744,14
c19102,-34.61721,27.03121,11
c19105,25.38739,-36.059055,14
c19109,26.67195,-28.0332,14
c19111,-30.13854,-30.83491,11
c19112,15.679795,-36.17551,14
c19115,11.086821,-25.57182,14
c19118,-5.5190682,28.796976,15
c19125,27.238754,-24.804922,14
c19126,-8.531695,-20.181099,3
c19132,-34.773056,27.029465,11
p2050,34.82179,30.679157,1
c19137,36.891094,8.974996,13
c19139,16.115768,10.512126,3
c19147,-3.516228,35.50343,15
c19155,-51.328136,1.1295934,2
c19163,45.059437,-15.174698,14
c19172,-19.292479,-14.886277,3
c19175,9.437832,-44.421627,14
p2059,6.0119085,20.795616,14
c19178,-2.498142,20.525055,9
c19179,-3.5600595,-36.948357,3
p2061,21.788723,-13.874358,14
c19184,33.241146,38.192654,1
c19195,-12.260479,-20.666468,3
c19208,41.57941,39.59879,1
c19209,-30.123268,-30.961441,2
p2067,16.51876,-40.233643,14
p2069,13.504541,-30.007357,14
c19221,-1.1198074,-2.3917181,0
c19225,34.09407,40.15085,1
c19237,25.267681,36.03815,1
c19239,22.587736,36.445473,3
c19242,-18.307453,-17.163752,3
c19245,24.24993,-26.373068,14
c19247,21.605469,-1.5490034,13
c19252,-4.7668915,-39.96124,3
c19254,-24.660873,-1.7599188,11
c19256,8.274755,-50.75799,17
c19261,51.01528,-13.293966,14
c19267,-30.530285,26.027815,2
p2075,4.413147,36.77415,15
c19274,23.168085,-15.061563,3
c19278,31.470724,-18.459023,14
p2076,27.460604,-23.648914,14
c19288,46.850327,-9.377123,14
c19290,23.746607,33.95172,3
c19292,14.706626,-32.38868,14
c19298,1.9534001,-41.29441,14
c19310,-14.899853,17.629833,13
c19314,25.770954,36.32152,1
p2081,21.818178,34.346237,3
c19322,27.771551,-2.5303664,13
p2083,47.400608,-14.272489,14
c19328,21.106522,37.69756,6
p2085,36.08223,-16.734844,3
c19334,-18.330124,-36.808983,11
c19338,34.004673,14.308251,13
c19351,13.425163,-37.14284,3
c19352,12.094716,-38.696754,14
c19354,-45.93592,6.1714745,2
c19359,-2.4607677,-44.42365,3
c19362,-4.65202,-14.507687,3
c19371,-10.383333,-14.076467,3
c19372,2.9783223,34.91929,15
c19375,4.345691,-43.50483,3
c19382,-36.44633,28.097445,2
c19385,-5.0903425,-11.735127,0
c19386,-22.479923,-30.062595,3
c19391,-2.334018,20.493544,3
c19392,-37.718838,-19.041765,11
c19393,29.728277,-7.9746556,13
c19400,-1.0257229,28.855333,11
c19408,-21.808191,-10.621569,3
c19410,-2.6549418,19.773636,3
c19414,36.915993,9.52171,13
c19419,-17.688433,50.23614,5
c19423,27.314852,-24.864828,14
c19437,-28.627895,-28.416677,11
c19441,-24.121433,19.224012,0
c19445,0.54590636,6.5484085,0
c19448,-27.329435,-26.363651,11
c19450,-7.205518,36.36233,13
c19453,29.348541,-11.139661,13
c19473,32.33428,37.296642,1
c19479,25.357246,36.97482,14
c19480,0.3593007,-2.9645238,0
c19486,39.29003,39.836205,1
c19490,-17.71278,-19.095968,11
c19493,-25.26323,-36.901894,2
c19497,33.893223,13.64807,13
c19503,31.390554,-26.665028,14
c19510,-15.516472,-20.338594,3
c19514,-23.014748,-24.96614,2
c19519,-13.555306,8.195766,9
c19524,20.62379,7.449222,13
c19525,-40.027405,23.91658,7
c19533,48.554802,-16.132818,14
c19534,-11.458195,16.353678,13
c19542,33.660076,3.0350332,13
c19547,1.1805464,13.901276,0
c19552,19.129562,15.087089,13
c19553,4.1439776,25.284304,15
c19560,33.498207,40.84754,1
p2106,22.627436,-24.280151,14
c19568,4.5697775,27.591173,15
c19571,15.40264,1.4503005,13
c19578,57.31526,26.18851,6
c19581,6.6721067,-17.113276,9
c19586,-7.159412,-40.38883,3
c19588,4.4504333,29.807901,15
c19597,-7.0316873,-45.713623,3
c19606,22.281216,-23.083372,15
c19609,13.455669,-36.371555,14
c19613,18.535036,39.020046,3
c19614,30.734964,-15.609462,13
p2112,35.780033,-27.034842,14
c19618,-2.5601954,-11.227509,3
c19629,-57.622055,20.805504,7
p2114,10.272055,29.014511,15
c19633,-6.4235907,-37.47257,3
c19634,3.6745954,-10.292234,11
c19635,7.036248,-20.79602,0
c19638,35.024837,43.15131,1
c19645,41.254326,-20.343803,14
c19659,54.24616,29.098555,6
p2116,-17.36496,-22.397858,14
c19664,65.441345,11.1235,8
c19678,-44.096474,25.78924,7
c19680,-26.73691,-28.31101,11
c19685,-28.891386,-29.143948,11
c19688,-42.831738,-16.41537,11
c19692,46.19323,-13.932329,14
c19705,19.526842,-28.36878,14
c19707,64.68159,12.625203,8
p2124,22.43249,36.967056,1
c19712,7.2132874,-29.283447,9
c19713,9.246543,-34.77209,14
c19733,-24.694576,-9.0965395,11
c19736,23.603205,-25.667372,14
c19741,25.94985,23.57566,2
p2129,32.17843,-18.493608,14
c19745,22.261616,-24.11756,14
p2131,27.056822,-37.500317,14
c19752,-6.5676513,-38.459106,3
c19755,35.195755,-31.46998,14
c19763,32.07898,-15.81891,14
c19768,-23.094553,-18.693619,11
c19769,42.536438,-13.086154,13
c19771,2.490324,18.818363,2
c19773,-1.8224508,50.691746,15
c19774,48.021515,-14.888459,13
c19778,22.8252,-22.687912,15
c19779,23.233288,-24.55422,14
c19782,-8.999365,-14.073975,3
p2134,17.75751,-35.702072,14
c19787,47.556347,-12.682148,14
c19789,-18.718437,-28.64246,2
c19801,-58.54071,21.737549,7
c19806,64.924255,12.57174,8
c19811,-6.180802,-24.777662,3
p2136,7.147727,-42.255222,14
c19816,49.443565,-11.134669,13
c19818,-16.090673,0.4099546,9
c19828,49.640575,-11.164511,14
c19829,47.60806,-12.639344,14
c19830,33.944973,-18.788193,14
c19832,-19.44835,-17.914196,3
c19838,34.619972,8.40014,13
c19850,-40.673462,-23.527822,11
c19852,8.535896,-44.60874,14
c19867,19.219006,-28.386332,14
c19868,18.48055,15.766201,11
c19872,2.4377236,30.765978,15
c19891,-16.304758,-22.074236,3
c19893,0.9748117,-21.256212,14
p2140,18.284842,-34.159195,14
c19898,-33.24553,14.141983,0
c19901,-33.75569,-9.473833,11
c19904,-15.5323715,-40.932034,3
c19921,-12.478447,-22.66525,3
c19926,32.353157,-30.366095,14
c19930,4.3927627,-52.02192,3
c19937,-25.011698,-16.25045,14
c19938,-27.584698,32.594757,2
c19939,25.109795,37.359886,1
c19941,41.723454,39.758472,1
c19942,33.232037,26.609415,13
c19943,-4.2469597,39.94966,15
c19947,-14.417083,11.325781,9
c19948,21.880154,-22.820263,15
c19952,-19.092388,-16.46747,11
c19954,32.695602,-57.728146,2
c19959,12.2284565,-26.911125,0
c19960,-26.02765,11.953833,0
c19964,28.256773,-2.2371697,13
c19973,9.743337,-29.944544,3
c19975,47.088932,-20.665289,15
c19981,2.616752,25.506,15
c19986,15.554668,-22.64891,14
c19991,24.05796,-23.314274,15
c19992,25.431791,-26.69663,15
c20006,34.799767,-29.76573,14
c20011,46.28162,-15.832239,14
c20012,43.377518,34.3452,1
c20015,48.856342,-13.991308,14
p2147,22.250193,-23.189333,15
c20027,22.320343,-22.787806,15
c20030,5.8889427,20.998518,15
c20031,5.2376037,30.771606,15
c20035,16.80506,18.67953,15
p2148,7.3960648,25.793793,14
c20045,-15.472033,13.700865,9
p2149,36.48502,-30.389364,14
c20050,0.30321464,-0.06822113,0
c20052,-14.516625,-8.916103,3
c20053,-15.994035,-15.11048,3
p2151,-27.645765,-32.44294,2
c20067,-9.60077,-8.99661,3
c20073,-27.303164,-34.15433,11
c20081,-21.68891,-10.550045,3
c20082,-18.82935,-42.088577,7
p2152,34.6126,-26.883293,14
c20101,-56.892185,21.645084,7
c20102,-54.65536,22.876509,7
c20110,5.8297215,-22.869455,3
c20112,-13.789827,54.95516,5
c20114,-10.793011,2.1757727,9
c20127,-27.346556,-34.21497,2
c20131,-39.02425,24.690329,7
p2160,15.155882,28.280792,15
c20149,-20.707176,-27.652487,3
c20150,0.36038464,0.12603179,0
c20152,-42.67329,-2.5682905,2
c20156,40.487236,39.045845,1
c20157,-36.018585,-22.14883,11
c20159,23.368834,-34.783634,14
c20161,-33.317913,-29.945522,11
c20165,-7.045177,0.21843797,0
c20175,45.349277,-14.7067795,14
c20177,45.23682,-14.736278,14
c20179,13.061484,-32.708908,14
c20183,-0.9920295,-50.15212,3
c20186,-24.942272,18.583992,0
c20189,16.45614,62.553116,12
c20191,14.995327,63.08705,12
c20198,16.349138,-33.708252,14
c20206,14.153626,61.709454,12
c20215,16.010683,61.188877,12
c20216,-57.29647,17.896622,7
p2168,27.27185,-34.584255,14
c20219,-49.95399,10.41175,7
c20221,-32.276085,-19.78579,11
c20222,31.34943,-7.343333,13
c20227,-6.037094,1.821518,3
c20235,21.48088,-1.6641599,9
c20246,-16.50644,52.40975,5
c20249,-6.48255,-38.480175,3
c20250,-26.367996,26.276207,2
c20260,20.892466,-11.161698,14
c20261,-19.439737,42.32203,11
c20264,8.254414,-49.2556,3
c20268,-27.011383,25.109838,3
c20277,4.0982924,-52.940132,3
c20279,4.2394476,-56.01707,3
c20288,30.702887,-24.739368,12
c20292,-9.801206,25.924234,2
c20295,-1.8643306,1.107962,0
p2177,-8.489515,40.27083,15
c20300,-13.65612,-42.329605,3
p2178,-31.036505,2.1467426,2
c20315,17.93784,-34.347553,14
c20316,-18.553722,6.20313,9
c20320,0.3749425,13.2259,11
c20323,17.915648,-5.9216394,14
c20326,-0.1441593,-27.197592,0
c20328,-13.571735,22.192215,3
c20334,16.054005,27.28756,15
c20342,44.098946,-13.075908,0
c20344,26.260294,-10.494282,13
c20348,-13.810012,47.462696,5
c20350,-0.8894312,-49.833637,3
c20359,-28.136084,10.34666,11
c20368,-6.9397774,-50.9464,13
c20382,-31.117346,-12.11291,3
c20384,-8.644785,-19.488064,3
c20385,18.519564,39.745995,11
c20387,-17.29337,-20.708303,3
c20388,-19.770916,43.12367,5
c20394,-0.021486139,-0.24707618,0
c20402,-33.371105,35.678806,2
c20403,6.0582724,37.02566,15
c20411,29.556381,35.401413,1
c20412,19.890915,-36.471928,14
c20413,10.176369,-36.97408,14
c20414,24.47302,-4.159861,13
c20415,-13.804294,55.00833,5
c20430,-3.9260068,35.533073,15
c20431,-32.269787,-25.993902,11
c20439,-34.40988,-21.600107,11
c20453,-24.51935,-31.108023,2
c20456,-24.926868,-15.3180275,11
c20460,35.94919,4.6039186,13
c20471,2.3288603,41.659412,15
c20473,-13.7907295,-22.379812,3
c20474,-17.305767,3.3889623,9
c20486,0.5213339,-48.244743,3
c20489,-58.125675,18.000507,7
p2196,4.572493,36.726997,15
c20500,24.36279,-4.185662,0
c20503,-20.941202,-4.54637,9
c20505,-8.623613,-17.271772,3
c20514,1.6798424,40.80044,15
c20522,19.86681,-29.355223,14
c20532,-30.817913,-18.960981,11
c20534,-39.18346,-10.529952,11
c20539,-34.182564,-25.890753,11
c20554,-13.843876,47.394543,5
c20590,7.4341164,-28.072243,14
c20591,0.21754797,-48.58447,3
c20595,-34.263523,-20.004873,11
c20599,-17.360785,54.33261,5
c20600,-12.38408,-24.71134,3
c20603,-12.830128,56.55087,5
p2208,16.94268,-31.227531,14
c20614,10.361742,-8.509368,14
c20617,25.7042,35.88846,1
p2209,17.058386,-38.05828,14
c20623,2.240928,26.465593,15
c20626,12.995456,13.967451,14
p2210,-6.6244698,42.14263,9
c20629,40.99108,38.680874,1
p2212,-32.729874,-26.893661,11
c20634,16.1693,-45.60907,14
c20639,19.952417,-29.891878,14
c20641,1.9200988,9.079827,14
c20646,-13.985932,-18.396078,3
c20659,-13.934235,-19.241253,3
c20660,9.014951,-26.514711,3
c20663,7.1751103,-35.393772,9
p2215,20.112562,-29.536934,14
c20666,-7.0483375,-38.93997,3
c20671,3.0948691,-0.6087271,0
c20677,26.948942,-34.59054,14
c20680,24.28495,37.42936,1
c20682,17.059505,-35.007954,14
p2218,33.03977,-11.151822,13
p2219,40.237595,3.9233754,13
p2220,32.753105,6.1371255,13
p2221,35.51233,-26.881453,13
c20700,4.095828,-0.0020492268,0
c20706,-1.1965822,-16.41863,3
c20712,-7.5272307,5.0662494,9
c20715,26.742218,-34.992718,14
c20720,24.581032,5.1350784,13
c20721,-23.966818,-6.890176,13
c20724,4.6120553,36.42586,15
c20733,0.100591585,37.619526,15
c20750,33.67235,-27.047277,13
p2227,62.334064,-28.863089,16
c20752,62.66065,-27.304089,16
c20753,62.66065,-27.304089,16
c20757,4.2516356,39.309906,15
c20761,62.820244,-27.26529,16
c20775,37.707954,8.4655485,13
c20782,62.820244,-27.26529,16
c20788,4.01098,14.1851425,0
c20797,-53.41924,11.049105,7
c20799,-13.930644,56.52489,5
c20806,33.637592,-27.08288,3
c20809,-31.326483,-33.499157,2
c20811,6.203581,-34.592735,14
c20813,-21.23531,-37.64247,2
c20816,62.776527,-28.984484,16
c20818,32.279377,-12.9328575,13
c20819,21.712687,-13.32198,14
c20831,-13.774878,56.502163,5
c20833,40.544113,39.347294,1
c20843,7.759062,-19.54489,14
c20852,6.7426834,35.08532,15
c20856,-10.681249,2.8439646,9
c20866,26.747137,12.340109,13
c20872,21.353743,37.879585,1
c20876,46.251316,-10.925018,0
c20879,-22.922537,-18.471058,11
c20880,-26.029419,-12.708576,11
c20886,18.22248,-43.008907,14
c20892,-22.864622,26.665768,2
c20893,-1.2002665,-16.428951,3
c20895,36.466724,37.1498,1
c20900,35.827362,39.65389,1
c20901,-12.24228,42.271698,5
c20904,-52.52717,-2.0349588,3
c20905,-18.508833,-22.60953,3
p2238,-31.441599,-43.958397,2
c20915,18.705172,-28.804834,14
c20917,-27.001314,-1.9995883,11
c20916,6.7785635,-29.985786,3
c20918,-13.355655,-3.0127866,0
c20922,15.884819,-8.140062,15
c20926,22.275518,-30.266148,14
c20928,33.70899,-7.364524,13
c20933,42.91137,-2.4546752,13
c20943,18.062511,-27.439743,14
c20946,-12.449804,4.580397,9
c20950,-35.919674,33.807674,2
c20951,-2.3720791,52.561104,5
c20955,-54.641403,22.379074,7
c20963,37.71433,-3.5497692,13
c20965,-9.882762,6.013217,9
c20971,-26.39402,11.488103,0
c20978,-1.9253417,29.19767,3
c20981,-10.890046,-24.044949,3
c20986,2.653941,-15.623544,3
p2247,32.8138,42.779655,1
c20989,-22.829576,43.498657,5
c20994,-24.004951,21.41365,2
c20997,-20.165455,30.686985,2
c21000,-5.660205,7.8522773,0
c21006,15.659328,27.540857,5
c21016,21.748226,35.73293,1
c21024,-0.001426567,-1.8325027,0
c21029,28.661057,-20.661266,2
c21030,24.036846,37.544262,13
p2249,13.848551,-30.99529,14
c21035,-24.65406,-15.76179,11
c21038,11.826366,-16.19244,13
c21039,3.0609453,-46.347168,3
c21050,-4.0483284,-41.595974,3
c21057,25.984291,35.41805,1
p2250,-15.93658,0.6592969,9
c21068,1.629232,-45.154285,14
c21070,2.5024555,-20.958502,11
c21083,-15.529924,5.4094834,9
c21085,-30.62936,-26.825985,11
c21086,-16.832418,-34.910095,3
c21090,1.8269424,0.020013029,0
p2253,-19.844402,26.981674,2
c21102,-4.249593,-32.579132,14
p2254,-4.2551975,-32.508316,14
c21104,5.2262235,-41.397053,3
c21109,24.74801,5.140584,13
c21111,-13.076235,7.079067,9
c21115,-17.585974,-15.715654,3
c21119,11.773735,-1.6973783,0
c21123,-17.72525,1.3340875,9
c21129,32.173386,-13.691769,3
c21132,36.712406,0.5038896,13
c21142,-16.78637,53.249836,5
c21146,0.11664645,14.883245,0
c21149,-1.543599,-29.54787,3
c21151,-16.172258,-22.680761,3
c21188,13.635101,-31.553652,14
c21199,10.938196,-34.176537,2
p2264,34.47055,-20.375874,14
c21205,-29.11618,-28.882698,11
c21217,33.41531,-7.322564,13
p2266,-17.406517,-20.2567,3
c21230,32.174015,4.107155,13
c21231,0.39692697,1.0018785,0
p2268,-28.171911,-36.578384,2
c21237,10.345214,-3.6986027,2
c21255,-8.730964,7.717585,9
c21256,-22.121004,16.724226,13
c21260,-29.903318,18.798523,2
c21261,-27.327126,19.13612,0
c21263,-11.437584,-26.51676,11
p2270,-11.344423,-22.950575,3
c21268,14.443305,-42.80195,14
c21271,6.2511888,-40.987083,14
p2272,-17.693478,50.22838,5
c21275,-2.3748484,-43.532146,3
c21282,25.300514,18.991312,13
c21284,35.666435,45.454876,1
c21288,7.2263284,-12.291934,11
c21292,3.0327787,21.14592,15
c21295,-16.487223,2.4241254,9
c21297,-2.37534,-16.618198,0
c21301,-15.256023,-41.166916,9
c21303,-19.91053,47.085285,5
c21307,-17.48356,51.51655,5
c21309,-36.845802,-26.955708,11
c21312,5.8418617,2.9561765,0
c21314,-17.663374,49.602383,5
c21319,17.888577,-33.33931,14
c21324,-13.725482,-23.050766,11
c21326,-2.8526452,-43.560795,3
c21327,-20.097208,30.470755,2
c21330,12.051837,-38.42925,14
c21336,-28.297607,27.358906,2
c21340,1.0501838,41.341843,15
c21344,-17.59398,50.37868,5
c21346,-17.470367,-15.9312,3
c21348,38.79223,38.57205,1
c21350,-36.34975,-29.470053,11
c21354,-17.63065,0.698899,9
c21356,27.63526,-21.962795,13
c21366,62.58488,9.875958,8
c21369,-16.238298,46.478474,5
c21370,2.6431544,-9.0636425,0
c21375,-25.562061,19.66344,3
c21381,14.989538,-43.34074,14
c21383,-4.4568305,-2.933977,0
c21396,4.919738,36.083286,15
c21404,1.3969959,-46.01956,3
c21414,-17.53307,50.267776,5
c21418,-7.848812,-15.621187,3
c21423,30.466421,3.8030984,13
c21430,4.304988,37.27291,15
p2282,15.449796,-38.449738,14
c21432,3.6277442,4.380939,0
c21439,1.0443475,29.25489,11
c21447,-5.583771,42.33937,9
c21448,-21.106844,-0.5803527,9
c21457,14.311593,-37.51185,14
c21458,12.369401,-28.33071,9
c21461,22.99357,-27.339466,14
c21462,-9.716224,-30.978403,2
c21464,29.137589,-28.407726,14
c21465,45.20176,-17.785423,14
c21468,3.2675362,4.5254593,0
c21471,-19.114601,-9.384755,3
p2290,54.524223,28.155437,6
c21496,50.379955,-13.771436,14
c21499,42.847813,-36.450787,2
c21507,49.253292,-12.753314,14
c21527,25.825226,-34.42457,14
c21533,21.450588,-27.995995,14
c21542,2.8613768,4.7681346,0
c21546,23.49139,-30.264194,14
c21549,24.477892,-27.520487,14
c21552,13.172083,-4.6517286,0
c21556,37.03547,-21.730982,14
c21558,-20.96923,-20.891506,3
c21562,-38.412037,-11.984467,11
c21571,-53.142746,-1.7070876,2
c21577,0.39111277,-1.3214865,0
c21580,-17.79046,-11.385245,3
c21581,-1.5283601,-31.226992,3
c21583,-24.064877,25.463997,11
c21587,-0.41591862,37.193905,15
c21591,-16.029448,-1.6401813,9
c21593,20.356995,-31.291998,14
c21594,-17.575489,49.985165,5
p2298,-25.096508,-36.03882,2
c21598,-25.018456,-35.86472,2
c21602,42.949615,35.239033,1
c21605,24.798103,9.485055,13
c21609,30.044,-5.3987722,13
c21622,1.9154303,25.270718,9
p2301,37.042183,-31.856668,14
c21629,-25.952993,-35.12388,14
c21633,-28.547352,-33.345318,2
c21642,14.56972,-25.635223,14
c21648,-25.118525,-36.223503,2
c21654,15.778113,28.018932,15
c21660,9.166119,7.3748374,0
c21664,3.2184088,37.08758,14
c21666,29.189634,2.7449572,13
c21681,-33.02898,-8.583232,11
c21688,32.197098,45.75232,1
c21695,23.479944,6.626703,13
c21698,32.28309,10.672054,13
c21701,-13.50019,-3.1166415,3
c21702,-13.841184,-3.2879114,11
c21703,-11.617412,-14.460519,3
p2309,5.0692234,43.132908,15
c21715,-13.848317,45.088028,5
c21717,0.424554,0.9303951,0
c21718,31.855375,-5.363403,13
c21719,25.804401,-4.097223,13
c21731,21.270008,34.021446,3
c21742,13.416077,-10.98241,0
c21746,-28.19917,-36.21741,2
c21748,32.00607,5.8605266,13
c21749,24.794167,9.514697,5
c21750,-1.6054479,-15.7001,3
c21751,28.901085,4.3267174,13
c21759,6.9241104,-43.785538,3
c21769,38.740826,0.4190023,13
p2312,27.300184,-23.355038,13
c21772,-17.081892,49.265835,5
c21776,32.08099,36.517086,1
c21795,5.3376412,-3.4708443,0
c21799,-14.146754,25.87769,2
c21805,0.47084457,-22.894514,0
c21806,45.656006,-10.955254,13
c21807,51.7152,-13.418926,14
c21814,5.7408648,3.392254,0
c21815,-1.0025841,-44.029934,3
c21818,-35.555252,-21.762424,11
c21822,-27.30107,-36.173073,14
c21824,49.71382,-9.677614,13
p2319,47.963173,-14.517579,14
c21833,-29.236633,-24.921812,11
p2321,36.224113,-23.954145,14
c21850,47.82937,-14.295099,14
c21863,1.9473257,-26.936842,3
p2323,19.976498,-37.930325,14
c21868,-22.51639,-31.707254,2
c21869,-13.88826,44.913574,15
c21871,-15.670571,45.109173,3
c21873,-22.48616,-27.517076,3
c21877,35.080948,-29.673958,14
c21878,35.080948,-29.673958,14
c21887,9.840457,10.758272,0
c21888,10.484026,10.894608,0
c21893,-1.9824734,50.479668,15
c21903,0.26895368,17.52639,3
c21905,32.742035,39.731945,1
c21911,22.335676,37.682827,6
p2328,22.204033,31.873392,11
c21921,2.9528778,42.899525,15
c21936,9.408384,-9.688788,11
c21942,2.5147562,-28.621634,3
c21948,26.084578,36.14511,14
c21956,-42.638424,-18.921232,11
c21959,1.8281664,3.2106793,0
c21969,35.91515,-20.392872,2
c21974,33.50004,7.5767465,13
c21975,33.62557,7.4077916,13
p2336,8.4745035,-44.653717,3
c21985,1.899952,-5.3245254,0
p2337,-24.576563,-37.988323,2
c21990,-36.48732,-33.54328,3
c22002,37.408463,-3.7222059,13
c22007,41.12507,4.3055716,13
p2338,36.40413,-22.996904,14
c22019,5.9057713,28.145723,15
p2340,28.7342,-13.625544,13
c22038,25.0946,2.9056315,13
c22039,19.742533,-0.64712375,14
c22040,42.918583,38.217384,1
c22047,-28.25175,-16.857779,11
c22050,23.96612,-23.258135,15
c22052,27.102005,-5.529915,13
c22053,41.144413,4.3217645,13
c22063,5.2215877,43.55996,15
c22064,-17.099037,8.402895,9
c22075,-31.317665,-8.651193,11
c22076,-31.36972,-8.490394,11
c22080,-24.696314,-28.710768,2
c22082,38.769943,29.21965,10
c22089,-3.0509892,26.999218,15
p2347,34.550365,38.481003,1
p2348,32.556747,39.679142,1
c22108,27.325556,-19.469952,13
c22116,34.342175,45.445133,1
c22117,27.487299,41.876564,1
c22118,-12.810647,3.0720913,9
c22119,24.396858,2.5597546,13
c22120,-3.584064,-43.046093,3
c22124,-3.0999181,27.150923,11
p2351,18.449554,-34.700554,14
c22132,-25.038935,-36.134644,2
c22136,-22.6935,-3.2445388,3
c22138,-19.753748,-12.258941,9
c22147,8.163118,-37.133976,3
c22148,-5.202513,-32.218384,14
c22149,4.6304092,6.974516,0
p2353,36.864548,-24.767902,14
c22163,14.909487,-33.688915,14
c22164,14.579785,-33.88628,3
c22165,24.668102,-14.228389,14
c22169,-17.537966,-5.9929113,3
c22182,-21.420444,-34.519203,3
c22192,35.184967,-26.15405,14
c22193,33.645782,0.4381474,13
c22194,-2.08705,-47.48537,3
c22201,12.733003,-1.3573213,0
c22206,17.18016,-30.609575,14
c22208,-6.0357013,-33.08779,3
p2358,-11.505514,4.188012,9
c22218,36.933674,-23.305197,14
c22221,16.825348,-39.936317,14
c22223,4.5772896,-42.987984,3
c22225,43.371353,35.159966,1
c22227,34.86603,-15.524175,13
c22235,29.356596,-11.00886,13
p2360,-21.152742,-29.443693,3
c22241,-15.073879,-40.72128,3
c22245,-3.1611118,-40.57894,3
c22256,2.6243339,16.19079,11
c22270,-8.611873,-31.850096,3
c22280,-31.45493,-8.578716,11
c22282,-6.495703,33.540707,15
p2364,-2.31288,-30.13186,2
c22284,-7.606541,44.294716,5
c22285,17.250906,-31.135405,14
c22291,-6.8518286,17.191393,9
c22296,-15.277553,-43.718433,9
c22301,-11.740783,-28.850933,3
c22313,-17.561846,50.55242,5
c22317,-21.193935,-29.19192,3
c22319,23.388952,-34.201637,14
c22320,-5.2670245,15.743454,3
c22324,-0.5474044,52.488438,15
c22332,-42.61908,-18.935373,11
c22333,-1.3985595,18.065493,3
c22334,-12.816344,-8.6400175,9
c22335,-26.935259,25.96309,2
c22351,20.59158,2.070069,13
c22352,24.799326,2.814282,13
c22355,38.143276,-17.886234,13
c22362,37.532967,4.6545734,13
c22379,-8.841411,2.8061829,9
c22386,36.30503,2.527223,13
c22387,2.2982028,27.771801,15
c22392,7.106985,-20.892057,3
c22397,24.94976,1.0583525,13
c22404,-14.026942,19.000788,9
p2368,16.919647,-40.376865,14
c22408,32.79269,-8.013934,13
c22414,10.156974,-17.562494,14
p2369,-54.60604,24.17107,7
c22421,30.180609,-26.460924,14
c22424,31.561863,0.68132454,13
c22435,-4.96038,32.051056,15
c22436,26.09681,21.021103,15
p2370,32.13309,-28.134893,0
c22476,41.40257,-20.0691,14
c22477,-35.920036,34.160892,2
c22492,-17.648209,-27.277037,3
c22497,30.729872,-19.824741,13
c22504,-12.904967,26.07206,3
c22510,6.3791037,-34.578194,3
c22511,3.973156,45.866936,15
c22520,-17.185453,-32.487476,3
c22521,0.63492644,52.84997,15
c22536,-9.211305,10.307841,9
c22549,33.551655,42.94021,1
c22552,-6.0078053,34.14179,15
c22554,-22.180414,-10.637539,3
c22559,-33.615433,-18.397947,11
c22567,35.222107,-15.06121,3
c22570,-1.9676266,51.053288,15
c22581,-11.709047,1.6650126,9
c22604,3.5407062,-12.817821,3
c22610,-28.255432,-26.497562,11
c22612,-17.021746,52.706795,5
c22615,-29.044575,12.323608,3
c22628,-13.8549,18.901085,9
c22629,-34.521015,-7.619379,11
c22630,18.830444,7.3531947,13
p2387,-35.064297,-7.203363,11
c22636,-14.104584,6.303671,9
c22644,4.10675,-25.555834,3
c22645,0.8979892,2.0639884,0
c22650,-25.726246,-20.300365,11
p2392,19.017231,-38.77677,14
p2393,-32.851856,-29.685743,11
c22665,-13.803646,6.9882574,9
c22669,-4.3037863,-31.467186,14
p2396,-5.556598,28.829138,15
p2397,13.574629,-30.124914,14
c22691,16.55308,62.24023,12
c22693,15.480614,61.64523,12
c22696,27.57457,-34.61088,14
c22697,-58.43801,17.084284,9
c22712,35.33906,44.217564,1
c22714,-22.305664,-34.910477,11
c22717,30.549164,0.87299937,0
c22719,8.280781,34.9102,0
c22720,34.585007,-9.882034,13
c22721,0.20390011,53.176548,5
c22728,13.942669,8.927153,11
p2401,21.199326,0.24623649,14
c22748,-14.637369,-8.187025,3
c22751,30.327183,-12.664892,13
c22754,-18.044998,-38.386505,9
c22760,5.7608585,17.508455,0
c22762,-17.34351,-32.51936,3
c22764,-41.887516,22.780622,7
c22766,-7.929854,4.752166,9
c22776,-4.3877935,-33.249718,3
c22777,-26.814444,25.865723,3
c22779,-36.158375,22.755518,11
c22788,26.061401,-0.8997099,13
c22789,-33.148506,-29.562727,11
c22791,2.6870193,-29.855753,3
c22794,-26.54481,26.29247,2
c22796,-42.766647,22.09455,11
c22797,-3.6118064,-32.856583,14
c22801,-38.904114,-7.771286,11
c22806,15.9502,27.611822,15
c22812,16.675978,-39.65654,14
c22814,-16.38366,-16.86894,3
c22821,-21.902222,-15.283623,11
c22826,16.592913,28.459543,2
c22829,34.625343,46.9155,1
c22842,7.4655614,-21.24803,3
c22843,7.447875,-21.370014,0
c22853,16.976593,-4.159848,3
p2407,-30.811155,-19.077168,11
c22877,15.125358,-6.818875,0
c22878,18.517445,-1.639518,14
c22885,-4.5941343,38.714447,15
c22892,0.19123057,17.552406,3
c22901,21.220392,19.035463,2
c22904,45.414555,-16.857168,14
c22907,7.8889647,6.1813116,0
c22908,8.221716,-10.646069,0
c22911,-3.446926,-32.9061,14
c22914,-24.623327,-18.26537,3
c22916,-4.011857,39.12785,15
c22924,46.575993,-16.026007,14
c22925,47.01635,-15.673905,14
c22930,-4.518124,38.72344,3
c22933,-7.997151,4.67345,9
c22937,7.855593,-47.46386,3
c22940,-4.3649936,38.707848,3
c22950,-25.7588,-35.92295,2
c22953,-25.88469,-35.94091,2
p2410,50.091263,-12.33821,14
c22984,7.33843,-21.870213,3
c22990,-58.797638,22.091816,7
c23011,-5.2848625,15.723857,3
c23012,-16.294275,-26.395279,3
c23013,-13.897303,-11.951426,3
c23032,8.7257805,-44.194332,3
c23033,37.03727,9.571352,13
c23034,28.861696,7.632008,13
p2413,-42.786846,33.42028,7
p2414,-5.976253,37.722576,15
c23042,-47.673073,1.7038702,3
c23044,36.105656,45.5017,1
c23047,-5.2960005,-41.097363,3
c23053,-58.93136,22.645306,7
c23060,-33.308266,-18.59603,11
c23062,11.195041,-9.978078,0
c23065,20.709507,-29.617783,14
c23070,-58.647095,16.858746,0
c23071,11.342787,15.965776,0
c23077,34.358143,-9.460094,13
c23081,-1.9241759,5.194192,0
c23082,-14.096321,2.593558,9
c23083,5.9971027,31.864498,3
c23085,-7.971685,3.2678366,9
c23089,-19.500319,-18.013407,3
c23092,34.74671,-9.863265,13
c23094,9.021659,-43.590763,3
c23106,-38.8492,-10.580184,11
c23107,38.673187,2.3437212,13
c23110,-24.147282,-15.823898,11
c23111,-15.801624,-1.2032382,9
c23113,-39.1754,-10.310816,11
c23117,-0.7167962,-19.085325,3
c23128,-13.303173,-2.9607432,9
c23140,-32.22337,-19.722038,11
c23148,-40.600544,-16.867043,11
c23150,33.289085,45.357822,1
c23157,37.507854,7.13825,13
c23163,-11.074377,4.478651,9
c23169,-58.28005,20.18875,7
p2424,-37.27195,-9.321671,9
c23177,0.50467175,52.995552,9
c23187,17.769707,-35.684067,14
c23195,22.406775,35.277058,1
c23199,18.17547,-6.592981,14
c23210,-12.457657,-24.438967,3
c23213,14.607197,-8.074457,13
c23218,20.293962,-22.72879,14
c23223,21.024685,34.582336,3
c23224,-9.947601,43.179237,5
c23225,18.385115,42.13028,1
c23228,-0.59779936,-10.657972,0
c23235,-14.459299,19.952177,9
c23241,33.518913,43.62516,1
c23244,9.2560425,12.741349,0
p2430,36.475716,-30.611727,14
c23250,-33.74287,-24.47895,11
c23251,-35.274216,-0.886452,9
c23252,15.65457,-27.91436,14
c23263,-29.68128,7.3841505,3
p2433,-19.077162,-9.320702,11
c23275,1.4580826,-37.086506,3
c23276,-18.899769,-19.340597,3
p2435,62.245125,-27.99363,16
c23277,34.66577,9.147107,13
c23279,-14.489104,-29.725683,2
c23285,7.0546103,-12.11281,0
p2437,5.964043,-24.689913,3
c23288,28.648716,0.5580873,13
c23292,62.95891,-28.999903,16
c23297,62.580517,-27.260675,16
c23299,62.503822,-27.254147,16
c23300,62.150608,-27.443558,16
c23303,61.997322,-26.93099,16
c23305,63.371292,-27.93565,16
c23307,10.858411,-25.296696,0
c23311,-33.329685,-31.376013,11
c23320,5.5599236,-10.740179,0
c23333,-18.321985,-14.95848,11
c23336,13.154103,-43.693756,14
c23337,-2.6490834,-33.51538,14
c23340,-15.294583,-21.05765,3
c23341,3.6063406,28.794262,15
c23344,-32.743,-30.300365,11
c23356,41.37364,-13.2535715,14
c23358,3.1245458,27.415125,15
c23366,6.116464,-22.165894,3
c23372,1.4112449,-8.084108,0
c23378,-28.485188,2.0382168,3
c23382,-32.219337,-30.210419,11
c23385,66.59764,12.324983,8
p2447,54.56292,28.101315,6
c23389,55.912106,26.737524,6
c23403,1.1474501,40.766026,15
c23410,9.81809,-44.734875,3
c23419,-12.182931,-17.96279,3
c23420,24.533161,21.838112,15
c23422,65.46059,11.301319,8
c23432,-24.40908,-39.357445,2
c23433,12.753556,-21.434778,14
c23439,-6.8807874,2.1056788,9
c23441,36.25163,2.9803715,13
p2448,44.426018,37.750477,1
c23447,5.5762315,-49.23436,3
c23452,27.530802,-24.996027,14
c23455,34.1072,-9.6094675,13
c23458,-0.9772243,-15.422397,3
c23464,64.52435,12.668879,8
c23470,65.42715,12.264635,8
c23476,11.995344,-12.514551,0
c23477,-33.158802,31.719679,2
c23484,-34.657436,-9.541302,11
c23488,-15.4753065,-40.0685,9
c23491,-26.726276,-19.985292,11
c23494,21.209555,-24.13965,3
c23498,24.960546,-37.314526,14
c23499,15.870107,-12.605583,0
c23507,-24.195349,19.293762,2
c23509,-35.166527,-0.22343421,9
c23510,-21.449883,-17.166729,3
c23513,-13.458798,1.9057269,9
c23516,9.165855,5.9327435,0
c23520,34.213833,-3.882579,13
c23533,6.727474,-30.021544,3
c23543,32.51723,-21.28288,13
c23544,31.326767,-16.791513,13
c23545,26.128572,-1.9607186,13
c23550,27.786724,7.4780407,13
c23555,27.129217,6.6541257,13
p2457,35.454456,-2.3839223,13
c23563,22.9782,-34.6417,14
c23564,-42.422283,35.49182,11
c23566,6.9777093,-25.402657,14
p2460,33.861694,6.9224267,13
c23568,37.620075,4.706738,13
c23569,33.738934,7.127639,13
c23570,35.904903,-4.718482,13
c23572,-27.586811,-39.27135,2
p2463,33.06289,7.5599236,13
c23580,-10.259722,-34.71757,3
c23588,-9.968808,-2.6606758,9
c23598,31.034773,47.651802,1
c23600,38.432064,42.602947,1
p2466,-18.258276,-22.688871,11
c23601,-3.7767222,54.34953,5
c23602,3.7567413,-41.932865,3
c23609,-0.38328832,-32.646713,3
c23613,33.07848,-21.872213,14
c23616,-16.845537,-42.202206,9
c23617,-3.7171664,-12.068872,3
p2469,20.707888,35.52831,2
p2471,-11.224178,22.76547,13
c23621,31.511032,-2.0251539,13
c23623,20.605818,15.024126,13
c23635,-10.413188,12.313095,9
c23638,-29.46559,-27.588598,11
c23644,10.03975,-22.498564,0
c23649,22.632256,39.020214,1
c23652,17.062859,-3.5018528,14
c23657,-35.731693,26.823988,2
c23658,15.709681,-44.59077,14
c23661,-30.852806,-6.107317,2
c23664,-31.221159,-27.983015,11
c23666,-19.143114,44.60205,3
c23667,-18.58656,47.346165,5
c23675,-17.81944,50.144318,5
c23678,-4.443647,35.34985,15
p2477,20.196383,-35.0066,14
c23686,-14.275014,56.5479,5
c23691,-15.276749,-43.837994,3
c23694,45.17836,-17.645683,14
c23698,16.479063,-14.61955,9
c23699,-19.839003,50.583973,5
c23728,-8.295583,0.41727167,9
c23731,-35.651234,27.17063,11
c23736,-6.8631144,22.485455,3
c23742,-24.89062,-20.96364,13
c23744,26.264477,35.771454,10
c23746,-1.5085016,16.234156,14
c23747,6.709627,-25.406532,3
c23750,5.32516,10.169789,13
c23758,-6.6501913,21.981365,3
c23764,27.300577,1.1466779,13
c23768,-13.213804,-30.329695,3
c23771,16.658428,-9.113674,14
c23773,-46.815353,23.521093,7
c23778,10.712627,-21.29041,9
c23782,-25.190111,-23.732607,11
p2488,39.046787,42.91331,1
p2489,39.42106,-22.512756,14
p2490,-17.683252,-39.81672,14
c23790,1.1199219,-5.2389164,0
c23791,-46.62405,23.44849,7
c23792,-5.8491263,-38.76296,3
c23793,-23.80335,-24.167315,3
c23794,-18.411499,-12.960613,11
c23800,-14.865205,56.567818,5
p2491,34.694042,-18.202164,13
c23807,-2.3334072,-7.8470945,13
c23810,32.04703,9.692061,13
c23817,33.039936,7.6553516,13
c23822,15.821978,27.321737,15
c23824,18.885468,28.211601,15
c23826,-38.6623,-19.759697,11
p2493,-24.873243,-38.191162,2
c23827,-11.483341,24.432589,3
c23835,-13.471098,43.755898,15
c23850,50.27556,-15.2499485,14
c23852,52.07007,-11.415926,1
c23853,49.918198,-7.690031,5
c23854,41.669914,-6.7799673,0
c23855,47.19377,-5.467459,13
c23857,50.414253,-12.955402,14
c23866,-36.980278,28.390694,7
p2498,39.03025,-29.9785,14
c23877,7.5298634,-0.99055123,0
c23879,16.445559,28.352,2
c23881,38.93342,42.74381,1
c23882,-25.333063,8.565009,3
c23888,57.572586,23.926657,6
c23895,0.42157176,8.225313,0
c23898,1.3791684,6.967945,0
c23907,55.66331,23.683397,6
c23909,3.5508513,-38.01796,11
p2501,-33.019615,-26.900455,11
c23942,-21.702059,-17.878756,3
c23945,-31.518635,-29.210112,11
c23949,11.202528,-26.706738,9
c23952,-18.38436,-10.193131,11
c23955,4.8281355,-16.635786,3
c23965,41.25726,39.251644,1
c23970,-9.508515,12.726384,9
c23973,-0.82039505,-1.4966899,0
c23975,31.94394,-58.223038,3
c23979,3.095124,-46.968567,3
c23981,-14.513254,11.160628,9
p2506,-18.25897,-17.17509,3
c23984,-15.75247,-15.278779,3
c23994,-20.206173,-21.170202,3
c24006,-17.79,55.242565,5
c24008,36.853874,12.209439,13
c24017,25.463602,9.529514,13
c24019,30.306915,-5.3277564,13
c24024,-6.4878535,16.990015,13
c24034,-4.067518,56.173374,5
c24038,3.134589,-49.692795,3
c24040,2.0397425,-22.556963,13
p2513,-0.51028824,-6.054116,0
c24055,-58.51801,16.101757,7
p2514,13.783774,-45.737812,3
c24058,-40.705044,21.566965,0
c24060,32.817993,37.84029,1
c24062,23.10729,-22.96608,14
c24071,11.316963,3.813713,0
c24081,9.594565,-51.739887,3
c24086,24.680943,9.530206,0
c24094,3.1733592,27.071167,3
c24098,18.10281,4.512007,9
c24100,-52.85778,25.847366,7
c24101,-45.94954,29.131014,7
c24103,-56.274086,22.813637,7
c24107,34.603855,-9.9910555,9
c24110,-26.509296,-18.957762,11
p2520,-26.47014,-19.078314,11
c24113,4.428149,-23.83066,3
c24114,4.683093,-42.22579,1
c24129,13.919743,-19.233332,14
c24133,18.125597,-12.327298,0
c24136,-18.119217,-20.547886,3
c24137,-31.247072,32.347694,2
p2525,14.01447,-37.2169,14
c24143,4.9879065,-24.830746,3
c24147,-10.808789,2.8342063,9
c24148,7.744463,-13.638658,11
c24152,-28.539331,34.509243,2
c24157,25.18076,-6.3416486,11
c24162,2.2401242,26.495274,15
c24163,-4.853484,41.904953,9
c24170,-28.01442,34.53722,2
c24173,2.7014008,-48.30239,3
c24177,34.902786,7.913966,13
p2530,23.075111,37.48266,1
c24178,20.873833,-29.345936,14
c24179,-8.545906,18.40675,3
c24180,-8.221599,25.43665,3
c24182,3.7836847,26.305357,15
c24189,3.9082477,26.232553,15
c24202,-39.13451,29.847486,7
c24203,41.02297,44.03018,1
c24209,31.28375,38.20047,1
c24210,19.723507,34.873203,6
c24212,-59.110832,23.265337,7
c24214,25.548347,15.258539,0
c24222,-26.315357,-24.05791,11
p2533,47.77962,-15.534233,14
c24232,46.350163,-19.128988,13
c24234,35.115204,-6.9748793,13
c24268,13.082185,-26.142288,14
c24274,-22.542429,17.347464,9
c24276,-15.452683,-20.453226,3
c24288,-25.125738,-33.586567,2
c24289,35.65678,31.111612,1
c24297,14.94367,-31.279577,14
c24299,-25.074747,-33.35772,2
c24304,10.6905,11.100043,0
c24308,27.99393,20.092564,13
c24310,28.203789,20.706284,13
c24320,35.60305,11.46659,13
c24322,-21.734365,7.114306,9
c24333,7.205737,-41.506496,9
c24340,37.709934,4.8355308,13
c24358,-42.5111,26.411488,7
c24360,-8.424535,-25.90195,3
c24367,2.5834115,2.0875905,0
c24371,-6.054166,39.71734,9
c24381,-7.618948,-4.838828,3
c24398,55.45932,26.924946,6
c24399,56.23916,23.307537,6
c24403,-30.52531,-17.680141,11
c24410,5.307011,-2.1411526,0
c24425,-10.128142,-17.767593,3
c24431,-14.14041,-40.263287,9
c24434,-27.322294,-19.243652,11
c24438,3.8222413,-25.470564,3
c24442,9.662848,10.754275,0
c24443,-16.406244,-26.492233,3
c24447,-1.8354466,20.109268,3
c24452,1.5076346,-42.80542,3
c24457,2.1209257,41.758274,15
c24464,38.04578,39.11365,1
c24469,16.029154,13.90724,13
c24477,23.459091,7.0378227,13
c24481,-35.866917,-27.562517,11
c24491,-54.20414,-0.0943539,2
c24496,33.99353,8.246734,13
c24501,-7.9312973,-1.6107212,3
c24507,61.72043,10.15636,8
c24508,4.896605,-27.795893,3
c24511,-31.393637,-27.72759,11
c24519,-24.703783,-27.792109,11
c24521,16.58769,-36.612305,14
c24523,-12.843454,4.007585,9
c24527,-28.369736,-40.197266,2
c24529,6.323952,-34.56574,3
c24532,49.255062,-18.176155,14
c24533,-28.369736,-40.197266,2
c24534,46.829823,-13.075692,13
c24535,49.255222,-18.175282,14
c24540,46.829823,-13.075692,13
c24546,28.401415,-7.4022613,13
c24560,12.059131,17.409044,0
c24561,-18.564707,-21.472265,3
c24562,-10.92389,-1.3196481,9
p2555,20.150019,-29.914448,14
c24569,33.83593,7.398158,13
c24574,-15.6682415,6.401077,9
c24576,-13.717843,23.795164,9
c24582,35.592304,-9.322732,13
c24589,5.861641,-30.37566,3
c24590,-28.660385,14.131211,0
c24591,-15.382285,-17.284399,11
c24594,33.43661,7.3096175,13
c24599,-54.625248,25.17707,7
c24607,0.659083,-48.020504,3
c24608,-0.8250934,-47.014347,3
c24611,8.9768095,-4.6265726,0
c24620,6.7114224,26.280024,1
c24634,-17.065334,-27.12496,2
p2560,34.575775,-19.097637,13
c24648,46.231472,-16.84892,14
c24650,-37.152653,-11.132841,11
p2561,-39.638058,-29.674953,2
c24664,33.876564,7.6851397,13
c24666,33.71294,7.114205,13
c24678,10.061675,-20.04388,13
c24679,7.5795913,-5.505066,17
c24680,33.94273,7.2908325,13
c24682,3.2457027,27.043486,14
c24690,21.357813,28.35886,15
p2563,2.4865103,25.135286,15
c24705,28.989231,-17.609905,14
c24719,26.932966,28.099983,15
c24721,-8.34338,-22.998909,3
c24726,34.143803,46.00688,1
c24731,-56.350548,26.228067,7
p2566,31.018793,-16.650167,14
c24759,-1.0572683,55.043076,5
c24762,31.217194,0.865347,13
c24765,7.084215,-51.88924,3
c24769,-21.289934,27.767693,2
p2568,-39.92201,-16.599272,11
c24776,-40.44516,-16.136473,11
c24777,-25.541496,-13.453355,11
c24789,-25.5785,-13.903733,11
c24793,-33.557743,-28.732624,11
c24798,38.760044,4.451015,13
p2570,-23.668833,-27.18609,2
c24799,15.536003,-27.37495,14
c24801,1.1823144,-0.5809105,0
c24802,-25.916855,16.39258,13
p2574,45.610794,-14.664405,14
c24811,41.71346,-6.6520023,0
c24825,1.3336201,25.371462,15
p2576,7.764546,-19.326017,14
c24828,1.8720981,6.5951395,0
c24834,-14.8492155,2.8485308,0
c24840,30.454529,44.484528,1
c24850,65.79054,12.250091,8
c24853,25.395542,13.141856,13
c24859,-53.96419,18.111662,7
c24874,34.590576,1.4853845,13
c24877,30.730158,-14.705587,3
p2584,0.6395362,5.304589,0
c24880,-15.232325,-14.064277,3
c24883,-26.065495,-24.90801,11
c24886,-41.06461,-17.397932,11
c24890,33.56253,6.4780407,13
c24897,-33.12914,-30.219604,11
c24901,-8.2657795,-25.959948,3
c24904,29.717329,9.6292715,0
c24915,16.0529,61.93481,12
c24923,-9.043192,30.49599,0
c24932,-22.36892,-25.976355,2
c24938,-22.29998,-26.05961,2
c24960,-33.075245,-27.53587,11
c24964,1.6288536,-33.49315,15
c24971,-5.8828645,-21.070919,3
c24973,51.02197,-13.396098,14
c24994,-22.33351,-26.188332,2
c25003,32.441418,45.927345,1
c25009,1.6830738,-28.813656,14
c25013,21.223068,34.4986,3
c25018,-10.80683,-12.684696,3
c25019,-3.7882442,-4.423866,0
c25052,2.3527896,10.765126,0
c25057,31.365374,43.18003,1
c25058,28.753944,40.79405,1
c25071,-48.376575,16.590153,7
c25072,10.10567,-44.73873,14
c25080,-30.172695,19.454796,0
c25083,-20.557127,-30.302502,14
c25092,-25.530128,-23.857758,11
c25093,25.166245,-34.489704,14
c25098,-8.820197,-35.656757,3
c25104,-5.1492667,-40.612488,3
c25107,-25.748785,25.96155,2
c25136,-5.143202,23.147758,2
c25146,33.077984,-14.30542,3
p2607,32.794025,-12.735108,13
c25151,-23.788916,-27.171875,3
c25152,2.6240842,53.430912,15
c25155,-0.24520619,52.512997,15
c25170,35.72255,10.462685,13
c25171,28.636726,15.604579,13
c25174,3.7236953,10.8899355,2
c25184,40.16443,37.38572,1
c25187,32.978924,6.4733634,13
c25191,39.979065,-23.546787,10
c25193,3.9278178,10.729433,0
c25200,-55.754364,18.436571,7
c25210,28.588358,43.03343,1
c25217,44.853596,-21.59725,13
c25219,46.234344,-23.759869,0
c25222,-20.747725,-13.417292,0
c25226,-2.1997182,18.170073,13
c25231,24.332088,37.6594,14
c25235,-18.0319,-40.650356,9
c25238,-24.776459,-39.559406,2
c25239,-4.0393867,40.667164,15
c25241,-58.027004,20.99947,7
c25242,-34.774323,-38.682392,2
c25250,29.29524,-16.050213,3
c25254,-0.5017105,52.489822,5
c25256,-25.841051,-15.504212,3
c25258,-16.977165,16.599775,9
c25263,64.915115,12.556782,8
c25269,-10.710502,-34.34287,3
c25274,-29.51962,-19.774485,11
c25276,44.160603,-22.801563,14
c25278,3.0925236,4.0361667,0
c25292,45.913166,-23.630733,0
c25296,-28.294016,-38.772045,2
p2621,39.146248,-28.954245,14
c25319,-8.446593,-12.050527,3
c25321,25.650492,4.6171484,13
c25326,-27.789442,-19.849459,11
c25337,4.911279,-4.8101487,0
c25338,6.3303986,26.958597,15
c25350,44.630783,-21.66772,0
c25364,0.10463278,-51.18097,3
c25366,16.354494,-25.86432,14
c25369,-21.845009,-4.289681,3
c25371,-13.6938715,-23.09407,15
c25374,-12.225423,-30.68597,3
p2630,32.920803,5.6096683,13
c25375,-41.783012,-27.41357,11
c25386,-11.924102,25.906042,3
c25387,-4.6262736,-8.11409,0
c25393,-28.833548,-30.34853,11
c25397,-17.381086,-27.763336,2
c25398,-8.754502,-17.909386,3
c25401,-58.019638,20.315874,7
c25408,62.7561,-28.336706,16
c25413,62.593098,-27.753527,16
c25430,15.59792,-22.545343,9
c25434,-15.160284,-40.876568,9
c25443,-28.165667,15.744676,3
c25444,-26.428137,-35.400024,14
c25448,20.749828,36.703503,2
c25451,-5.2654347,19.882288,3
c25452,64.86197,12.814169,8
c25453,3.667223,-47.730026,3
c25454,12.814156,-29.267805,14
c25456,8.823001,-42.490337,14
c25462,7.423583,17.92995,0
c25465,-17.260403,-40.03249,2
c25466,-34.834045,-17.529543,11
c25473,-2.0500014,20.081013,13
c25475,-5.970383,-11.621977,3
c25494,-18.837658,-31.873722,3
c25496,-29.340984,17.354082,3
c25498,-21.966578,-28.630476,3
p2638,-19.237194,-31.880636,3
c25500,-7.096014,-13.124943,3
c25506,5.110837,41.49726,15
c25508,12.1794815,-22.945625,9
c25510,-18.058264,14.237025,9
c25519,-39.643368,-29.44917,11
c25520,22.948078,25.018948,15
c25522,23.426617,24.654821,15
c25525,-42.72272,24.34578,3
c25530,-44.606064,28.34212,7
p2643,56.797592,29.146967,14
c25541,-38.80898,-33.24542,11
c25545,30.385427,-10.607813,13
c25548,-39.261898,-8.831155,9
c25551,-0.41870025,5.051358,0
c25555,3.9569511,1.7858464,0
c25560,-8.882011,30.471645,15
c25561,1.4108452,7.3871713,0
c25564,-34.21572,-13.380411,11
c25573,-2.2089746,18.183855,2
c25575,-2.6508827,-20.740015,3
c25578,55.88294,25.647518,6
c25593,6.7945614,-43.876076,3
c25595,-3.8352745,41.946507,15
c25597,-3.5041761,-23.07573,3
c25603,-7.0721607,-26.07999,3
c25606,-1.9036105,-44.99211,3
c25608,37.261845,-10.026403,13
c25609,9.6698065,-44.641903,3
c25618,-16.17462,53.357063,5
c25620,-37.437027,32.899086,2
c25622,-13.018381,19.9036,0
c25624,-48.733284,26.289623,7
c25629,42.942265,-14.148739,13
c25643,9.546095,-4.0480313,0
c25649,31.010897,-16.159967,14
c25650,-14.4536295,-31.7816,3
c25656,3.356196,-44.94938,3
c25659,-17.352219,-20.351454,3
c25661,30.572031,-11.293797,13
c25662,-8.268188,18.248007,14
c25667,-52.618828,17.183525,7
c25674,-13.178231,43.553448,15
c25675,-8.22059,-2.6881843,0
c25678,-7.722324,-31.93695,3
c25686,22.484997,-26.448452,14
c25690,29.594576,-8.997512,13
c25691,25.414501,3.6930947,13
c25694,33.476067,43.380077,1
p2658,32.818687,44.030167,1
c25703,-2.2889836,18.200438,2
c25705,34.301056,-4.0991173,13
c25707,2.195194,1.6055949,3
c25709,-4.531747,51.547665,0
c25713,-16.898884,-12.665275,3
c25720,-29.694416,-19.632563,11
c25721,-15.049839,26.96018,2
c25723,-11.5308,-41.11452,3
c25727,32.11241,-3.0836203,13
c25729,37.793556,-3.5965672,13
c25734,12.437435,10.587623,0
c25735,29.384972,-9.052978,13
c25741,-21.561874,7.5409465,9
c25753,31.076021,47.301224,0
c25755,-29.488157,8.559375,6
c25759,-5.3456736,0.54970545,0
c25761,8.072313,1.253341,0
c25765,-11.195025,-25.61976,3
c25781,-59.066887,22.57119,7
c25791,-6.157104,16.880564,9
c25795,8.602622,-30.157091,14
p2664,24.343967,-37.835743,14
c25810,21.726048,-6.299719,13
c25811,31.329483,-11.350388,13
p2666,-2.7667294,34.665813,15
c25817,-19.826189,50.409973,5
c25824,33.424824,-14.72268,13
c25828,-3.6737845,-48.516598,3
c25829,34.65697,-0.5692376,13
c25831,22.18193,-1.0104055,14
c25838,23.392523,-34.960255,14
c25841,31.91759,16.687557,3
c25843,35.449974,-6.428239,13
c25847,-9.407993,0.23225127,9
c25854,-2.2681596,51.09478,15
c25855,-1.1668329,20.0846,3
c25862,6.454785,-30.047464,3
c25864,-9.2730255,22.60282,0
c25876,6.9440885,-30.187723,14
c25878,-14.430703,-25.386482,3
c25881,16.818378,-0.85361636,9
c25882,13.865984,-1.5282567,0
c25889,-18.010328,-30.438742,3
c25895,-3.7753282,-18.163471,3
c25899,-19.475605,18.090054,9
c25900,35.05022,45.165516,1
p2673,-8.7195425,-34.899803,3
c25912,-29.600513,-27.282515,11
c25915,-2.1225324,37.282948,15
c25917,3.321145,-41.886818,3
c25918,-0.5009685,-21.710037,0
c25919,-12.046804,-27.697956,3
c25923,-17.639957,-35.083466,2
c25933,3.0042825,-19.98635,12
c25937,35.495163,-6.542657,13
p2674,31.209831,-21.110281,14
c25946,-3.7604008,-18.063679,3
p2677,-8.511112,40.295536,9
c25948,-53.482838,21.057125,7
p2678,3.69212,-47.513138,3
c25950,-8.759296,40.23658,3
c25966,-39.410744,-12.108132,11
c25971,31.615593,-21.1507,14
c25974,22.328476,-12.100303,0
c25981,21.965393,-1.2651393,13
c25988,-5.614664,-37.79965,3
c25993,0.9611527,-46.779297,3
c25994,-19.598804,50.57476,5
p2681,-4.432171,-31.953382,3
c26002,-8.339539,-8.22574,9
p2683,18.646053,-10.518286,13
c26011,-9.092363,-11.92769,4
c26016,2.4975173,24.914509,15
p2684,-2.684814,-29.126654,2
c26035,49.548264,-10.727122,13
c26038,38.093647,-17.893003,15
c26044,47.043373,-10.969755,7
c26049,36.74876,-18.615992,13
c26050,-28.824825,36.277107,2
c26052,47.470455,-11.976409,0
c26056,26.139635,-12.533314,13
c26057,51.049732,-14.639112,14
c26066,-9.728258,2.6108432,0
c26067,26.417492,-21.649258,15
c26070,-52.913265,26.005257,7
c26086,33.767788,-1.6148468,13
c26098,3.7501686,-44.93168,3
c26101,-7.801125,-21.10758,3
c26117,-6.962336,-39.1372,3
c26122,1.607206,-7.393171,0
c26130,-6.0794864,3.6269245,9
c26132,-14.12455,44.701218,5
c26137,23.956482,-29.842924,14
c26139,25.833933,-26.757685,14
c26144,-16.117107,6.710176,9
c26151,55.88364,26.110073,6
c26157,-35.061985,-25.469877,11
c26158,-15.554844,-11.087367,3
c26161,-31.449253,-8.8120165,11
c26167,-7.4434204,15.989908,9
p2695,32.98447,-33.128345,14
c26177,-0.91045916,29.497433,11
c26182,-8.756658,2.7592454,9
c26184,-43.76061,20.1658,11
c26188,-37.223484,-24.59822,11
c26190,-6.8389044,-31.42762,3
c26195,-17.79712,55.2028,5
c26197,-16.950584,51.425777,5
c26201,14.31833,-8.033487,0
c26202,11.178086,-35.57516,14
c26212,4.457112,-7.741486,0
c26213,7.7606697,-30.850239,3
c26214,22.482561,-14.003115,11
c26215,-25.749573,-10.660244,11
c26217,-13.045685,3.3008072,9
c26221,25.24092,-10.356192,13
c26223,-12.667387,-20.08652,3
c26231,-15.382493,13.460631,9
c26232,-1.2689852,53.169044,15
c26233,3.0802891,34.77758,15
c26236,1.8174243,25.226784,3
c26237,2.1903274,24.85845,15
c26246,-27.908995,-19.95276,11
c26247,5.1064262,-4.5743713,0
c26252,-3.4761214,-30.262304,14
c26254,36.197334,-3.7681713,13
c26258,-16.170956,3.4615362,9
c26266,-33.223,19.133493,0
p2701,-6.136174,29.316082,2
c26268,-20.646963,43.383484,5
c26277,7.9238853,6.078936,0
c26278,21.647427,-28.169178,14
c26280,19.081524,-63.80517,15
c26283,23.11925,-33.998924,14
c26284,1.8955383,41.770603,15
c26285,-58.27364,21.581007,7
c26295,27.86816,-1.6930214,0
p2704,22.35773,38.000343,6
c26297,5.8371277,-15.9244,3
c26301,4.1105046,26.78173,14
c26305,21.765064,-13.194158,14
c26310,-14.46032,-33.649223,2
c26311,-57.308624,18.115162,7
c26313,26.09433,-24.18037,13
c26317,30.963697,-13.159064,13
c26329,29.29972,-16.978725,13
c26332,-12.2823305,0.91444397,9
c26335,-9.664014,2.2278008,9
c26352,-18.495977,-27.211597,11
c26353,-26.091856,35.566906,2
c26358,36.947697,7.6731377,13
c26359,-34.163467,28.711298,2
c26361,5.2743645,6.7516527,0
c26366,-43.73597,19.918882,11
c26367,-36.084156,0.9877398,9
c26373,-12.340442,-6.4147468,3
p2716,-10.810639,-16.795258,3
c26378,-53.035286,1.2163397,2
c26380,35.898544,-10.854306,13
c26387,-26.449404,-13.109096,0
c26391,-33.31376,-38.671387,2
c26395,28.970057,-8.354459,13
c26398,-33.67601,-12.004954,11
c26399,-2.9109747,27.129072,15
c26400,-7.5908947,34.530373,15
c26403,-13.996371,0.11539938,9
p2720,-2.659748,-9.321443,0
c26411,-0.4765342,25.465899,3
c26418,-13.386171,0.6143373,0
c26429,26.591343,-24.438448,14
c26432,37.350636,5.780292,13
c26436,13.800052,-9.565889,0
c26439,-5.183814,19.79787,3
c26445,-11.963652,-6.419668,3
c26451,-19.01739,-15.497098,3
p2727,34.9443,0.27635694,13
c26462,-57.874474,20.949419,7
c26463,-6.7411823,0.2227601,0
c26465,32.756207,-3.0876496,13
c26470,-17.901983,18.783058,9
c26471,-20.243658,22.970621,2
c26484,4.3687963,13.675428,0
c26486,-5.9980135,-11.606256,3
c26487,-9.821175,-1.7131395,9
c26493,-16.743765,20.79132,2
c26494,-17.561922,19.40222,9
c26497,-2.7248137,-9.702196,0
c26513,-26.702644,-26.908611,11
c26515,-23.969496,12.931499,15
c26517,35.55721,-17.844501,14
c26539,7.813569,-6.911553,0
c26543,-43.79803,24.786057,7
c26554,-8.613003,4.3462586,3
c26555,-39.955296,-10.032311,11
c26558,5.370919,-16.740507,9
c26560,-20.726566,25.628807,2
c26562,-21.156252,-23.326843,11
c26575,55.617493,26.161863,6
c26579,-31.40884,-27.544302,11
c26580,3.8756258,26.281399,15
c26583,-13.977165,13.099919,9
c26594,-22.051258,-18.038153,3
c26597,36.900097,-33.424927,14
c26619,24.98885,-10.588195,13
c26620,7.6287537,2.8910599,0
c26631,-13.722738,23.899288,3
c26632,0.29534096,24.378817,3
c26635,-14.074181,-40.377148,3
c26639,-14.130787,46.460766,5
c26642,-19.957804,50.514957,5
c26650,6.0033193,-15.701879,3
c26651,34.46531,44.33318,1
c26670,-43.864536,28.246971,7
c26672,-39.46219,-12.640714,11
c26675,-57.60879,21.544455,7
c26676,-1.8159027,29.200087,11
c26681,-9.049818,-48.84103,3
c26682,4.416239,-24.986525,3
c26683,-1.431235,-41.95127,3
c26686,-14.110139,-0.11677923,9
c26690,-36.529778,-4.650114,9
c26691,-36.721653,21.044678,7
c26693,38.972466,-4.492698,13
c26694,-2.6641176,-9.758369,0
c26696,43.01409,-3.262914,13
c26699,-34.207085,-27.135633,11
c26707,34.116764,47.462242,3
c26719,-22.70002,-41.20427,3
c26720,7.396024,6.8455167,0
c26726,-8.4079,29.242268,11
c26730,-55.252167,19.173424,7
c26734,-41.61532,29.287592,2
c26739,39.930973,-2.2200992,13
c26742,-39.02023,-10.305541,11
c26743,-38.890446,-10.309887,11
c26746,-29.661093,10.190001,3
c26748,-15.280625,-8.168213,3
c26752,12.205574,-18.910234,14
c26756,18.628412,-43.375195,14
c26757,45.783672,-19.585604,13
c26772,2.6786175,-48.588963,3
c26773,19.308842,-41.814354,3
c26775,39.608032,36.27985,1
c26777,-35.650833,27.027037,11
c26779,-45.103775,26.513462,7
c26780,-4.4782143,-21.266714,3
c26783,-22.015877,-24.482513,11
c26790,-12.281402,-32.845993,2
c26791,-3.0028503,-39.28401,3
c26793,-34.89676,37.729534,0
c26796,10.9459715,-5.2474103,0
c26798,-21.52099,-23.971733,3
c26802,18.481245,-43.364304,14
c26806,-10.86055,-5.659584,3
c26817,-33.654396,-11.650638,11
c26823,-1.8444991,55.067463,3
c26825,2.6450593,-24.668324,3
c26827,4.672653,-54.97445,3
c26839,-31.692194,-27.518486,11
c26841,40.77327,36.81528,13
c26842,33.421154,-3.1470304,13
c26843,-3.1177673,-46.28131,3
c26847,-0.3998721,1.3856223,0
c26848,2.8114448,4.8311424,0
c26853,34.338673,-14.529884,3
c26854,-10.590293,-43.516804,11
c26865,9.334607,-12.536634,3
c26884,1.8317915,43.411015,3
c26889,37.23613,-33.26642,14
c26896,-7.8835154,6.65307,15
c26911,14.855887,-62.18679,14
c26925,21.70623,-19.62989,14
c26926,32.152885,43.681526,1
c26931,-7.5749726,-23.10264,3
c26933,-14.4253845,-39.5495,3
c26938,-2.2104042,18.104387,2
c26949,-27.061352,32.08567,2
c26950,-15.569487,-28.250946,3
p2757,-0.79893017,24.974907,3
c26951,1.3433756,41.7882,15
c26954,-40.491093,-16.747112,11
c26958,-41.831104,21.829,0
c26959,-24.606594,-12.374394,11
c26963,-33.274372,-9.395071,11
c26967,-32.41654,-25.721048,11
c26969,-33.676525,-8.7022085,11
c26972,-28.344631,-13.556896,11
c26973,-27.828663,-32.554825,11
c26977,-21.242487,26.625242,2
c26980,2.4278274,4.7885785,0
c26988,-22.628668,-24.456345,11
c26990,-13.821461,24.033287,3
c26997,45.555668,-21.874228,14
c27001,-9.00311,23.871286,13
c27005,-29.412157,1.4953381,2
c27016,37.02495,-8.301411,13
c27021,20.93683,34.1513,3
c27031,13.460752,-25.938879,14
c27034,-33.504944,-20.90901,11
p2761,-1.3953935,26.124321,15
c27042,17.188673,-11.2305765,13
p2762,-34.998764,23.29487,2
c27051,16.18809,62.67129,12
c27053,-23.366638,-26.483301,2
c27056,16.411636,61.9806,12
c27062,15.836125,60.873283,12
c27067,17.817923,64.043144,12
c27070,14.709221,60.683365,12
c27082,-14.144359,21.064571,0
c27084,-34.8559,-38.55666,2
c27086,36.686604,41.681767,1
c27087,31.866201,44.578983,1
p2765,-41.105686,13.422223,11
c27090,3.2480235,-6.480623,0
c27093,-35.341908,23.237879,2
c27094,-16.590693,19.897371,3
c27095,-30.291752,-27.494482,11
c27096,-35.92006,-25.580276,11
c27103,-58.99962,22.235212,7
c27105,-15.44286,9.015228,9
c27106,-11.440004,10.407024,9
c27108,5.9811196,-11.573458,11
c27116,-26.717426,13.437583,3
c27118,-4.3238597,-21.523209,3
c27123,0.97522056,-23.98515,3
c27126,55.836987,26.68814,6
c27129,56.15278,25.375639,6
c27136,43.242424,-22.641613,14
c27152,21.768309,-44.865326,14
c27163,-21.428219,-35.534683,6
c27164,-34.068268,-37.941563,2
c27168,-9.012765,23.852741,3
c27170,-25.019384,-23.869339,11
p2772,-8.006412,36.044273,15
c27173,24.561192,-14.1801405,14
c27175,-8.235819,36.039852,14
c27180,35.51357,-7.598039,13
c27181,-48.777367,3.833204,2
c27187,-3.4327466,26.525318,11
c27194,-27.488161,-24.022089,11
c27197,13.501641,-32.057102,14
c27205,1.188736,25.455915,15
c27209,6.6519403,35.557323,15
p2775,-25.234903,-4.981889,3
c27231,-17.110102,5.189125,9
c27240,-8.402321,23.891722,2
c27244,-3.9748385,-29.43025,3
c27248,-12.899446,-35.62218,3
c27250,-8.332623,24.63636,2
c27266,15.587308,-11.367228,0
c27268,22.230993,-19.402557,14
c27269,8.302788,-56.166473,11
c27270,-29.409912,25.96272,2
c27275,32.890823,2.4790106,13
c27280,-1.144081,25.340496,3
c27288,-1.0916785,-5.5601635,0
c27289,26.854015,21.623114,15
c27290,-8.603913,-28.791456,2
c27311,18.288513,-31.944408,9
c27315,-2.1206334,18.184784,2
p2781,-38.63613,-10.480874,11
c27341,29.647572,-8.067423,13
c27346,-30.37171,-10.4647665,11
c27352,-3.7356708,-19.651016,9
c27353,-37.35042,-12.76314,11
c27355,-39.848846,-11.484712,11
c27363,13.842958,-0.4635874,0
c27365,3.9056935,-24.818005,3
c27366,-15.969268,-18.954428,3
c27373,24.590849,21.828077,13
c27386,25.483282,-1.5186033,13
c27388,18.762125,-6.6916122,14
c27393,-24.009886,-13.005075,11
c27394,-48.336357,24.594572,7
c27397,-9.523296,-19.216381,3
c27398,14.558909,-4.616667,0
c27400,20.34324,-36.315014,14
c27402,-14.708848,52.770187,5
c27403,-20.818502,25.243572,3
c27412,8.379459,-10.238855,0
c27413,3.4133067,-27.81447,3
c27414,-42.319435,22.321264,7
c27415,-10.27965,-9.972161,2
c27421,-26.475767,-24.987698,11
p2787,-14.668188,52.909386,5
c27434,-18.086521,-40.164997,9
c27436,-1.1942768,24.475368,3
c27443,-14.717331,53.27974,5
c27447,-32.360752,31.453093,2
c27448,-54.861576,23.433226,7
c27449,-32.803223,-1.0283033,9
c27460,-7.5440044,-42.727543,3
c27465,28.538872,-41.63976,3
c27466,37.09012,-22.99116,14
p2790,4.152757,-22.889223,3
c27474,0.8024333,-15.089595,3
c27482,19.435535,-8.398266,13
c27483,-12.501698,48.727688,5
c27484,1.7198007,-7.527166,0
c27492,-5.5286555,-45.073742,3
c27494,2.6915104,-24.730919,3
c27498,-21.049576,15.193694,5
p2794,-13.849292,0.72812676,9
c27505,-0.024379993,-21.67959,0
c27508,-8.622787,23.83832,3
c27524,-12.878329,19.960592,0
c27527,-9.054504,11.38641,3
c27528,0.5397677,-21.588678,0
c27532,19.511948,-8.659109,13
c27535,5.133114,-21.317703,0
c27538,-1.9611896,11.041546,3
c27546,15.581449,-59.525715,0
c27551,-21.926472,26.720127,2
c27555,-25.680237,-26.471014,11
c27562,62.321537,-27.65139,16
c27569,62.54791,-27.84297,16
c27572,16.051998,-10.168548,9
c27575,-4.58009,-40.628624,3
c27576,32.220737,-12.380728,13
p2801,-41.05714,29.851908,7
c27591,-22.544853,30.026379,2
c27593,30.126093,-9.6702795,13
c27596,-34.43902,-7.3180623,3
c27601,-26.202072,14.368963,3
c27603,2.8590298,-29.725712,14
c27605,3.2729068,25.66937,9
c27609,15.280027,-59.500477,13
c27611,-28.979176,16.86113,2
c27615,28.260345,45.392456,2
c27618,28.812023,5.1411605,13
c27620,6.083592,-26.81423,3
c27621,1.5259563,-26.801386,14
c27622,14.876293,-35.91995,14
c27638,16.706047,-33.270863,14
c27640,8.01612,-25.855934,3
c27648,-39.977627,-10.3965225,9
c27652,-5.028683,0.7335773,0
c27654,7.8762226,-30.808487,9
c27657,10.831474,-29.227919,3
c27659,6.1438193,27.096071,15
c27664,38.66096,43.02902,1
c27665,-16.15732,-2.5858014,9
c27673,26.48149,-24.125874,14
c27682,-20.383999,15.70318,9
c27683,26.599388,-24.1241,13
c27688,-12.220854,-19.884909,3
c27689,9.140943,-15.769731,0
c27691,-58.03731,19.102879,7
c27694,-4.5587535,-8.109841,0
c27699,-20.293602,44.37671,5
c27707,-22.118195,27.300688,2
c27708,-15.081797,-41.064957,9
c27709,-22.40471,-24.670967,3
c27710,-30.269363,27.639246,2
c27711,-1.0140532,24.693314,3
c27720,22.324322,-23.860434,3
c27722,-6.0977907,23.49042,2
c27747,25.934235,-18.203232,13
c27749,22.27675,-3.0427377,7
c27750,16.58652,-47.034157,14
c27752,9.91499,-13.088828,3
c27762,37.96944,-1.0522487,13
c27766,33.60174,-0.4725377,13
c27771,37.37884,-9.900105,13
p2810,31.606087,5.2836533,13
c27773,15.026415,-43.596043,14
c27777,-39.30544,-3.6482623,11
c27779,-36.925,19.993046,7
p2811,-5.963112,-31.247543,14
c27781,-22.718006,-18.10356,11
c27785,-1.013326,25.157907,3
c27788,-24.302938,11.0962515,9
c27789,-27.057295,19.341112,3
c27790,14.742282,-4.2957134,0
c27793,-17.05414,9.118339,9
c27802,-56.01408,22.563316,7
c27803,33.927956,8.713153,13
p2814,67.24712,-12.391516,4
p2815,-32.24207,-16.948986,11
p2817,-15.71365,37.126644,2
c27814,-23.515802,-12.201005,11
c27821,21.366241,13.250623,13
c27828,3.3855488,25.088816,15
c27838,-19.970919,49.684696,5
c27844,-7.1817117,43.865246,15
p2820,32.95393,-3.9471524,13
p2821,15.882092,-44.18327,14
c27845,34.65387,-14.364718,3
c27847,-58.52169,25.300415,1
c27848,5.4948273,39.968086,15
c27852,4.781684,-25.89081,3
c27856,25.85635,-3.5148153,13
p2823,-3.7257931,-35.245342,3
c27866,-16.391846,-31.604221,11
c27871,0.8038071,-2.002318,0
c27876,-19.179916,52.018246,5
c27877,-17.692478,53.026302,5
c27886,9.649154,-2.2763596,0
c27887,-46.9871,8.426019,14
c27890,-34.817345,23.64058,2
c27895,-23.016138,-28.900091,11
c27896,12.244194,-6.7848635,0
c27897,18.647573,-15.233562,0
c27906,-20.907265,-14.168773,3
c27908,-20.215464,-15.8283415,11
c27914,14.428003,-4.6523037,0
c27918,2.3426678,30.374907,15
c27926,18.764982,0.15386379,13
c27929,14.805148,-3.8643937,0
c27931,-19.455933,50.354515,5
c27932,-24.084457,-10.920091,11
c27934,-54.060337,19.68155,7
c27949,-40.37439,-10.39239,9
c27953,-34.331177,-7.09647,11
c27955,24.784369,-7.9009457,0
c27958,-21.580662,13.77295,11
c27963,-17.873272,-19.913921,11
c27969,3.670691,15.518133,0
c27976,32.94922,-8.076937,13
c27991,-12.100371,-2.131316,9
c27992,1.1649511,-13.855274,3
c27996,2.637888,-24.826353,3
c27998,-4.3870378,-18.024822,3
p2830,1.643126,40.445747,15
c28017,-13.331602,-49.886185,3
c28026,-17.443373,5.554355,9
c28027,24.62806,22.007631,13
c28040,6.271666,5.87923,0
p2832,-3.5460985,21.609236,12
c28041,-31.473673,-23.326097,11
c28042,-4.46403,-32.22619,14
c28052,4.1789384,26.760468,15
c28058,-4.158546,-48.03533,3
c28063,4.676551,11.093735,0
p2839,-4.5958133,1.2142817,0
c28064,45.60516,-12.496371,14
c28073,11.299446,59.93942,12
c28088,-14.434054,41.897972,5
c28095,-2.641172,-48.39267,3
c28100,-43.18984,26.264626,7
c28112,-17.533484,53.656773,5
c28113,-25.999096,-15.044327,11
c28115,3.2306075,-15.567588,0
c28118,2.109566,41.814148,15
c28120,-14.804347,51.351208,5
c28122,-40.746277,-22.48202,11
c28132,-32.629208,-17.725233,11
c28142,-4.4548235,-39.474472,3
c28144,-24.891832,13.104944,3
c28148,4.6567774,7.5943756,0
c28151,4.223453,-0.37837678,0
c28156,-24.307926,26.522133,2
c28158,-8.712755,-25.732388,3
c28163,-4.189471,37.246784,9
c28165,-32.76457,-28.958847,11
c28185,16.37812,-6.986385,0
c28188,30.193136,11.87196,13
p2851,-15.3283615,53.125835,5
c28208,-6.8793983,31.317064,3
c28211,-1.5586674,2.281217,0
c28224,6.590618,6.489784,0
c28228,13.1009245,-42.837364,14
c28231,22.277103,-3.031691,0
p2857,37.516094,-31.08986,14
p2858,3.70819,36.950306,15
c28247,17.894472,41.85426,5
c28248,-14.203785,12.095787,9
c28250,26.052158,1.6038043,13
c28251,33.71728,0.47908488,13
c28253,31.81452,1.7145666,13
c28259,-6.7779837,18.771942,3
c28266,51.5771,-16.697386,15
c28267,-42.27886,29.572474,7
c28271,4.268403,-47.899494,3
c28281,-53.583805,-2.210666,2
c28285,-40.890373,24.735146,7
c28297,-42.59913,-30.623638,11
p2864,-42.706463,-30.603113,14
c28312,29.994167,-16.419943,13
c28314,20.16569,-12.926446,3
c28317,51.478565,-14.317722,14
c28322,5.4256153,43.67882,15
c28324,32.46999,2.1756659,13
p2868,29.513824,2.9993975,13
c28348,-6.9294925,40.75142,15
p2869,-37.367878,-12.319197,11
c28355,-15.637471,24.267588,3
c28357,15.110473,1.2486799,0
c28365,-29.272253,-30.268663,11
c28369,34.01618,-3.3198652,13
c28373,-31.59537,26.097792,2
c28375,-43.661846,25.182901,7
c28378,-1.1231276,26.238968,15
c28379,1.3849342,31.24296,15
c28382,31.599009,-15.861202,13
c28384,-0.14919765,44.969078,15
c28391,-19.462318,17.524029,9
c28395,0.12690365,2.651689,0
c28400,26.269964,9.006026,13
c28407,-25.831814,-29.844423,11
c28408,45.973545,-10.859188,14
c28412,13.671299,0.26837584,0
c28414,-0.6863606,10.977986,9
c28427,37.07336,-5.8178706,13
c28431,-15.782153,-36.556328,14
p2873,11.344529,-47.6621,14
c28434,18.285591,-30.208813,14
c28438,37.31715,-3.7012932,13
c28443,-7.349436,22.525204,3
c28444,11.67442,-26.944803,3
c28454,7.261393,33.28644,15
c28455,18.152328,16.409424,13
c28460,26.809052,0.8204126,13
c28469,-44.896183,2.4437923,7
c28470,29.567072,-2.758239,13
c28476,-0.17195001,-6.739385,0
c28477,17.592754,-58.397083,13
c28483,-14.725777,-23.894995,3
c28488,-3.3894453,-17.90157,3
c28493,37.574528,-5.7752233,13
c28499,17.800133,-45.60645,14
c28511,17.871777,-1.2252733,13
c28517,3.3281145,-6.5319343,0
c28522,16.56241,-36.300045,14
c28530,36.39318,-6.9283957,13
c28539,20.376719,19.466997,3
c28547,27.235296,-34.534836,14
c28549,30.029234,-15.496129,14
c28552,23.804451,-4.719154,13
p2882,34.289124,40.783,1
c28560,18.789522,-5.1799054,12
c28568,-38.434357,26.289074,2
c28577,-45.865303,27.25551,7
c28580,33.420685,-4.7986693,13
c28586,-5.7371197,-30.268772,14
c28587,32.2737,38.66984,1
p2885,-26.3015,11.723119,11
c28590,7.781688,-25.295444,3
c28593,33.61695,-13.537901,13
c28598,22.214935,-38.563293,14
c28603,40.097073,-25.158474,14
c28604,33.26961,-21.917458,14
c28606,-6.0276628,2.0080373,9
c28623,4.187969,-3.3591995,0
c28625,-8.761273,-12.950894,3
c28629,-16.41022,-41.876842,9
c28630,61.745182,10.168919,8
p2889,5.7818065,-49.57461,3
c28634,3.9031239,26.034136,15
c28638,-22.303333,27.240831,2
c28639,-59.13494,21.911839,7
c28642,22.281197,-39.57843,14
c28647,-14.094092,21.524878,15
c28654,-44.278423,-5.1809163,3
c28655,-58.267826,21.78405,7
c28656,-27.69275,-19.931717,3
c28666,-9.787968,-13.1123495,3
c28667,22.565222,-39.560513,14
c28668,-14.1895895,20.991098,13
c28673,-21.628654,21.607798,3
c28675,-53.29425,-3.8179455,4
c28677,4.9566975,-54.57986,14
p2893,13.591829,-36.857666,14
c28682,-22.332476,7.5589247,10
c28684,35.31206,45.889626,1
c28685,2.6944785,-4.6947074,0
c28686,27.621733,-1.6825216,5
c28688,-21.511854,22.871183,2
c28703,-9.521009,-12.069795,3
p2895,41.87352,-23.890467,14
c28711,-27.540316,26.537449,2
c28712,-1.1804756,23.399052,9
c28721,37.27874,-10.177159,13
c28723,25.667253,10.886499,13
c28728,-13.241783,-14.687228,3
c28735,-15.658453,42.08493,3
c28739,-19.010826,-5.214955,3
c28745,-29.311779,-32.78855,2
c28752,-52.84379,-3.2393577,3
c28755,37.611237,-5.856449,13
c28758,34.575603,-29.714735,14
c28760,-32.02151,24.990864,11
c28766,-15.751617,-0.74449974,9
c28768,-7.0074453,-27.286026,3
c28770,-17.566158,52.44857,5
c28771,-4.0684295,12.231334,3
c28786,-16.884193,-17.485767,3
c28787,-35.159157,22.920935,3
c28788,-14.684207,-10.579329,3
c28789,-16.162914,-19.699654,3
c28792,-20.58038,-28.665403,3
c28797,26.191864,-35.266453,14
c28811,-29.114462,28.145988,2
c28824,-0.5512647,0.38893214,0
c28826,-6.3671384,-14.422058,3
c28828,-22.599918,-8.958252,11
p2902,34.73655,-33.733105,14
c28835,-8.65908,-0.21852598,9
c28844,29.57369,1.0657468,13
c28853,-1.2675724,23.174828,9
c28858,-44.646206,8.673449,11
c28866,9.992292,-39.528976,14
c28870,-7.831008,3.203069,9
c28880,34.641586,-3.1543741,13
c28882,7.265507,32.871597,15
c28891,-27.598803,-19.105688,11
c28896,-30.094927,24.894524,3
c28898,3.1664412,40.107643,15
c28901,27.616272,-8.30923,3
c28904,17.445753,-23.237093,14
c28906,11.914218,25.36464,3
c28907,22.015875,-26.659071,15
c28909,-4.259889,38.63801,3
c28916,-33.2809,-20.056488,11
p2907,-30.415182,-6.580597,11
c28918,-27.595312,-29.866728,11
p2909,24.459272,-35.90728,14
c28937,-35.437206,25.146763,2
c28940,42.6645,-22.052483,14
c28944,25.646248,-23.884602,13
c28946,7.9197507,-43.605423,14
c28955,4.9921865,0.15915568,0
c28957,-32.578293,-17.900908,11
c28958,-15.822219,-1.0733806,11
p2916,27.008411,30.447407,14
c28963,-46.5337,0.15865017,3
c28966,-35.67517,26.672413,11
c28985,-34.387356,-14.508316,11
c28992,-25.574434,-16.706879,11
c28999,3.8597612,3.8411815,0
c29001,4.00951,1.974541,0
c29004,-35.756607,-18.219294,11
c29005,-5.9142413,-40.5742,3
c29007,8.4087,-8.026083,0
c29016,-14.411758,10.163674,9
c29017,-44.895954,-29.237297,11
c29019,-22.12832,13.97119,11
c29021,-45.65473,-28.677755,9
c29022,-11.996665,16.663881,2
p2919,-23.125294,26.175356,2
c29031,-0.6298345,-4.0645914,0
c29032,-41.7917,-27.020716,11
p2922,-41.426632,13.082337,11
c29037,5.0702314,30.13256,15
c29040,16.604244,63.66161,12
c29043,14.355829,60.819695,12
c29044,16.270617,61.096085,12
c29046,16.639841,61.120495,12
c29047,14.895774,60.388412,12
c29048,12.628885,62.238506,12
c29050,33.38938,10.930863,13
c29057,16.295473,60.37042,12
c29061,32.199657,0.8723541,13
c29067,16.005604,59.8544,12
c29075,1.3441905,0.42744708,0
p2924,-6.429346,-17.077589,3
c29078,-17.431376,5.398562,9
c29080,-27.310766,29.897009,2
c29094,1.8241954,39.23008,15
c29097,-33.982815,-14.281002,11
c29110,5.071971,9.305334,0
c29126,55.243256,23.698761,6
c29127,54.866432,25.19447,6
c29128,55.64822,23.711843,6
p2927,-17.740307,4.0777984,2
c29138,-11.075349,-25.246574,3
c29145,44.770607,-23.651806,14
c29146,5.550503,28.037146,15
c29153,-58.560005,16.102943,7
c29157,34.16053,8.636497,13
c29158,33.009747,3.3487122,13
c29163,27.20352,-4.4463654,11
c29167,-35.382263,23.21767,2
c29168,-30.060415,25.02447,2
p2928,-34.05716,-27.81763,11
c29172,3.3361533,15.950121,3
c29174,32.691856,-2.453076,13
c29179,-31.089012,-18.80757,11
c29186,44.928673,-22.672604,2
c29187,27.573917,6.440688,13
c29190,-8.357498,-35.975033,3
c29199,-32.70566,-27.98135,11
c29200,-35.124992,20.778727,9
c29214,45.247963,-22.943008,0
c29215,-19.622654,-23.40775,3
c29217,34.898113,6.7854056,13
c29219,26.040722,9.298544,13
p2932,23.276686,7.8033495,13
c29232,12.761775,-25.795649,0
p2933,27.232061,-19.68916,14
c29246,5.520234,-24.512362,3
c29253,-20.92594,23.179394,9
p2935,38.495766,39.766163,1
c29264,4.958293,-0.9652694,0
c29266,-4.271342,18.141518,13
c29274,34.102932,-2.0212512,13
c29275,-11.2739105,22.802876,9
c29281,29.734848,10.797226,13
c29284,30.276133,2.1729054,13
c29289,31.62297,7.7375026,13
c29290,23.160961,8.024185,0
c29298,20.288895,-22.021713,14
c29306,-29.135307,-16.4613,11
c29311,31.907406,17.925852,13
c29312,11.207088,-9.924591,0
c29314,38.800465,39.998154,1
c29315,36.54709,-6.8873496,13
c29318,-19.44682,-19.81657,3
c29325,-43.21504,23.311869,11
c29328,-5.323494,-43.2956,3
c29333,-16.00295,-1.1367981,9
c29337,-23.306347,-14.658854,11
c29339,9.91053,-47.204254,14
c29353,33.560665,-21.92222,14
c29354,24.405346,12.137651,0
p2943,-15.456603,-14.2274475,3
c29357,-31.640324,-18.635233,11
c29361,-28.783419,19.53066,0
c29365,-35.245632,-22.60311,11
c29372,-22.872671,-5.8745766,3
c29374,-6.1551886,-26.531832,3
c29384,-10.223285,-43.917908,11
c29385,18.505787,-64.44743,15
c29386,-9.567503,-41.31383,3
c29387,-1.6970352,-49.309616,3
p2946,10.111806,-38.457085,14
c29402,33.509087,41.684498,1
c29405,30.332424,43.726875,1
c29407,-37.598423,23.729261,7
c29410,23.28228,7.9543962,0
c29416,26.072739,15.556709,0
c29417,-2.5693898,-39.66983,3
c29428,23.316177,7.8250237,9
c29430,-24.183268,-33.92156,2
c29434,-22.094961,27.443754,2
c29439,-33.80613,-14.433378,11
c29441,0.7367904,-46.98728,3
c29445,-43.43736,-2.2089365,2
c29446,-15.732972,-1.1057044,9
c29447,3.26229,2.838064,0
c29448,-32.74549,13.595644,3
c29454,-26.123133,16.40858,4
c29466,-11.690325,-23.398514,3
c29470,-19.949932,51.237144,5
c29471,5.914478,17.600086,2
c29472,8.044555,-1.872538,0
c29473,-16.559553,12.983024,9
c29475,33.15458,-21.877758,13
c29476,4.795013,41.63342,15
c29481,-6.7508245,-14.216102,3
c29483,-0.8857394,-7.2952385,0
p2953,-12.396192,-1.1756413,9
c29493,12.034173,-44.79741,3
p2954,62.40162,-28.003231,16
c29503,32.81256,-57.081463,16
c29506,-50.466274,19.666117,7
c29524,-0.79696244,-34.68403,2
c29534,19.315546,-33.294147,14
c29535,3.4957898,29.171759,14
c29544,10.047643,8.833436,0
c29557,2.9873016,26.320755,15
c29564,23.554209,3.0391777,13
c29573,4.963502,30.880795,15
c29579,3.3019338,33.55058,15
c29585,-17.832895,-5.9381623,3
c29590,-2.35922,0.9787,0
p2959,15.884824,-60.025265,0
c29599,21.55284,-14.375072,14
c29610,-25.817127,-39.965607,2
c29616,-8.027189,4.5476,9
p2960,-38.473934,-11.756263,11
c29627,-14.911624,43.35243,5
c29630,-60.08981,25.540827,7
c29631,-45.99507,34.091682,13
p2961,22.507347,-13.983606,14
c29640,-23.425505,-26.588726,11
c29641,-18.152544,-16.300653,3
p2962,44.315197,-15.546985,14
c29650,36.039547,-1.3200359,13
c29659,32.922855,11.753647,13
c29661,36.05407,-1.250938,13
c29668,33.52013,42.20213,1
c29670,32.637737,43.162647,13
c29674,7.083151,26.755737,1
c29677,-18.760324,8.377249,9
c29686,34.435265,46.940567,1
c29689,21.925875,-38.406498,14
c29691,23.108086,7.95326,0
c29696,-30.08619,-34.296062,11
c29699,27.40921,-30.617659,14
c29711,15.920944,-60.012836,0
c29720,27.951385,12.608349,13
c29724,16.632877,-19.939787,0
c29725,8.172256,-3.7018895,0
c29734,18.47691,-56.937653,17
c29744,55.826633,24.593527,6
c29753,1.1516759,22.411793,3
c29755,38.69457,39.87372,1
c29756,15.057347,-59.0545,3
c29760,-5.61227,22.556448,14
c29764,1.7790096,-8.906183,0
c29768,33.13862,9.809471,13
c29772,15.868918,-60.076317,3
c29779,-11.144043,11.288546,9
c29784,13.003245,-43.526703,14
c29788,-43.281105,23.22336,11
c29790,33.347694,9.594166,13
c29795,-12.995179,-13.67,3
c29802,-20.316,47.229465,5
c29803,-31.356644,3.4443772,2
p2971,-15.699587,37.153313,5
c29809,-42.988434,24.755411,7
c29823,25.326841,4.946405,13
p2972,-8.975551,5.00174,0
c29829,7.0568695,26.364285,14
c29832,-7.7801113,4.4933515,0
c29834,23.201744,-38.825928,14
c29837,30.76122,2.285035,13
c29848,33.780224,-23.04356,14
c29850,38.444748,-27.967104,14
c29853,7.0276666,26.680275,3
p2974,-44.153515,32.834385,2
c29856,25.272472,-37.321796,14
c29869,-19.741732,50.45892,5
c29872,-3.7397268,4.331607,0
c29879,-26.19053,15.5214615,9
c29889,7.9989185,4.1957507,0
c29897,67.97249,-13.307621,4
c29899,4.9902043,-45.20634,3
c29904,15.651531,-11.582395,0
c29906,-1.5493362,1.2489433,0
c29916,1.6636891,8.612709,0
c29927,-6.6724033,-10.629431,3
c29936,-9.283935,11.07567,9
c29939,-22.63148,-24.018839,11
c29948,-13.116871,6.339729,9
c29957,-11.22073,11.287241,9
c29959,8.294786,-37.30799,14
c29971,61.714516,10.152495,8
c29978,17.449945,53.744278,9
c29980,-37.787663,25.099152,7
c29981,-49.89887,10.243481,2
c29982,-22.985842,24.190104,11
c29988,-28.937117,32.13611,2
p2987,33.89631,-5.5600176,13
p2990,-12.709763,2.536939,9
c30004,44.30094,-13.381648,14
c30014,-27.927904,-20.81521,0
c30021,-12.01625,10.080423,9
c30022,-2.2938228,-52.242214,11
c30029,-37.286686,-10.737729,11
c30033,-19.18846,52.251404,5
c30034,-1.3808969,30.85985,11
c30036,-0.18577255,39.505795,15
c30037,-23.358599,1.1539252,11
c30038,-10.93739,-39.55861,3
c30044,7.0774345,7.044082,0
c30056,16.7026,-20.027306,14
c30073,48.986584,-12.820078,14
p2999,50.534916,-11.4919195,13
c30087,-11.072451,-25.093466,3
c30107,-2.8964195,-45.587666,3
c30109,38.90367,39.77958,1
c30111,-11.098653,3.6323025,9
c30114,-17.972248,-43.303566,9
c30116,-24.22963,-28.466934,2
c30119,34.163708,-25.829006,14
c30138,8.960657,-26.88514,14
c30140,-33.899803,-6.465289,11
c30151,8.249796,-11.035753,14
c30154,-7.137375,-7.2565155,9
c30157,-3.3502984,38.408585,15
c30159,-31.721405,-12.776404,11
c30165,23.50415,-13.367361,11
c30185,6.548819,6.934531,0
c30190,32.107876,3.2934866,13
c30195,24.008512,-35.22303,14
c30199,-40.08009,-24.150085,11
c30203,-10.822688,0.322048,9
c30204,-17.232653,51.02996,5
c30215,23.581146,-39.933624,14
c30217,18.529238,41.81231,5
c30222,-29.007263,15.102787,3
c30226,-27.720486,10.264588,11
c30230,-16.212135,-0.4386542,9
c30236,8.303752,-49.199947,3
c30240,0.22563651,-3.3348126,3
c30241,-29.204887,-14.136108,11
c30253,-6.487447,36.835144,9
c30257,49.425613,-9.830347,0
c30258,-46.466225,35.775406,2
c30259,49.184166,-12.32194,14
c30262,26.067307,-33.284748,14
c30263,-1.7639055,3.128287,0
c30265,46.74865,-16.707716,14
c30266,12.02922,-10.647854,3
c30270,-10.563948,-33.32731,14
c30291,29.135735,-28.62454,14
c30302,-40.89067,-8.944188,3
c30305,-8.237808,1.5596395,9
c30307,-26.27638,13.286302,3
c30312,35.395527,8.496838,13
c30314,35.58511,-18.258986,14
p3011,36.619057,-5.5420437,13
c30317,16.282158,-32.2868,14
c30320,-0.55376273,40.896915,15
c30321,7.843412,-15.591216,0
p3013,60.918354,9.718386,8
c30330,-42.642014,34.95507,2
c30335,33.806595,46.091766,1
c30343,-10.300728,3.3570282,9
c30344,25.37171,4.9753304,13
c30345,7.4066477,8.444747,0
c30349,-31.123491,-29.321741,11
c30352,2.0892808,-21.037773,0
c30356,25.605513,2.3009932,13
c30360,7.486476,8.477239,0
p3017,47.422554,-15.236468,14
c30377,24.566675,-22.432356,15
c30379,47.687603,-9.027169,14
c30386,-15.175344,14.986538,3
c30388,1.7263592,7.810262,0
c30390,-7.0306673,34.06186,15
c30392,-10.151143,42.95885,15
c30394,24.729092,3.8997288,13
c30396,-36.398457,30.237253,2
c30398,-2.8748395,41.903683,15
c30401,12.853532,6.973009,0
p3023,-44.08623,-4.579094,11
c30430,32.486725,45.10908,1
c30433,-27.65335,26.500475,2
c30440,-51.605827,-2.8515177,2
c30441,-52.412434,-2.8578596,2
c30442,4.666429,28.751982,15
c30444,-25.951178,12.986807,3
c30448,29.812088,43.766045,1
c30463,-12.107412,-27.658745,11
c30464,18.731771,-0.82173705,15
c30467,5.2608285,0.15463215,0
c30469,22.474373,0.10168372,9
c30470,48.68395,-6.247126,14
c30471,-33.10996,19.930006,11
p3028,15.12598,28.137924,2
c30490,33.56049,-14.054029,13
c30492,-23.41389,16.778362,0
c30493,-38.013897,-20.180368,11
c30495,38.26051,37.881332,1
c30496,-29.158825,-5.180724,2
c30498,33.797787,-38.15342,14
c30501,-54.14263,-0.94388276,2
c30506,-36.35863,30.225647,0
c30508,-3.80129,1.7570298,0
c30519,43.537167,-9.551647,13
c30521,16.469069,15.169957,13
c30523,15.517366,26.985878,15
c30526,39.197174,39.70559,1
c30527,26.163572,-35.247814,14
c30528,1.4864997,22.157396,15
c30530,-0.82241577,0.33436963,3
c30533,6.928481,-16.960863,3
c30546,36.680027,-5.6288214,13
c30558,2.365908,24.840136,3
p3032,4.2879467,29.734375,15
c30576,-20.806711,24.143984,11
c30579,29.282352,-28.15041,14
c30581,6.1461496,-15.013845,0
c30585,-2.1678221,-18.167528,3
c30586,-14.1093645,25.997887,3
c30603,-6.465163,-13.223152,3
c30606,-9.283444,10.385243,9
c30608,-15.997172,8.626368,9
c30613,56.260742,23.193045,6
c30615,55.405453,23.79738,6
c30619,-26.07638,13.28085,3
c30620,55.520313,23.592066,6
c30626,38.50467,-12.062996,13
c30628,46.993023,-14.5863905,14
c30629,31.151005,-16.097744,14
c30630,6.9386897,-1.1158605,0
c30635,-0.36284512,-4.545753,3
c30637,-9.107839,-13.184255,0
c30641,19.208261,27.710348,13
c30642,36.886406,36.53893,1
c30646,18.02853,-3.2991447,9
c30651,27.58664,33.89692,1
c30652,-11.03795,11.439677,9
c30663,7.7394605,-46.958477,3
c30666,-2.343884,-11.510741,3
c30669,-2.4084833,-11.502588,3
c30672,25.610346,19.525398,13
c30676,2.5566552,2.7335107,0
c30680,-33.74653,-9.030665,11
c30682,-24.652325,-35.66453,2
c30683,15.272129,26.300444,13
c30684,-7.626071,44.38944,15
p3044,-19.452456,41.781353,9
c30702,-26.838154,-26.03082,11
c30703,-3.5686631,-22.25554,3
c30705,-18.078201,-1.1465625,9
c30707,19.718073,-47.866856,3
c30710,-23.063606,-10.58946,3
c30722,-32.356342,-9.237285,11
c30723,-32.710197,-10.831522,11
c30727,-32.643417,-10.89092,11
c30730,-33.334793,-4.6270423,11
c30735,5.4116564,10.258756,13
c30736,-42.243294,-21.57735,11
c30737,37.635895,-32.500565,14
c30743,32.365208,19.24279,13
c30744,45.167515,-13.884697,14
c30746,34.82994,-13.951634,13
c30748,-1.7007053,-15.011398,0
c30756,33.748386,-1.5766819,13
c30757,8.185761,-25.85737,14
c30759,-4.393466,-44.089134,3
c30761,-16.390364,-5.400419,3
c30763,-15.282346,-5.674804,3
c30773,24.877462,10.632934,13
c30774,9.383532,-7.0498624,0
c30778,18.287233,-3.2635665,14
c30780,-1.5731817,-31.423727,3
c30781,33.746605,-14.328498,13
c30792,24.7069,-23.23907,15
c30794,-3.2581985,26.846367,11
c30802,-8.1188755,-18.6905,3
c30804,38.016563,8.8449745,13
c30811,-25.860577,-3.2624638,11
c30814,0.29815385,-26.221004,3
c30817,-17.498749,-42.71731,14
c30818,-6.2606544,-16.291222,3
c30830,3.963969,-11.068384,0
c30832,-29.411583,-27.50787,11
c30845,-22.424728,-5.5670357,3
c30849,37.10078,39.085655,1
c30850,33.284855,42.021378,1
c30853,-6.741634,-18.082891,3
p3056,27.94397,30.34065,1
c30864,15.240774,26.14598,15
p3059,15.093375,28.275139,2
c30865,-2.3134446,-30.018051,2
p3061,-31.467272,-30.813095,11
c30884,0.15622912,-30.627548,3
c30888,-36.89841,-26.461857,11
c30891,4.197842,52.869576,15
c30904,-32.37214,-31.262775,11
c30907,13.759376,0.09702472,0
c30911,-20.648523,49.224888,5
c30924,11.055877,-8.3072605,0
c30931,34.52917,40.782074,1
c30935,-24.093552,-32.325603,3
c30955,-56.07681,-1.9514291,12
c30961,-3.6755407,26.72629,0
c30967,-18.15662,-40.742424,9
c30968,-32.919308,32.331635,2
c30969,-49.849186,23.842882,7
c30972,-24.072277,25.556637,11
c30975,-20.962048,24.07835,3
c30978,8.825297,-29.16989,9
c30983,-20.990072,23.901934,3
p3076,41.05195,43.740913,1
c31002,22.893145,37.74627,1
c31012,-32.20288,-3.1128557,9
c31019,-34.990643,22.690102,11
c31037,-16.34424,48.20663,5
c31048,39.41511,46.25692,1
c31063,0.77821755,-7.18808,0
c31065,44.88762,-22.241621,14
c31070,-8.219307,20.34278,9
c31076,40.159702,39.439716,1
c31077,-29.908865,-24.493164,11
c31084,3.8747005,16.563276,2
c31088,-44.252316,27.405695,7
c31094,55.530083,26.846537,6
c31093,-31.130283,-9.154417,11
c31105,-58.11538,22.126667,7
c31108,-2.2824662,53.94052,15
c31110,35.099663,43.043552,1
c31115,31.267376,46.862015,1
p3085,18.349241,-7.8545017,13
c31129,-33.193787,-38.940586,2
c31138,-0.20998907,-28.127954,3
c31140,4.255662,41.00913,15
c31142,45.837807,-23.593431,0
c31150,30.479546,9.022906,13
p3088,35.133877,42.99911,1
c31155,48.602005,-9.524408,13
c31168,12.010716,-9.503396,0
c31169,20.63429,8.042854,13
c31173,43.75911,-16.656185,14
c31179,6.9283795,-23.833683,3
c31182,-11.796924,-11.499074,3
p3090,7.8744655,-47.98938,3
c31188,31.411,1.8344129,13
c31190,39.063553,36.850166,1
c31199,26.085663,7.49077,13
c31202,41.837524,38.079647,1
c31203,32.833595,6.8433485,13
c31207,39.40393,46.239265,1
c31209,28.036709,11.5731325,13
c31211,-25.515419,-23.590595,11
c31215,-7.4753585,-29.061785,3
c31218,-25.732292,-15.332503,11
c31219,-31.864897,-9.499336,11
c31223,-25.498003,-17.164377,11
c31224,-23.86802,-14.303363,0
c31226,-33.253944,-23.059078,11
c31230,31.463472,-1.0282505,13
p3091,32.395668,-21.345293,14
c31241,-25.168056,13.812622,3
c31242,-0.73760825,53.464947,15
c31254,-4.842475,38.584408,15
c31256,-12.39944,-9.796551,3
c31257,43.057602,-23.001371,13
c31261,-7.318026,-27.513056,3
c31263,40.97032,38.57814,1
c31267,-29.812513,-18.949268,11
c31268,-29.047802,-16.584457,11
c31269,-25.705492,35.973465,5
c31272,-37.899944,-19.948744,11
c31274,-4.1496825,-10.545681,0
p3094,-34.759678,-29.41018,11
c31280,-1.0852501,-18.442467,3
c31282,-34.204998,-29.329006,11
c31291,-34.941353,-24.680782,11
c31292,-17.681517,50.194298,5
c31296,-22.58248,0.008030156,3
c31298,-26.013006,35.646484,2
c31308,-5.2594657,42.177116,9
c31309,5.0011306,-50.506218,3
c31315,13.892265,-9.475688,0
c31318,-19.172628,7.978271,9
c31323,40.42198,39.295303,1
c31331,29.87166,-17.57264,14
p3096,39.62889,5.788391,13
c31339,-22.489235,15.23074,3
c31349,-3.5818899,-12.504472,3
c31353,-60.079838,21.10937,7
c31354,-51.78046,3.9621844,2
c31360,36.127884,41.319542,1
c31367,17.026821,-3.426678,14
c31368,3.8917484,13.82959,0
c31369,23.311775,-15.143256,14
c31370,-5.396354,41.8369,9
c31372,-16.04317,-23.52616,11
c31373,-14.301805,-22.02447,2
c31374,-8.552645,-22.345648,3
c31378,24.698898,4.643184,13
c31379,30.505909,12.4643,13
c31381,-13.699843,5.6392426,9
c31384,18.656418,-0.8863806,15
c31390,-35.010395,-24.664524,11
c31391,-23.631697,20.387959,0
p3101,-25.711184,-14.316044,11
c31403,29.843174,-9.23594,13
c31409,27.59792,7.3504863,13
p3103,23.311543,7.7788796,13
c31417,27.49297,4.9450607,13
c31428,-49.800053,-7.8105597,0
c31431,-50.018505,27.079739,2
c31442,18.097075,-4.9429455,0
c31444,35.438164,10.460284,13
c31455,-16.524603,-17.12321,3
c31459,-14.15307,54.595802,5
c31477,63.153397,-28.037708,16
c31486,4.206972,6.2736716,0
c31489,-0.7497637,-19.42471,2
c31490,-9.37867,4.3912063,14
c31495,-26.784044,-22.782476,3
c31497,-8.953333,-1.2279571,9
c31500,-5.9168663,41.385117,9
c31501,-12.263147,-9.811616,3
c31502,-17.698172,-11.390787,11
c31508,28.892653,9.770733,13
c31516,-5.4157763,-10.087068,3
p3112,3.2202942,-17.747149,14
c31521,-3.2363122,-17.90708,3
c31525,-8.91708,5.9778905,9
c31534,-3.3459125,39.457703,15
c31537,19.519201,12.167298,13
c31547,-17.630997,-10.140894,3
c31554,-22.611671,18.511963,13
c31563,-5.3788004,41.82967,9
c31566,-6.747678,41.306496,9
c31568,-2.7135837,9.189206,0
c31569,-14.40017,9.719672,9
c31570,-16.790333,13.089235,9
c31574,3.8651767,41.75799,15
c31575,-8.642438,-15.35682,3
c31601,-15.621342,-11.072027,3
c31603,31.404825,6.6254416,13
c31606,24.67651,4.4270415,13
c31610,29.463078,7.3045926,13
c31622,32.163937,-57.481762,3
c31623,-9.524754,7.284388,9
c31624,0.22514795,8.015477,0
c31629,-18.103203,-12.822424,0
c31634,-37.098072,-27.40708,11
c31637,-53.87925,2.123665,2
c31642,-30.586784,37.659267,2
c31644,9.499308,-18.33663,3
c31648,23.776302,7.9612603,13
c31658,36.220657,30.636627,10
c31663,23.27367,0.06290342,13
c31664,-5.290906,-31.398085,14
c31676,30.355759,10.300316,13
c31678,-21.731783,-17.559473,3
p3120,-15.711142,1.1191381,9
c31697,-35.352707,-20.638685,11
c31699,-20.222248,-17.58628,3
c31702,-17.755896,-13.477882,11
c31716,-16.067574,-22.916622,3
c31718,-22.093071,-2.822784,11
c31719,-5.8613772,-20.434378,3
p3122,-10.389212,-8.675495,3
c31722,-10.88353,2.8253484,9
c31724,-24.403662,-15.476561,11
c31731,-35.82283,34.138268,2
c31735,-16.414263,1.1174308,9
c31739,-5.076635,58.143326,5
c31752,-15.987501,0.93969977,9
c31756,-16.283195,-17.037739,3
c31757,-43.838604,21.234493,11
c31761,-43.114246,22.858503,11
c31764,-15.397527,-9.892865,0
c31766,2.6646173,-52.398968,3
p3128,-9.523388,7.1898255,9
c31767,31.490347,9.836858,13
c31769,-2.5940483,54.519043,5
c31776,-0.7297093,-21.998985,11
c31783,-48.24539,22.327644,7
c31786,-0.30643263,-23.287624,11
c31788,0.53307766,-23.162811,14
p3132,3.5352733,37.0644,3
c31804,46.685284,-8.863839,9
c31805,44.454174,-11.735491,0
c31810,32.829803,44.297134,1
c31814,-12.186179,23.447947,9
c31820,-5.7952623,41.24427,9
c31824,-42.499733,28.561317,7
c31826,-5.6964617,7.873339,0
c31828,-0.9471085,-0.29184693,0
c31832,-5.503059,-10.131658,3
c31834,-30.053795,-13.2728815,11
c31837,-31.556004,-4.5449824,11
c31839,-8.941497,-21.152958,3
c31840,67.875374,-11.51922,4
c31844,2.7829418,-52.30589,3
c31847,29.47951,10.490814,13
c31851,25.28876,24.051687,15
c31854,66.820435,-12.495704,4
c31857,67.16559,-12.27725,4
c31859,-14.747448,1.6818663,9
c31862,67.39621,-12.467849,4
c31863,68.147125,-12.206875,4
c31864,67.077225,-12.156102,4
c31888,31.089266,33.278427,1
c31889,-2.7008882,9.208325,0
c31905,18.301352,-43.177425,14
c31906,18.31917,-43.303745,3
c31909,1.7443935,-42.088078,3
c31921,0.22197191,26.592861,15
p3141,38.520195,-34.143734,14
c31927,7.0453806,7.8838406,0
c31929,-18.941113,-15.680727,3
c31931,-5.0143642,57.303936,5
c31944,-11.076761,11.496341,9
c31968,51.50325,-7.882843,15
c31974,49.82036,-10.452161,13
c31984,49.711056,-11.792646,13
c31992,44.90155,-4.6091847,13
c31998,42.082546,-4.6687775,13
c32000,43.620037,-4.0393753,13
c32003,63.956768,12.812235,8
c32006,23.406914,22.815582,13
c32013,24.336145,5.0055904,9
c32014,-3.235779,54.44037,5
c32023,-28.10972,7.945763,11
c32027,27.715048,4.8272524,13
c32029,42.955673,35.61403,1
p3151,-11.820634,-14.60199,3
c32050,11.446175,50.587345,16
c32051,16.957516,7.770078,0
c32058,20.160534,-7.737975,0
c32060,-22.785055,-34.424934,11
c32062,9.2431755,26.709387,15
c32069,-5.2437744,0.5220086,0
c32070,-11.427055,4.7672386,9
c32110,5.921442,39.380253,15
c32111,4.560963,7.129675,0
c32113,-3.6787515,-29.228907,14
c32115,54.746883,27.376858,6
c32117,56.768417,25.24553,6
c32119,57.095245,24.722303,6
c32120,56.60132,25.191477,6
c32121,56.207405,24.706203,6
p3158,-15.409529,0.9977643,9
c32130,51.299675,-10.480224,13
c32131,54.391468,-9.070884,1
c32139,13.543326,-26.81247,3
c32141,13.449267,-7.4453416,0
c32142,24.09223,13.784253,13
c32147,-2.885025,-15.488232,3
c32148,7.5641675,-29.186188,9
c32150,-13.154128,7.1426344,9
c32157,-15.12552,43.15021,9
p3165,-13.051236,-14.704421,3
c32173,33.22509,-12.344244,3
p3167,9.899912,-29.766546,14
c32181,26.941797,28.098747,15
c32183,0.27793086,-50.442516,3
c32188,-10.749025,9.0022745,9
c32189,22.621416,15.367409,13
c32192,25.20747,-9.233151,9
c32193,19.220192,-15.983285,3
c32194,14.588577,26.93759,15
c32197,10.993105,-7.4729967,0
c32201,12.649199,-14.196046,14
c32204,10.649887,-15.671941,0
c32207,16.76552,2.1131308,3
c32214,-16.318995,-5.0458565,9
c32215,-17.596308,8.311268,9
c32216,-30.261093,-4.6989846,9
p3168,11.179941,-7.205932,0
c32218,-9.916259,15.016607,9
c32223,1.7415185,12.846404,0
c32228,16.38592,0.9066249,0
c32235,23.629078,-12.46538,11
c32239,21.477396,-24.37933,14
c32243,37.461414,8.414446,13
c32244,41.233856,-0.8874855,13
c32246,31.62432,-13.717099,13
c32252,37.96342,-28.559355,14
c32254,42.263596,-16.038412,14
c32258,50.2732,-9.008565,13
c32259,-23.568579,-7.622802,3
p3175,23.786615,-38.286594,14
c32262,10.187296,5.5190024,0
c32265,-8.800312,-2.4484859,0
p3176,1.8973854,-39.294952,3
c32274,-27.69138,-43.015965,2
c32277,-18.635292,35.54126,11
c32278,-46.521038,10.713075,11
c32279,0.21414508,-44.181442,3
p3177,-34.98256,23.137665,2
p3179,1.135533,31.145426,15
c32294,1.3676946,31.202719,15
c32296,-54.41108,15.221454,7
c32301,-34.476006,-7.964619,11
c32312,35.9014,-5.9384637,13
c32318,-2.5293174,54.906673,5
c32327,18.027323,-5.0362105,14
c32330,47.86658,-10.710965,14
c32331,-23.600672,22.090374,13
c32333,11.144809,-2.4858685,13
c32335,11.878743,17.539562,7
c32352,-4.060042,34.13156,15
c32353,-42.40474,15.384735,11
c32365,10.198295,5.105558,0
c32373,-32.192776,-7.3529363,11
c32381,25.68489,-3.358493,13
c32392,16.264994,21.035275,9
c32398,4.4726324,8.132523,0
c32407,2.4622018,-8.358557,0
c32413,30.833584,-7.851864,13
c32414,40.274265,-19.368029,14
p3188,30.941092,44.361637,1
c32418,21.806385,25.849514,15
c32420,-17.591272,7.387249,9
c32423,-5.288897,0.4758325,0
c32424,-5.435257,30.710064,0
c32428,-25.35735,13.546888,3
c32429,-44.11842,-4.867893,3
c32436,-20.747652,23.888916,9
c32444,-52.404087,-2.9673173,3
c32454,-30.032387,-34.38768,2
c32465,-28.041851,12.170687,3
c32474,-35.134224,16.566473,1
c32478,31.171894,-21.146065,3
c32484,31.642145,-29.53418,14
c32487,4.6983843,-1.0514996,0
c32491,-5.7876706,8.009238,0
c32494,32.52377,40.400806,1
c32495,-5.5034037,8.210919,0
c32496,-5.994844,8.42297,9
c32499,40.30867,-19.41857,14
c32508,-6.0025654,-8.618996,3
c32510,-22.89701,-40.56384,2
c32513,7.4278917,-5.6431055,0
c32516,-7.746823,-2.4147768,0
c32520,-4.574127,-46.115326,3
c32535,-13.780496,14.243373,9
c32538,19.080868,-16.152395,9
c32543,25.849955,-3.510528,13
c32544,8.85203,-14.714727,0
c32552,61.746174,10.138662,8
p3196,5.6365914,-49.249165,3
c32561,-36.356544,-7.0023212,11
c32564,-46.13313,3.2548387,2
c32566,-2.6537638,40.880592,15
c32568,-32.556705,-16.437223,11
c32569,20.537247,-33.866764,14
c32575,-33.054234,-39.320164,2
c32581,10.544781,-15.920146,14
c32585,1.6161366,6.886919,0
c32587,-5.315457,-12.900999,13
c32590,-4.4907436,-26.447472,3
c32592,-38.79817,24.677122,7
p3197,-24.718346,-28.765911,11
c32598,-31.16721,-1.8319669,9
c32611,5.1331854,-2.136727,0
c32613,-14.706354,-30.029955,3
c32616,19.558586,-4.9360285,13
c32625,-45.15771,-7.930055,11
c32631,-33.980213,-5.013881,11
c32633,-22.091675,-11.951737,3
c32641,28.372976,15.641458,13
c32642,-3.5540287,54.39653,5
c32643,9.810591,-8.440764,0
c32649,-13.247255,48.991276,5
c32650,8.72039,-29.084219,3
c32652,39.247906,39.627094,1
c32653,9.1833935,-27.772148,3
c32656,-33.65031,-5.854158,11
c32666,-2.082417,-35.669052,3
c32668,32.0418,-57.26393,3
c32670,0.3805458,37.61845,15
c32675,61.744263,10.138571,8
c32676,61.718876,10.151261,8
c32678,-33.07091,-17.159966,11
c32687,-11.141751,-6.1888146,3
c32688,-24.168278,-8.706973,3
c32692,-24.128275,25.409796,11
p3205,16.228697,5.5560384,13
c32696,-11.112676,-2.4236465,3
c32704,-7.508879,31.180607,5
c32706,14.61234,-34.402092,3
c32708,-8.732699,-15.839575,13
c32709,5.3224473,-47.205425,3
c32715,-30.22084,21.82984,2
c32717,3.7289965,-54.251114,3
c32718,-21.975437,24.144072,2
c32725,-1.2884171,25.439005,15
c32726,31.355017,7.6973906,13
c32735,-5.420044,1.6596255,0
c32736,31.932367,-16.518711,13
p3206,23.76747,-36.508305,14
c32747,-13.7614155,16.160437,3
c32750,-28.751785,-32.818424,2
c32752,29.03624,-23.695242,13
c32753,27.715439,-12.549479,2
c32759,-20.770731,-34.58152,14
p3211,-39.718872,-16.818415,11
c32780,-24.34653,-8.613747,3
c32783,-34.0209,-6.2490344,11
c32793,-32.741512,-15.053274,11
c32794,-11.893727,-14.437272,3
c32795,-28.28255,20.79117,3
c32800,18.80445,-28.490961,9
p3216,-4.959949,7.4395766,0
c32808,0.053698257,-49.504665,3
c32821,-19.701595,17.079052,9
c32823,2.5234609,-51.436768,3
p3218,20.475412,-34.126465,14
c32832,-25.760853,25.895224,2
c32837,-16.068419,-15.549923,3
c32851,-22.19807,16.800629,9
c32855,-20.829145,-21.13344,11
c32858,-11.700814,-18.54175,14
c32865,31.052273,10.061312,13
c32868,-43.937557,-30.05355,2
c32872,4.1928897,52.87115,15
c32877,15.262438,61.15582,12
c32878,30.93787,9.926419,13
c32881,26.811907,12.418239,13
c32887,14.348445,60.26503,12
c32889,14.3473425,60.14608,12
c32893,1.5219648,17.39042,0
c32898,14.457759,63.316418,12
c32902,17.647533,0.26590464,15
c32904,28.726477,-9.4681635,13
c32906,29.663136,17.798353,13
c32908,28.813957,7.9955606,13
c32927,-18.7774,-12.370022,11
c32931,-12.634904,6.463175,9
c32933,-5.137356,-21.499302,3
c32936,2.7225504,1.6273098,0
c32940,-3.3340178,-8.080988,3
c32942,31.954117,-56.761227,3
c32946,-1.5600059,53.59888,15
c32948,0.30149987,-11.448236,0
c32953,0.15591906,41.645657,15
c32965,-22.493086,25.029545,11
c32986,21.012846,-40.531723,14
c32991,10.08904,9.8389635,0
p3230,-34.043945,-10.164296,11
c33010,-34.160145,-10.218716,11
c33014,6.331444,-34.524582,3
c33027,13.84571,0.050052,0
p3233,15.225083,28.035883,15
c33031,-3.7114687,4.462492,0
c33033,-19.825224,45.478287,5
c33036,6.271268,-55.379074,17
c33048,-21.844128,23.099787,9
c33051,-2.2268355,-21.867153,3
p3234,-2.1093502,-30.32945,14
p3235,50.006905,-8.843432,13
c33053,-2.8117669,42.81123,15
c33059,-14.817937,26.913456,2
c33061,58.08995,25.049091,6
c33072,31.980228,-57.295185,3
c33074,18.210052,-30.591543,14
c33076,-16.415833,47.92233,3
c33099,20.090479,23.81952,13
c33100,12.350884,-8.368093,0
c33101,16.26852,27.17515,15
c33102,-19.00045,8.533236,9
c33106,3.774778,29.342813,15
c33108,9.404184,-9.386574,0
c33111,-11.75663,-3.0996397,3
c33118,-0.33768255,21.573063,13
c33119,-20.492008,17.304296,9
c33140,-38.49251,-21.803648,11
c33144,28.300032,15.938074,11
c33145,-9.846208,3.6739833,9
c33146,-0.6382206,43.09067,15
c33147,35.75449,6.55377,13
c33151,23.230503,22.999594,15
c33154,-14.501696,-13.903191,3
p3240,-56.11383,20.43401,7
c33155,30.742958,21.423765,13
c33157,-57.37057,21.13665,7
c33160,-51.46509,17.050365,7
c33164,28.764277,-32.822514,14
p3243,-34.255856,-25.623198,11
c33178,-25.834917,4.267412,9
c33189,-34.108223,-25.907364,11
p3245,-28.421106,-29.732079,11
c33201,-21.95021,23.355833,9
c33203,-26.347744,0.42439017,3
p3246,-14.312248,26.18388,2
c33230,-36.71803,-19.828405,11
c33236,6.0415845,16.894037,0
c33241,29.194357,-23.602242,11
c33248,-33.991364,-25.896507,11
c33253,-31.383842,-18.703045,11
c33255,-2.5484526,-39.44341,3
c33257,-35.411057,-6.352657,11
c33258,27.211063,-9.392405,13
c33260,-29.89437,27.948673,2
c33261,-12.669954,56.869183,5
c33270,-21.013702,-23.299631,11
c33272,31.000515,-15.231102,13
c33278,-1.3683903,-22.478565,0
c33282,-8.451097,16.29111,3
c33306,19.00816,-29.854675,14
c33311,-22.766865,-41.49065,2
c33313,-54.840546,23.844292,7
c33314,30.466093,9.998483,13
c33328,-2.5724347,-39.70635,3
p3256,-34.71641,-25.9912,11
c33337,35.62145,41.494144,1
c33338,-2.3960094,-15.523126,13
c33339,25.361794,18.616657,0
c33341,-53.110527,20.671211,7
c33358,6.3626533,-48.218216,3
c33363,43.236073,-16.794138,14
c33366,4.8545046,-48.47755,3
c33370,-4.9726534,-5.584837,0
c33373,-14.046531,8.479114,9
c33380,44.557144,9.433566,0
c33381,4.71123,-52.65888,3
c33382,10.880169,-6.854981,0
c33390,-22.436884,20.424946,9
c33391,7.782438,-13.7328825,0
c33392,16.79655,9.269749,13
c33393,35.212193,-12.429571,13
c33399,-13.688769,11.817612,9
p3263,32.22568,-31.924992,14
c33401,-21.91894,-30.002337,3
c33411,33.113728,-11.875447,3
c33414,-58.518353,22.127007,7
c33422,29.399324,7.513109,13
p3266,5.317968,33.57,15
c33433,-4.721218,-41.82909,3
c33439,8.357474,-48.62416,3
c33440,-58.935333,22.569149,7
c33444,23.41733,-17.723743,3
c33449,-53.184547,22.962616,7
c33455,-8.825331,-15.252539,0
c33461,-20.838736,-25.746508,11
c33465,-6.105332,-39.53956,3
c33466,-40.13896,-13.005709,11
c33474,-5.8261833,33.382263,15
c33483,-1.2327542,-10.101587,0
c33487,39.80445,39.57425,1
c33489,4.2004733,37.181534,15
c33502,1.3686454,-44.950012,3
c33504,-4.9314723,42.14348,9
c33511,22.471779,-24.701317,15
c33527,-4.405609,29.149548,3
c33528,-10.255565,-11.720686,3
c33530,34.66341,42.811523,1
c33532,16.849014,-1.0947988,9
c33534,19.031868,-16.101046,9
c33536,23.971441,-40.955772,14
c33537,-13.368269,19.749666,9
c33541,-18.26892,8.723024,9
c33542,25.133257,-11.4271555,14
c33550,45.473305,-7.114309,14
c33554,41.121372,38.29575,13
c33557,-36.037296,-20.704544,11
c33561,-7.7828803,-6.5615406,3
p3274,-7.8986287,-6.269807,9
c33563,35.805443,-7.709849,13
c33564,-29.484728,33.224796,2
c33566,-20.836624,44.51084,0
c33568,-20.646414,44.53146,5
c33570,-20.351341,47.4674,5
c33572,-52.836327,20.05971,7
c33575,-46.052673,-3.7910736,11
p3275,67.24444,-12.387268,4
c33591,-4.046635,-2.7023754,0
c33594,-24.815613,-19.179272,11
p3276,-22.111206,-18.301588,3
c33606,-5.939903,-11.999405,0
c33610,32.53505,-55.111954,13
c33613,-24.638802,-7.701372,11
c33628,11.826064,-50.607967,14
c33631,32.33716,46.463367,1
c33635,-26.442228,-13.267937,11
c33640,-2.092037,53.20584,15
c33650,8.746554,-32.29821,9
c33661,-3.7642841,54.19281,11
c33664,-3.519646,54.35514,5
c33667,-3.0894842,54.629543,5
p3284,10.118713,-6.4326205,0
c33680,3.9230592,10.194665,0
c33687,10.185435,-1.0381112,0
c33689,2.627828,-35.671936,16
c33690,-42.538544,35.165344,2
c33691,-42.30943,-23.090145,11
c33692,-17.965137,37.651463,2
c33693,-28.587368,-36.358536,2
c33694,9.437487,-20.95811,14
c33695,-57.99509,21.856768,7
c33697,-1.1984338,31.171246,15
c33710,11.234667,-7.0986967,0
c33711,11.295941,1.1704187,0
c33712,34.490223,39.23109,1
c33716,67.33157,-12.391483,4
c33718,-2.9835763,55.84512,5
c33719,7.26152,-2.5128047,0
c33723,-34.985615,-25.868553,11
c33725,20.372923,-22.157146,0
c33730,-18.709976,39.67113,11
c33735,-34.981606,-26.339792,11
c33739,1.9623022,4.548101,0
c33744,67.01224,-12.395512,4
c33745,-14.639979,15.804304,3
c33750,67.28158,-12.608675,4
c33757,66.63873,-12.150736,4
c33758,17.32542,-27.72012,14
c33760,-27.303028,-40.962273,2
c33766,-3.6511369,19.531404,3
c33773,11.930391,-50.531944,14
c33777,61.716484,10.152266,8
c33783,-3.39942,-6.288549,3
c33784,23.388824,-23.341946,14
c33794,4.288562,29.502085,15
c33798,7.754461,-7.788425,0
c33802,20.367044,-22.73136,14
c33806,-4.8935866,13.424406,11
c33808,13.347471,-5.2796984,0
c33816,16.131798,27.377378,15
c33817,15.891773,27.470226,15
c33818,15.872199,27.473234,15
c33823,9.688864,-3.5024405,0
c33829,-6.5283074,-10.270573,3
c33831,-4.0957794,57.002884,5
c33834,-11.116679,-38.522762,11
c33835,5.353511,-47.16129,3
c33843,5.086067,-26.17551,3
p3291,46.117424,-15.883557,14
c33851,17.17361,-1.7915465,13
c33858,7.0744877,7.417055,0
c33860,-53.636272,18.669699,7
c33861,-5.1136217,57.053146,5
c33862,-19.791452,41.956543,9
c33865,20.879745,-22.698877,3
c33868,19.240866,41.478886,5
c33871,-0.5992207,5.3117127,0
c33885,-25.253164,-15.123308,0
c33892,17.043081,-43.74334,14
p3294,47.3661,-13.693496,14
c33906,48.973846,-9.773735,13
p3296,51.1203,-13.31447,14
c33925,3.317636,-9.847425,11
c33932,5.152023,-30.214745,3
c33936,-27.061129,25.765188,2
c33940,-13.36734,-11.695072,3
c33943,-11.986406,7.930798,9
c33948,65.29275,12.263313,8
c33949,48.901745,-6.118899,15
c33964,4.4278355,10.697485,0
c33969,-1.957958,53.890663,15
c33980,-18.629114,47.25973,5
c33985,-37.754734,-17.356646,11
c33988,9.157937,5.9455547,0
c33989,4.005121,-5.450287,0
c33990,4.9911056,27.435501,15
c33991,-32.96189,-29.315754,11
c33995,23.806936,-24.329672,14
c33996,-41.838833,22.578144,11
c34000,17.75646,17.953331,3
c34003,19.596859,20.21316,1
c34005,44.00414,-12.557053,0
c34014,33.264454,8.256846,13
c34018,0.5208902,-9.77193,0
c34024,37.016582,1.5338596,13
c34025,41.29329,-0.88633555,13
c34026,30.462557,7.724574,13
c34027,27.805998,6.61849,13
c34031,-0.19971108,-38.900345,3
c34035,-16.128683,-41.631355,9
c34039,22.571108,-25.032509,14
c34047,10.597329,1.512128,0
c34051,34.115765,-18.80616,14
c34053,29.863176,22.377796,13
c34057,-17.42074,-17.704248,3
c34065,-16.849447,21.221714,11
c34066,-21.105804,43.21398,11
c34067,-15.738616,-4.1691885,3
p3309,7.5881734,-9.165508,0
c34105,7.3880167,-9.168635,0
c34129,33.036415,5.5150146,13
c34136,-24.91962,-46.060898,3
c34145,2.4754515,36.765575,15
c34150,-7.5093513,-44.352085,3
c34167,-13.752441,27.791504,2
c34181,-51.26431,13.666991,3
c34185,6.449954,-0.43374968,0
c34187,-8.84482,43.685722,15
c34193,0.2667373,2.9344552,0
p3318,0.90768653,31.507341,15
c34200,-4.183353,35.413773,15
c34202,1.4308395,-3.3209407,0
c34210,33.964645,9.261479,13
c34220,-28.058435,-7.112312,11
c34222,7.0205755,-15.65974,2
c34224,-2.178005,-21.198713,3
c34225,0.56238014,-44.175877,3
c34247,2.3690724,23.767982,3
c34257,-31.871555,11.843866,3
c34264,26.252123,-1.3990703,13
c34282,23.402933,36.447216,14
c34285,-30.627779,-27.933723,11
c34286,-21.973206,-11.751998,3
c34291,34.32567,-19.048777,14
c34293,34.190754,-18.9286,14
c34295,34.366657,-18.937208,13
c34296,-5.984649,-32.91557,3
c34300,34.61904,-21.713299,14
p3328,-43.94396,-30.097773,2
c34316,-7.740975,32.184067,15
c34324,65.17684,12.315296,8
c34326,-4.3665805,54.58167,11
c34333,-55.607544,20.889038,7
c34338,6.506545,-0.12141816,0
c34341,2.274257,-48.022015,3
c34345,22.084116,16.546906,13
c34348,-12.313702,-6.4050975,3
c34349,5.6801915,35.96507,15
c34372,-5.722268,23.792944,2
c34373,11.356042,5.5440974,0
c34374,-7.4803176,-35.156116,3
p3330,-57.274548,22.99779,7
c34384,0.9520434,25.233997,15
c34393,55.57503,24.28085,6
c34401,3.9851515,-12.4438505,0
c34408,-27.913034,8.288768,11
c34412,22.271236,-35.161648,14
c34427,-2.42534,44.47219,9
c34430,34.535576,-20.173956,14
c34431,-33.097153,-2.3638582,13
p3333,34.337605,-2.0495899,13
c34451,-29.907404,20.816378,0
c34455,-3.8750336,-40.62682,3
c34461,-0.03109587,-7.666186,0
c34467,7.8191743,25.634483,14
c34468,-7.5646324,31.106602,0
c34475,38.518723,-21.16738,14
c34477,9.270413,-15.812753,0
c34489,-15.824169,6.820658,9
p3336,-32.090405,32.154495,2
c34492,-2.1027732,-3.860072,0
c34493,22.033878,16.505995,13
c34494,39.07519,-2.8893933,13
c34496,-32.84273,10.1625595,0
c34501,35.125492,2.1423254,13
c34508,-6.468555,39.46783,9
c34509,-1.8881685,1.5503068,0
c34520,-42.50453,33.37613,2
c34521,26.62109,36.76183,1
c34535,49.787823,-7.9528594,13
c34542,17.363008,-5.28541,13
c34553,-8.561296,-19.814293,3
c34559,-28.978842,-6.507038,11
c34561,-33.495716,-11.573606,11
c34566,-15.517877,-11.13496,3
c34567,-32.536873,-9.199532,11
c34572,-29.048016,-6.5759287,11
p3342,37.555943,34.80991,1
c34577,16.534119,-62.521076,0
c34585,-31.090008,-30.491377,11
c34586,-28.29207,-26.98916,11
c34587,-28.654272,24.837482,11
c34588,1.5737826,-28.798357,3
c34604,-14.535342,11.379122,9
c34605,30.510862,-14.530141,13
c34614,-36.546814,-28.924133,11
c34616,-5.0480037,33.740635,15
c34620,-37.180027,-14.930505,11
c34625,-43.85718,-29.962769,11
c34626,-31.174572,32.15273,2
c34631,-11.124803,-26.862598,11
c34634,-30.865547,-31.797993,2
c34637,0.22566426,27.725342,11
c34655,-1.5455097,9.84061,0
c34656,-44.084812,26.525087,11
c34658,33.849777,23.276602,1
c34666,-35.62669,17.102985,11
c34680,-3.2111378,54.845215,5
c34681,-31.246637,31.46789,2
c34707,-30.75464,-31.602482,11
c34713,12.1068535,28.403444,15
c34737,13.614908,60.640656,12
c34739,14.827337,65.373024,12
c34742,15.744145,65.36328,12
c34743,14.923801,63.747227,12
c34746,-8.057698,11.582036,9
c34761,-21.426968,25.172056,2
c34762,30.361446,-3.2282224,11
c34766,14.07326,4.9050198,11
c34767,33.223923,12.346967,13
c34772,16.976923,-8.264605,0
c34775,23.872108,15.754814,0
c34777,12.250082,-32.479652,3
c34786,-27.153534,24.616049,3
c34791,-27.172825,10.348336,3
c34792,3.6061873,30.359632,15
c34798,10.354237,5.2762237,0
c34799,-29.506252,15.329258,3
c34819,16.624552,-62.508774,7
c34821,40.22619,-12.17707,13
p3359,3.4395661,2.9132159,0
c34826,-2.5520163,-10.277504,3
c34831,39.647285,39.603954,1
c34839,26.480152,-30.890043,14
c34840,-17.82496,-25.788069,3
c34841,19.572931,-32.77214,14
c34845,-12.926956,-32.50004,3
c34847,-33.73002,-8.327127,11
c34848,-32.893227,22.973076,2
p3362,-27.945887,-23.405378,11
c34859,-2.9550886,54.418205,5
c34872,1.3904201,22.260862,3
c34874,21.847366,-6.52662,13
c34879,-46.327335,-3.638203,11
c34880,35.160313,38.439716,1
c34883,-33.11677,13.378438,2
c34886,48.525784,-8.040663,14
c34888,-53.34299,3.1632001,2
c34892,9.582455,11.008277,0
c34893,9.135429,-31.743732,3
c34896,-17.116022,-24.636663,3
c34904,-13.779932,-39.044228,3
c34905,-12.090102,2.0118036,9
c34906,-28.31257,-32.9945,2
c34914,-32.334946,-31.342735,11
p3365,43.933853,35.133385,1
c34921,-32.332092,-31.613869,2
c34922,41.020626,39.00061,1
c34930,34.909454,41.439556,1
c34935,29.980553,46.219997,1
c34939,11.593,-31.787842,14
c34941,6.82647,-27.130821,3
c34943,-17.506937,-24.759089,3
c34944,-2.7588127,-13.048445,3
c34945,-25.759296,-37.261795,2
c34946,39.738277,-27.594133,14
c34948,2.6437964,38.03185,15
c34953,18.316576,46.187984,5
c34960,30.692291,-11.775992,13
c34968,34.273346,-8.809535,13
c34970,27.477997,-1.525998,0
c34971,7.591882,-46.776657,3
c34972,35.169807,6.025138,13
c34976,24.33871,16.853003,9
c34977,36.113167,-10.567755,13
c34982,30.64417,-16.903042,13
c34989,41.97587,-23.858025,14
c34993,-16.428602,-47.73707,11
c34997,32.190464,44.47299,1
c35000,-15.9791565,7.3645577,9
c35001,7.7557073,-11.859794,0
c35003,35.40485,42.535347,1
c35004,1.1995535,32.023327,15
c35010,-30.172024,-30.340094,11
c35018,-31.015936,-22.017157,3
c35028,-35.73097,-19.079344,11
c35033,-31.599611,-11.28364,11
c35036,-32.989033,-6.986767,11
c35037,-31.538977,-19.403704,11
c35039,35.987274,7.132832,13
c35040,-36.21349,-27.380358,11
c35053,7.8214254,38.834953,15
c35060,28.570179,-2.1336331,13
p3376,-15.603841,7.569864,9
c35071,-36.560352,-1.0194651,9
c35079,64.80844,11.783229,8
c35084,-26.342236,32.342236,13
c35095,-52.25204,17.304796,7
c35099,-15.031512,14.786649,9
c35103,-44.75656,6.180921,2
c35104,-46.890717,20.38879,7
p3378,31.35362,-53.697693,2
c35115,-52.56794,24.044495,2
c35119,-15.277538,-42.030384,9
c35121,4.156738,1.1893929,0
c35122,-1.1172999,-17.492523,3
c35124,-56.17129,22.559702,7
c35129,-33.638523,-32.261364,14
c35130,-2.1826622,21.986122,9
c35134,47.034725,-15.560648,14
c35139,32.08734,-57.380688,3
c35141,-5.173026,12.084552,0
c35144,23.371523,-36.329327,14
c35145,-17.126081,16.18349,9
c35151,-55.42977,3.2340856,2
c35152,-7.6749473,-24.342503,3
c35155,-16.220638,13.644357,9
c35160,-25.26515,-6.179935,11
c35162,-12.445349,16.62358,2
c35169,31.393744,-57.788372,3
p3384,34.419163,-18.908333,13
c35180,-29.34648,-34.566704,2
c35192,-52.581326,23.814125,7
c35193,-53.327446,22.886642,7
c35197,-26.753475,-4.6582885,11
c35198,4.197422,0.86725926,0
c35199,12.73013,-1.9594421,0
c35205,-26.98843,29.806736,2
c35209,-3.9276145,13.908953,11
c35214,31.839787,-57.436695,3
c35217,-37.621094,-4.4088736,11
c35219,4.227137,41.133327,15
c35220,-11.329586,6.310824,9
c35221,-8.486445,-40.14776,3
c35225,31.832888,-57.3457,3
c35226,14.488351,27.583769,2
p3387,62.188015,-28.326118,16
c35236,32.203278,-57.270096,3
c35238,62.25808,-27.981983,16
c35246,62.25808,-27.981983,16
c35250,62.25808,-27.981983,16
c35252,62.25808,-27.981983,16
c35254,62.25808,-27.981983,16
c35257,32.109257,-57.18263,3
c35268,-10.158397,-29.09923,3
c35275,-25.280918,-40.898556,2
c35284,25.83652,-4.4670386,11
c35290,3.2192044,32.75995,15
c35291,41.59414,7.263292,13
c35294,-58.396908,24.14712,7
c35300,16.138083,-60.64135,0
c35304,10.747214,-49.822956,14
c35307,62.01754,-28.134132,16
c35311,62.01754,-28.134132,16
c35317,-4.510401,57.834198,5
c35321,-1.1182667,-46.62227,3
c35323,-31.991959,-11.615123,11
c35324,-2.1267443,54.759327,11
c35329,-28.282705,-3.4964721,11
c35337,11.816219,29.664225,15
c35349,-21.28561,-40.065548,9
c35350,-30.025814,-29.214859,11
c35354,31.582016,1.3354789,13
c35355,-21.83574,-26.929525,3
c35374,28.754381,-28.128057,14
c35388,32.733635,-13.063228,13
c35389,9.574752,-41.03001,14
c35391,-2.2376313,-35.547504,3
c35402,-27.122166,21.76201,3
c35408,14.478568,-53.813114,4
c35410,6.309792,36.714684,15
c35415,-0.21842311,-47.84439,3
c35420,16.935581,-5.588353,0
c35427,-7.9948554,-6.2962937,9
c35442,-52.2363,17.349571,7
p3395,-51.8203,17.45446,7
c35451,-25.954763,-27.135798,11
c35452,-44.915905,-1.9883753,3
c35455,13.716376,-11.038072,0
c35458,-4.395533,57.349712,5
c35460,21.847717,7.792066,0
p3398,-36.60053,25.046913,11
c35475,-4.7007136,57.45737,5
c35478,26.684519,-16.73601,13
c35501,32.84061,46.444683,1
c35511,-22.062607,-40.75236,2
c35518,-44.92231,31.840332,11
c35519,-1.9867402,-15.259637,3
c35525,43.37216,32.975437,0
c35537,21.818876,-3.6047387,0
c35538,12.721066,-23.240364,0
c35540,2.111527,-13.709733,0
c35543,18.265482,-40.89305,14
p3408,-12.515828,-37.706738,0
c35549,49.799156,-13.276253,14
c35555,-7.790404,-46.86823,3
c35564,46.09303,-17.276417,14
c35565,47.957058,-16.390034,14
c35571,-5.300569,18.392923,2
c35573,67.71483,-12.679629,4
c35581,-8.583052,33.95419,15
c35587,-51.004253,4.740929,2
c35604,67.74764,-12.726473,4
c35605,37.461357,-9.838933,13
c35615,-5.741705,35.00114,3
c35623,67.19558,-12.180551,4
c35626,22.250584,34.980225,1
c35629,-51.82445,6.459849,2
p3412,18.418447,-9.321075,14
c35631,10.855815,5.5694437,0
c35634,11.694638,-18.697878,0
c35638,19.336235,-2.0759914,14
c35654,38.371433,29.279642,10
c35659,-57.507015,17.936146,7
c35666,-17.775335,55.23006,5
c35670,32.935955,11.233244,13
c35671,-36.608765,32.591213,2
c35672,-2.4471884,-42.36755,3
c35673,24.235374,37.624676,13
c35675,30.99231,9.328657,13
c35679,25.367182,12.005271,13
c35680,-57.682537,18.472113,7
c35685,-40.984833,13.699302,12
p3416,-12.524605,-37.716568,0
c35689,16.349985,-61.628895,0
c35702,-0.32159504,-3.019373,0
c35707,0.98244184,41.378826,15
c35710,5.4587398,4.744432,0
c35712,6.2883716,35.097416,15
c35721,38.286938,-14.139969,13
c35724,18.324732,37.575005,1
c35728,19.109505,15.078848,14
c35729,-56.419853,-1.4496961,2
c35731,9.890337,4.717162,0
c35733,4.3111033,5.084481,0
c35737,0.9964873,-16.286907,3
c35743,-14.025814,7.6959496,9
c35758,19.295376,-4.6661325,13
c35763,-12.004828,-49.135376,3
c35767,-0.6005919,-27.476732,3
p3428,23.712584,-30.09699,14
c35798,-4.2674837,32.988293,15
c35801,12.186584,-6.6910224,0
c35802,-29.389675,-11.217322,11
c35806,-3.8637133,54.127037,5
c35808,3.051133,38.778458,15
c35814,-25.17398,-6.160096,3
c35818,2.109975,42.0238,15
c35820,-18.320892,-14.733248,11
c35822,-35.04129,-19.293776,11
c35823,-15.886638,13.267568,9
c35827,-2.25249,40.474068,15
c35830,-53.753567,-1.667097,2
c35837,-46.316254,30.06414,11
c35840,39.610584,1.2581831,0
c35846,2.0822513,-38.88064,14
c35848,28.034027,-25.08509,14
c35855,30.963844,11.553325,13
c35857,29.994202,4.749571,13
c35866,-14.328016,1.8103848,9
c35875,-46.111187,29.88169,7
c35881,-16.257616,-10.632169,3
c35887,-39.706387,-26.386618,2
c35891,28.379137,7.810877,13
c35897,-34.169445,-18.488035,11
c35900,-12.354653,-9.423042,3
c35902,-13.651214,-1.3559752,3
c35903,36.777534,39.85238,1
c35904,11.782156,-28.253006,14
c35918,36.89693,41.129475,1
c35921,15.153493,-5.3773274,0
c35922,9.487617,0.81279695,0
c35928,-3.6003828,40.81476,15
c35929,-49.641926,19.254734,7
c35931,39.812366,37.733463,1
c35932,-5.024049,57.448093,5
c35933,7.459028,-0.7975034,0
c35935,7.780042,0.0027343081,0
c35943,36.745033,39.81402,1
p3441,19.362377,-39.067608,14
c35951,-42.543747,32.376945,7
c35957,43.214725,36.580597,1
c35959,-4.778068,45.381176,15
c35962,11.028054,5.894412,0
c35963,12.163615,-6.637804,0
c35972,4.2414575,3.0445328,0
c35973,41.225357,38.19797,1
c35975,-25.890987,7.7179203,11
c35982,1.0475198,29.813816,11
c35985,10.268049,-1.101849,0
c35986,1.6583377,49.534344,15
c35992,-24.741428,12.481359,0
c35993,30.888634,2.6157029,13
c35995,-14.160213,26.036913,11
c36003,9.760113,3.3512113,0
c36010,-31.178156,-33.314392,11
c36011,-6.49521,37.04613,9
c36014,43.86634,1.6926535,14
c36016,43.88231,1.6937219,14
c36029,28.085752,8.2417,13
c36035,11.162432,5.4131746,0
c36043,7.926305,-47.91058,3
c36047,-19.687668,-22.48006,11
c36048,0.23906568,23.057688,3
c36062,24.251234,-36.265404,14
c36069,7.008494,-44.78129,14
c36073,6.8295894,41.364113,9
c36081,4.9279423,-3.6168976,0
c36094,33.54392,45.213387,1
c36096,-11.556311,-13.176297,3
c36100,-20.46573,17.487278,9
c36107,9.939966,-17.978966,0
p3457,31.936869,47.76249,1
c36108,2.2340229,-6.374369,3
c36110,33.082096,41.465393,1
c36113,-17.802286,8.329095,9
c36115,9.888679,4.322815,0
c36119,19.29571,3.874591,9
c36124,-50.43218,19.751017,7
c36127,-9.176894,10.720466,3
c36128,-18.196962,20.03055,11
c36129,17.0787,-40.867077,14
c36130,21.007656,-24.188118,3
c36136,-13.252972,-16.716187,3
c36137,-31.849619,15.36113,11
c36142,-27.55327,-10.000319,11
p3461,2.6146157,-49.6609,3
c36144,-0.43799716,41.585686,15
c36148,61.727222,10.156079,8
c36151,3.136071,24.111578,3
c36163,55.34231,26.555733,6
c36165,36.589634,41.173004,1
c36170,26.355684,8.866239,13
c36181,6.0334024,-25.552591,3
c36183,24.771502,-29.810196,5
c36185,3.2047644,24.189922,1
c36186,-35.167786,21.092262,3
c36187,-35.076794,-25.641901,11
c36190,-5.5585036,42.80331,9
p3470,-19.51652,-16.631804,3
c36211,-19.554192,41.662655,9
c36212,-46.374973,10.597235,11
c36214,32.075672,46.750233,11
c36219,-46.53677,1.477078,2
c36220,-54.76055,-1.8012005,2
c36221,31.172897,5.632174,13
c36222,-19.328522,7.487089,9
c36223,-31.571983,-8.309458,11
c36224,-21.414133,-27.593271,3
p3473,12.894167,26.557323,2
c36231,-13.731771,-10.768062,3
c36250,-14.271945,-15.598995,0
c36251,-7.3328753,-41.351746,3
c36257,-11.9379425,-26.349066,11
c36258,-18.230352,-16.905226,3
c36264,33.005703,43.90941,1
c36268,12.983234,57.978157,12
c36271,-57.381084,21.31296,7
c36272,7.504925,-19.239193,0
c36274,-6.070435,-40.62825,3
c36279,-0.9933651,-0.27293068,0
c36280,-10.469606,-17.818617,3
p3476,-14.109485,-21.854843,3
c36284,10.595826,-45.87106,14
c36295,-31.798006,-12.28183,11
c36298,-24.232862,11.470055,9
c36301,-19.818295,42.807087,5
c36302,36.68456,41.04063,1
c36312,6.776752,-57.790905,2
c36321,-1.6580291,-11.448003,0
c36325,15.598264,27.624462,15
p3483,30.46403,34.24829,1
c36327,-3.8050375,30.055338,11
p3484,18.24302,-36.39718,14
c36351,-26.58464,-31.924212,2
c36352,-51.571285,17.206167,7
c36354,30.354164,4.5591702,13
c36356,-15.584882,-18.722387,3
c36366,-28.389769,-3.7078166,11
c36376,-4.034141,30.027315,0
c36378,8.145169,28.702698,15
c36380,-21.051516,-7.5412006,11
c36388,-25.237373,17.288027,3
c36393,0.431058,-5.143509,0
c36394,-18.570045,8.948656,9
c36397,-14.655911,11.71815,9
c36403,-16.425758,-47.816257,3
c36406,18.956264,8.180246,0
c36407,-12.770495,28.320042,1
p3493,34.66809,40.205124,1
c36417,16.375761,63.528454,12
c36425,15.132751,62.07492,12
c36428,14.955806,62.751617,12
c36436,14.047396,60.9963,12
c36437,-43.78894,-29.90636,11
c36438,4.185222,52.87414,15
c36439,-43.933052,-30.057682,2
c36440,-43.862186,-30.150492,11
c36442,4.199518,52.870323,15
c36455,4.583341,2.6551342,0
c36462,-48.3332,20.938726,7
c36464,-33.139175,27.098938,13
c36470,-50.508064,18.70775,7
p3498,31.903713,5.0263605,13
c36472,-29.209518,15.053266,3
c36473,4.0840006,0.9132576,0
c36480,0.14783873,25.442429,15
c36483,-8.566587,14.60653,15
c36486,-4.4734607,36.211704,15
c36493,1.1746159,-2.4736633,0
p3501,-15.014965,9.283026,9
c36500,-28.498825,-17.534264,3
c36508,21.281582,-37.42524,14
c36514,-16.437675,-48.048267,3
c36524,36.985924,38.906,1
c36525,24.602682,-24.150642,5
c36526,19.687202,-12.174055,14
c36529,35.29559,12.94276,13
c36530,-7.1994734,35.85376,11
c36546,-23.006464,-14.310799,11
c36547,-31.057505,32.75287,2
c36548,37.45561,47.88985,1
c36562,35.597897,38.372753,1
c36568,-29.776667,-0.9613044,11
p3508,8.18577,-8.133631,0
c36570,-55.440792,-9.263584,0
p3509,-12.185144,-8.383687,3
c36576,-39.732025,-16.936232,11
c36584,-6.4413075,33.920025,15
c36587,-6.6804795,34.863827,15
c36589,-25.65006,-13.9456215,11
c36590,-34.943977,-20.966904,11
c36592,6.9458966,-18.175467,3
c36599,-13.497005,27.17754,2
c36604,35.033028,-14.834854,3
c36605,39.057995,37.565304,1
p3510,37.45926,47.847984,1
c36610,37.424267,47.918106,1
c36611,-26.844667,34.01311,2
c36616,30.39731,7.0210333,13
c36621,16.073568,-60.103035,0
c36622,18.008589,-60.764496,11
c36624,6.829665,-48.597416,14
c36634,-19.29585,12.847246,9
c36637,57.244194,24.72753,6
p3512,54.232666,27.57731,6
c36648,-0.54760003,-0.8873722,0
c36650,37.81095,21.263252,13
p3515,0.844276,6.8001747,14
c36665,-34.32895,-18.91036,11
c36670,30.19832,41.70953,1
c36671,-23.03429,-6.687559,3
c36674,37.305912,38.825676,1
c36681,37.45958,47.900814,1
c36685,2.0749192,-48.1711,3
c36690,11.140233,-15.463428,14
c36694,37.328236,38.787266,1
c36695,-26.953876,-18.448921,11
c36696,-4.0669484,33.01839,15
c36700,39.000454,21.780664,13
c36711,40.62371,40.64959,1
c36713,-29.237356,11.651635,3
c36724,-4.658651,54.981197,5
p3521,-28.374798,-23.739353,11
c36743,-18.416672,0.5890817,9
c36744,7.9931865,-43.72911,3
c36749,-17.554085,-6.0129094,3
c36757,10.614365,-31.79784,3
c36758,-22.71206,26.184296,2
c36759,-27.0902,-12.785869,11
c36783,2.2154238,-44.145294,3
c36786,31.278002,-55.72905,9
c36788,37.63826,21.148344,13
c36789,32.005665,-57.355885,3
c36793,-12.129711,-10.2283945,3
c36801,12.367325,-17.13862,0
c36817,-19.398252,-25.676786,3
c36822,-17.319399,-19.875965,3
c36824,33.230236,1.2070358,13
c36827,-22.691391,1.150394,9
c36828,-17.614723,-8.550174,9
c36833,-20.626987,-5.8090878,3
c36837,31.647266,-57.511116,3
p3533,-1.8963546,-56.27587,4
c36843,33.207153,39.52437,1
c36846,-35.476738,23.441807,2
c36848,10.336848,-55.131355,5
c36851,-23.388546,-6.3383594,3
c36854,30.544199,44.47641,3
c36855,-28.209373,-12.3280735,11
c36867,16.159136,-60.138546,0
c36870,7.1010003,-12.203747,11
c36876,-25.236666,11.976748,11
c36890,62.25808,-27.981983,16
c36902,62.252213,-27.980005,16
c36904,0.25695273,-20.147661,14
c36908,32.888794,34.596123,1
c36909,41.003357,-24.928316,14
c36913,32.644413,-24.3924,14
c36919,42.954002,-20.847103,14
c36920,42.615414,-25.058414,14
c36921,41.04584,-20.40846,14
c36924,39.04221,37.671734,1
c36926,33.96314,-24.606764,13
c36929,-6.1977615,-28.039936,3
c36932,7.9485683,-7.672865,0
c36934,37.244457,-21.390764,14
c36937,35.272297,44.890736,1
c36938,-20.83595,10.216143,9
c36945,0.9844738,-49.126274,3
p3540,-20.285704,-49.40355,14
c36951,5.018391,-54.90223,3
p3541,2.6918926,-11.6588955,3
c36955,8.132866,-4.749309,0
c36962,-17.901058,46.53153,5
c36964,-25.752975,-37.229877,2
c36968,7.9837103,-1.4292048,0
c36971,37.327976,-27.01496,14
c36975,12.393716,-51.76908,3
c36979,-27.461306,-10.465061,11
c36980,3.0984666,-36.423157,6
c36982,-1.2436863,22.92202,9
c36984,-1.3667243,-53.409058,11
c36988,-23.118256,-40.028797,2
c36989,-18.43307,-24.673822,3
c36991,21.81178,1.50658,13
c37001,38.3392,-23.42361,3
c37006,11.307654,-51.839233,3
c37018,41.015667,-24.576942,14
c37022,32.10285,-56.862537,3
c37046,65.27577,12.394269,8
c37051,-30.762383,-32.139874,3
c37053,31.847246,-56.800182,3
c37054,-31.58196,-5.944125,11
c37064,-15.431358,-3.2777567,3
c37073,31.837013,-57.076492,3
c37080,27.658075,-11.289695,2
c37087,37.97112,21.34784,13
c37088,-31.62652,-22.355478,11
c37090,32.245747,-57.128952,3
c37095,-26.319237,-22.191605,3
c37098,-31.649658,-9.216136,11
c37099,-41.786045,-20.396006,11
c37102,15.47698,-8.759951,0
c37104,-14.731512,-15.808676,11
c37114,32.18891,-57.035866,3
c37115,-18.372208,-14.31276,11
c37116,-18.205648,-14.145896,0
c37123,-18.056404,-2.19396,9
c37125,7.054491,4.9303203,0
c37126,-5.484215,-39.020176,3
c37130,11.003447,-5.1439805,0
c37133,9.229602,-14.339287,11
c37138,9.384241,-4.2787805,0
c37139,-19.574,-16.654116,3
c37145,34.17616,8.334998,13
c37155,-3.2536592,54.567024,5
c37162,-22.108652,7.403782,9
c37166,-13.864106,-8.823955,3
c37174,37.864132,-26.259111,14
c37186,22.837685,-37.382328,14
c37193,10.749441,-51.86665,3
c37200,-1.0557716,54.429905,15
c37204,22.74558,-40.644268,14
c37210,39.80007,37.899483,1
c37214,26.167608,-23.276434,14
c37222,-51.75199,20.317276,7
c37225,-51.750523,20.45524,7
c37229,-51.16415,20.125505,7
c37233,67.34474,-12.286795,4
c37240,-26.957779,9.283808,4
p3551,-25.54567,-19.163668,11
c37245,-31.206095,3.0556374,2
c37247,39.905743,37.677372,1
c37248,-21.884325,-4.080532,0
c37250,39.47577,-23.66732,14
c37252,-7.6044273,-1.4823179,9
c37259,42.393616,40.510506,1
c37260,-6.614829,-32.891304,3
c37265,53.73886,26.328238,6
c37267,58.09099,25.331396,6
c37272,-15.041755,9.427121,9
c37278,-0.20229,-18.322353,3
c37281,-25.960878,-18.357426,0
c37282,-5.2132263,-26.414165,3
c37284,-6.3064213,-27.564764,3
p3559,20.640013,-39.795044,14
p3561,67.224396,-12.432433,4
c37294,42.271698,36.377357,1
c37308,9.228389,-14.344066,11
c37327,67.59238,-11.305871,4
c37338,40.739975,40.31086,1
c37339,-13.889017,53.46317,5
c37345,-41.29949,-0.4959199,2
c37348,-13.76677,-7.2860985,9
c37352,-34.06069,-15.397043,11
c37356,-25.969364,-15.831949,11
c37362,-21.6289,-26.758244,3
c37370,-21.83573,-20.177309,11
c37373,-42.93287,25.047993,7
c37377,-15.532726,35.004055,11
c37379,67.77796,-12.609779,4
c37382,10.633468,-17.222328,0
c37383,39.80249,40.083008,1
c37390,12.208569,-19.121887,14
c37391,11.160897,-4.8990426,0
c37393,-1.9399985,41.583767,15
c37403,1.1425031,34.803883,15
c37410,9.212338,0.13275932,0
c37413,11.213974,-5.1919885,0
c37418,19.169939,41.604855,5
c37419,-41.360348,-0.52798516,11
c37422,0.35076392,-2.818416,0
c37426,-44.248116,-20.92512,11
c37427,14.259082,11.522123,13
c37428,-29.183485,-2.0148988,11
c37432,2.206996,24.929054,3
c37434,-12.683528,9.723492,8
c37435,-52.036053,6.3871374,2
c37437,-36.15867,27.722311,2
c37439,-12.281425,36.65662,11
c37444,-29.403265,-20.695093,11
c37446,3.7089405,-11.88498,0
c37448,29.318295,-6.141956,13
c37450,1.8652292,37.58371,15
c37457,-1.9917128,5.1210413,0
c37459,-41.320183,-0.4879717,11
c37464,-2.4502242,40.39374,15
c37467,40.01079,39.501614,1
c37484,5.979306,-4.3367996,0
c37498,48.417793,-12.357764,14
p3576,51.394684,-12.249851,13
c37503,32.21126,46.60003,11
c37527,-34.178726,8.908569,11
c37529,14.412927,-4.486626,0
c37530,-12.856792,2.6218307,9
c37545,-42.7473,22.179707,11
c37546,-7.2291546,-8.592959,9
p3580,23.774414,-36.477886,14
c37567,-32.45888,-12.43333,11
c37572,45.46131,-19.71872,0
p3581,20.981937,-31.978691,14
c37576,28.090792,-18.510126,14
c37581,4.2642503,16.783384,2
p3582,29.346224,7.2683716,13
c37584,28.49038,7.597594,13
c37590,33.49462,23.204067,1
c37594,11.553927,4.521723,0
p3584,-28.003283,12.966622,0
c37618,-16.52867,20.895351,9
c37623,-39.67913,-26.39406,11
c37625,35.3311,40.43041,1
p3586,-11.270058,-36.54835,3
c37639,-43.80131,-3.5482218,11
c37641,-46.42602,-3.3498294,11
c37644,-26.625362,11.545526,0
c37646,22.88326,-24.232763,14
c37647,-34.028355,-27.300419,11
c37648,8.313016,-37.79887,3
c37652,8.058187,2.624292,0
c37671,36.22321,38.42549,1
c37677,45.2164,-24.43952,2
c37678,40.573948,-26.721731,14
c37681,43.94118,-21.922754,14
c37695,6.7884316,3.9920876,0
c37696,5.7275987,8.122916,0
c37697,-34.025192,-8.135918,11
p3591,5.347484,-26.837818,3
c37698,30.003414,-4.4048634,13
c37700,32.10456,-0.61286056,13
c37704,10.024987,4.6574073,0
c37709,-25.460632,-14.067976,0
c37717,9.665067,6.91084,0
c37719,53.678345,26.234274,6
c37720,54.63867,26.660759,6
p3593,35.582073,-5.0307894,13
c37727,34.18666,-13.229893,13
c37730,26.06291,-38.09778,14
p3594,8.370364,-44.81796,3
c37732,33.03609,41.70244,1
c37739,14.512787,-8.15704,0
c37747,-32.247105,24.29095,2
c37749,29.856445,11.364553,13
c37751,31.522478,8.852301,13
c37754,36.429424,38.46452,1
p3596,1.5401098,42.963654,15
c37756,31.385244,6.952611,13
c37758,52.74543,-11.190347,13
c37763,-29.60471,-0.5027236,11
c37765,-21.27505,11.577872,9
c37770,-50.14496,18.578535,7
c37773,-50.611538,19.337717,7
c37775,-51.162632,19.44007,7
c37790,-0.5985257,36.37208,0
c37791,30.548923,-14.452277,13
c37800,32.347565,46.746403,11
c37801,-36.646976,-11.974937,11
c37814,-5.3541207,-25.806194,3
c37816,12.917039,-33.358765,15
c37829,51.211628,-13.196342,14
c37832,46.15058,-19.021917,13
c37841,9.909879,2.5954442,0
c37845,47.491047,-12.69524,0
c37847,29.123009,10.141815,13
c37850,33.229103,1.1725059,13
c37859,41.71261,-18.912918,14
c37863,1.0320519,40.636482,15
c37866,-1.5378623,41.66157,15
c37869,10.599135,-5.4598036,0
c37876,-0.3319714,37.13192,15
c37880,-20.140345,43.699097,9
c37883,28.813221,6.423173,13
c37884,28.649755,5.9861145,13
c37895,10.3560915,-3.579999,0
c37897,-49.79729,-0.45130807,2
c37903,-8.226771,-28.685646,3
c37907,37.47385,-3.565224,13
c37908,28.008024,25.673834,0
c37909,29.026388,10.777559,13
c37910,36.65743,4.567123,0
c37914,-2.6878672,40.336624,3
c37916,10.336197,-25.829227,14
p3608,-11.5896225,-13.237206,11
c37920,-26.130495,-19.1486,11
c37923,30.192133,-16.095392,14
c37924,24.682224,4.6749578,13
c37926,30.941486,40.382687,1
c37930,-5.5554,37.523106,15
c37932,-29.08173,-10.133083,11
c37935,-41.09424,8.730579,11
c37940,-24.71045,-26.52637,11
c37947,-29.270262,-10.724137,11
c37949,10.16138,9.665232,0
c37967,-28.955654,-1.9948835,11
c37969,19.355234,3.9463508,13
c37970,-5.4931703,49.78343,9
c37973,31.679392,-6.9514422,13
c37974,5.104372,0.64565593,0
c37988,5.1043725,0.64572316,0
c37990,-26.537388,-15.246775,11
c37993,36.46581,3.1357102,13
p3611,1.7913294,1.5489008,0
c37997,-32.27907,-40.510723,2
c37999,-2.9379127,27.337402,11
c38002,13.664704,-45.730423,14
c38018,-14.42998,-24.079767,3
c38019,-14.671464,-2.1432946,3
c38021,13.802404,22.077549,13
c38023,2.4129384,35.2958,15
c38027,35.916843,4.589425,13
c38030,-4.415278,-13.347052,3
c38044,-32.311485,-3.0981257,9
p3616,-26.232157,-13.063642,11
c38045,-34.233242,8.89998,11
c38048,-4.035592,1.3410022,0
c38055,30.992586,40.329056,1
c38056,30.918404,40.327465,1
c38058,16.151958,19.152872,13
c38071,5.3540874,14.456707,0
c38077,-11.296496,-36.54169,3
c38080,-6.883707,31.713173,3
c38087,15.386544,-3.9364438,0
c38094,9.472643,23.677834,0
c38109,-1.7603909,-45.129414,3
p3619,-15.540163,2.165297,9
c38118,29.004185,10.9720125,13
c38121,-9.632356,-5.0200553,0
c38134,3.2105544,-23.444666,3
p3621,-9.643576,-5.005668,3
c38146,-20.395437,19.230661,9
c38148,-16.705584,-10.336244,11
c38155,-16.950632,-12.665654,3
c38157,-25.106668,-6.103923,11
c38158,-0.5447412,-6.3475795,0
c38163,-14.325692,-15.624375,9
c38175,-1.7623812,41.645935,15
c38181,-24.029222,23.730656,11
c38182,-48.63503,0.968187,3
c38185,-16.629616,-24.820446,3
c38200,27.975988,25.786943,0
p3624,14.998972,28.514814,2
c38209,-4.1451573,-14.613962,3
c38213,4.29321,16.512842,0
c38215,-6.345161,0.2582903,0
c38216,-0.53966993,4.9046087,0
p3630,13.496957,-8.130704,0
c38218,13.423809,-8.152976,0
c38221,13.174808,-9.151546,0
p3631,53.82125,2.648107,11
p3632,12.229266,-36.209408,14
c38241,-27.700455,-21.705837,11
c38243,5.507312,14.28152,0
c38244,10.4781885,-5.277846,0
c38245,-4.9781756,-0.57509613,0
c38249,25.654514,24.8732,15
c38250,-52.90575,24.089941,7
c38251,-41.857353,29.770046,7
c38252,-26.90089,34.272655,15
c38259,-25.912344,25.29505,2
c38264,-25.828295,-36.64684,2
c38269,-27.781992,14.47801,0
c38270,47.347767,-20.945074,14
c38271,23.034351,7.371424,13
c38274,-25.163404,-17.485933,11
c38281,4.192955,52.872307,15
c38292,-37.47267,-10.494934,11
c38294,-23.251926,1.1695955,9
c38303,3.2493603,14.926057,0
c38305,-29.74545,-26.815866,11
c38308,-27.711493,-18.64938,11
p3642,-21.739386,-26.959948,3
c38313,34.24351,5.34135,13
c38325,14.817405,61.39275,12
c38327,-26.185255,-5.4807935,11
c38330,13.394717,62.461582,12
c38342,-21.32043,19.356855,9
p3646,31.99838,5.47839,13
c38346,-27.468216,23.782753,2
c38353,35.041695,40.80496,1
c38359,13.575384,62.665337,12
p3647,35.012848,43.174793,1
c38369,-49.544704,-0.42181137,11
c38373,-16.850645,-11.186382,3
c38381,10.026495,-8.343177,0
c38385,18.277523,37.566975,1
c38389,-15.266368,18.433945,3
c38408,-26.904459,33.907654,2
c38413,11.919999,-18.747051,0
c38416,-15.157453,-6.034373,3
c38430,-10.223522,-22.110947,3
c38432,-26.652367,26.673788,2
c38433,-4.920832,36.893,3
c38436,2.8577745,1.5857232,0
c38441,-1.4618132,-48.677284,3
c38452,-19.629879,8.7028055,9
c38455,-5.7595973,37.58984,15
c38456,10.287732,1.785653,0
c38458,-4.1497107,-14.731392,3
c38463,-25.416199,-1.1054802,11
c38465,-26.133442,-36.40979,2
c38467,3.053412,30.531189,15
c38468,10.907213,59.32724,12
c38476,-17.81635,-8.433232,11
c38479,-6.4000564,39.624866,9
c38482,-21.778955,21.563854,11
c38486,0.066629775,-0.42893094,0
c38491,-22.956139,25.060286,11
c38499,-32.135242,-10.27108,11
c38500,-17.94132,-2.9654803,9
c38502,-15.88362,5.4503565,9
c38504,-3.8704855,-7.343733,0
c38506,-24.24712,-14.901582,0
c38507,-25.081453,-6.251713,3
c38512,28.854103,11.47162,0
c38515,-26.818943,34.10742,15
c38531,11.423573,3.1272657,0
c38532,-34.880325,27.078323,11
c38534,-16.763548,-10.231962,11
c38535,-6.1336613,0.26834464,0
c38540,29.849573,44.83248,2
c38542,2.0059512,-19.077564,3
c38552,-23.055967,22.557083,0
c38554,-32.72509,15.281021,15
c38556,26.14082,8.039237,13
c38574,-13.214994,-27.61494,3
c38579,12.327426,-27.711319,14
p3660,10.501804,-38.335716,14
c38582,1.0444205,-6.4106607,0
p3661,47.984684,-10.999365,13
c38588,48.621315,-13.58942,14
c38589,44.12171,35.347633,1
c38591,43.602196,36.03362,1
c38593,51.80442,-8.367,13
c38600,43.646725,-12.459379,0
c38606,45.362408,-12.290631,14
c38607,29.318308,-58.470543,14
c38610,-19.79072,-12.475057,3
p3663,-48.998787,3.8950057,2
c38618,-52.31896,16.806927,7
c38620,-51.686314,19.671228,7
c38625,-23.72526,-24.21884,3
c38626,-5.8262653,-39.65056,3
c38628,10.848202,11.143623,0
c38633,-52.136425,21.609043,7
p3666,-45.728832,33.10956,7
c38634,-23.440487,1.1784141,9
c38641,-23.129303,18.681479,13
c38648,-13.211402,50.32872,5
c38654,-10.741508,15.108158,1
c38659,-15.126486,40.869408,2
c38666,-50.461433,17.704071,3
c38668,-6.206129,33.37678,11
c38671,-18.301588,-8.875524,0
c38677,21.66139,-33.474182,14
c38679,-23.42635,-38.41688,11
c38684,-34.2293,-27.202032,11
c38689,-36.517174,-0.9565009,11
c38695,-54.833874,0.86208045,5
c38697,34.097717,-26.899088,14
c38698,-25.165821,-21.512926,11
c38702,-54.716656,15.859208,7
c38705,-20.802094,45.69103,0
c38706,-23.141026,10.293765,9
c38710,-50.970173,20.714527,7
c38717,-34.740837,-16.652967,11
p3671,39.628937,5.788378,13
c38721,-4.190631,-40.746597,3
c38723,-20.815348,13.602379,9
c38730,-21.011673,-7.6692386,11
p3672,31.358036,-53.8414,9
c38739,-31.246925,-19.950743,11
c38753,-1.3163352,41.878166,15
c38755,-2.86442,0.15747592,0
p3674,-9.411651,1.78797,0
c38756,-16.243095,-5.272205,3
c38757,31.383486,-57.666103,3
c38762,-18.571499,-23.414581,3
c38772,14.793663,-62.851772,3
c38777,-18.742445,11.303986,9
c38779,11.68006,-37.902176,14
c38782,30.59373,-58.347218,3
c38784,41.901134,39.990723,1
c38787,-55.674427,23.001543,7
c38788,-14.655717,-35.39107,9
c38791,15.339748,-59.4849,3
c38793,34.74589,20.160538,0
c38798,44.421867,35.000107,14
c38801,9.426396,-17.582754,14
c38805,-51.926388,20.173439,7
c38807,-49.747032,17.24611,7
c38811,-27.175476,-10.8425455,11
c38821,31.773819,4.1387753,13
c38837,39.14079,-2.8675175,0
c38839,-9.931973,3.0154161,9
c38852,62.25808,-27.981983,16
c38853,62.25808,-27.981983,16
c38857,62.252213,-27.980005,16
c38858,62.25808,-27.981983,16
c38862,37.22735,-31.491161,14
c38875,24.067009,39.066147,1
c38878,0.30097944,27.82687,15
c38882,-14.093123,11.881947,9
c38891,15.822734,-42.86435,14
c38892,-6.2626615,-34.392227,3
c38893,37.726776,-2.7579045,13
c38895,-17.164188,-38.67271,14
c38897,-7.1418724,-39.18338,3
c38898,-35.177658,-31.41161,2
c38901,-37.659023,-20.278687,11
c38907,4.293499,-9.847364,11
c38909,1.3626294,38.228027,15
c38916,-20.184534,-49.426693,14
c38922,-30.742739,-19.607183,11
c38926,-1.1473283,-36.356483,11
c38936,-6.0380845,-11.069643,3
c38938,-12.555978,-0.983384,9
c38941,2.5195284,26.737137,15
c38943,5.4132514,-47.193165,3
c38944,10.679842,-38.52681,14
c38949,5.80519,5.6087074,0
p3683,62.08113,-28.2682,16
c38955,13.28547,-44.085163,14
c38958,-58.130505,17.323568,7
c38959,-30.02393,-18.57621,11
c38965,65.47999,11.290861,8
c38976,-14.679766,11.7562685,9
c38978,-30.798,12.39687,3
c38987,-14.251466,5.029381,9
c38988,4.0638003,43.907497,15
c38989,22.322939,8.270734,13
c38997,4.909784,15.749153,0
c39004,33.153767,-2.3887422,13
c39012,9.112604,-0.17600264,0
c39017,0.41134807,-23.854414,3
c39024,-24.765663,11.15509,3
c39027,31.90612,47.1284,1
c39034,9.59106,-5.683968,0
c39038,8.313311,-3.6624405,0
c39042,-21.944294,19.015453,9
c39047,-54.486538,25.61413,7
c39048,-33.237076,-7.490583,11
p3690,31.518808,46.018864,1
c39055,-25.008936,-17.668737,3
c39065,8.206525,-2.521022,0
c39074,-26.995142,-13.819561,11
c39075,-28.38361,-13.515168,11
c39077,-45.607464,31.082172,11
c39081,31.050232,46.11307,1
c39100,38.284187,35.95309,1
c39101,-56.173847,-2.4653637,11
c39104,-19.123045,2.3371665,9
c39108,37.22204,42.276775,1
c39115,-17.138348,13.042505,9
c39126,1.3258046,25.038733,3
c39130,-50.445213,18.176329,7
c39131,-53.48288,21.774563,7
c39139,25.809984,-5.2386317,11
c39143,-10.144553,53.71816,5
p3697,34.223175,-2.3900294,13
c39147,22.201916,8.142485,0
c39148,-5.834277,41.140175,9
c39165,33.423073,40.480743,1
c39167,-22.73632,-22.253075,11
c39169,10.1842985,-34.18997,14
p3701,-36.30191,25.182728,2
c39178,57.041874,26.362305,6
c39182,49.090134,-10.9225025,13
c39183,-49.832314,17.070091,7
c39188,19.62554,12.093617,13
c39196,-6.486495,-2.498149,3
c39200,-33.67971,-18.849741,11
c39203,3.9993932,-49.8399,3
c39206,8.328094,-3.1908193,0
c39207,14.89452,-17.505102,3
c39210,10.496661,6.24994,3
c39211,-57.36895,24.477465,7
c39213,10.114123,-10.304089,0
c39223,-51.109966,20.545868,7
c39228,24.46984,13.269965,14
c39241,18.15139,-23.442816,14
c39242,4.682596,13.510874,0
c39247,-49.957016,17.9833,7
c39258,67.24492,-12.401795,4
c39269,66.268,-11.633689,4
c39272,-23.047548,18.839098,9
c39285,-11.176551,-8.476456,3
c39289,10.645792,5.103428,0
c39291,-54.529575,25.695608,7
c39293,-28.183865,-5.8851633,3
c39298,61.722946,10.154567,8
c39300,-22.132545,-21.519392,3
c39302,-43.83576,26.713558,7
c39309,19.872446,41.011097,1
c39312,38.91645,38.197956,1
c39313,-28.850952,-25.700422,11
c39318,34.45137,-14.602822,13
c39325,22.72842,12.673885,13
c39327,0.1439733,42.712376,15
c39328,-8.994035,-29.862701,3
c39330,3.5189972,-31.978914,9
c39350,-30.429955,-25.767529,11
c39370,18.611544,-14.90973,13
c39381,-13.07776,11.866698,9
p3720,50.566925,-12.887105,14
c39389,32.36038,43.86057,1
c39397,11.96156,-27.315722,3
c39400,-15.420982,10.718674,9
c39404,-7.0643225,39.93383,9
c39405,-6.838972,21.161991,11
c39412,23.53017,-30.111359,15
c39414,-31.116026,-13.100373,11
c39417,-28.755894,28.550407,2
c39421,4.831338,27.735552,15
c39424,3.0280771,14.129949,0
p3725,-3.6737282,-46.737953,3
c39425,-6.5570493,55.76052,5
c39426,1.9374982,-2.7165432,0
p3729,-22.054514,-41.926052,2
c39436,41.185883,-12.921349,13
c39441,-51.22545,18.279472,7
c39443,35.033615,-25.733072,14
c39450,1.7525636,-55.539234,3
c39455,-37.553413,-17.453215,11
c39467,8.46619,4.9837675,0
c39475,-52.019608,20.598574,7
c39476,-4.776311,-19.097488,3
c39484,-10.471917,18.21458,13
c39497,-20.10001,15.098137,9
c39502,22.203205,-19.243908,13
c39506,34.52415,43.011326,1
c39511,34.9043,41.95412,1
c39517,30.74325,45.66308,1
c39521,10.023535,8.869298,0
c39522,-50.489807,24.713226,7
p3736,2.9814794,-48.734665,3
c39536,16.004337,10.6230135,3
c39541,-56.62943,22.539385,7
c39543,-43.56265,27.673693,7
c39544,-43.928307,26.812904,7
c39547,-23.045395,18.742022,13
c39552,-33.03058,33.98085,2
c39567,-10.056903,-27.144674,14
c39568,27.56812,2.394955,13
c39570,43.014282,-15.573108,14
c39578,13.004198,-8.356424,0
c39581,5.9446077,-1.4869326,0
c39585,-36.362625,-5.2888336,9
c39586,20.80163,-9.341722,14
c39590,-57.349884,20.977802,7
c39624,-27.722183,32.78091,2
c39629,-7.8196754,0.7571278,0
c39633,-35.777164,-21.848852,11
c39635,-7.2283087,37.53705,15
c39636,-14.035826,5.5777183,9
c39637,3.7330487,32.80036,15
c39656,37.664574,-25.339087,14
c39659,-1.6157799,25.758392,3
c39660,2.2250683,33.52506,15
c39688,-15.860724,2.1777043,9
c39707,3.8461492,39.721928,15
c39715,-34.984512,10.269271,11
c39718,41.084877,-2.3978806,13
p3745,35.499126,-31.3073,14
c39734,-33.75235,-15.077809,11
c39737,-21.381401,-1.2559499,11
c39739,31.653181,45.627625,1
c39744,-4.1645308,-14.605903,3
p3746,23.428518,-2.6577342,0
c39754,23.601019,-2.6104448,13
c39758,-1.3799808,-16.8869,3
c39763,-15.9985895,38.98157,15
p3748,-7.5284405,32.067554,11
c39786,8.383251,4.657914,0
c39789,17.931025,2.2234347,9
c39794,36.11052,8.369962,13
c39797,28.64401,19.083517,13
p3749,-30.894604,-6.027482,2
c39806,12.942205,-8.395175,0
c39818,-44.095848,28.935623,7
c39820,26.432114,-23.894203,13
c39822,-43.723843,26.535357,7
c39826,-48.440235,28.553215,7
c39839,25.082943,23.87963,15
c39840,29.72429,-2.4652681,13
c39841,-29.551783,-20.89552,11
c39846,-19.7057,-40.33063,14
c39854,5.7757335,-1.7210643,0
c39857,5.261058,-2.0268705,0
p3754,-1.7253557,-5.504289,0
c39863,20.823355,-10.278626,14
c39865,0.256572,-16.207027,3
c39873,6.3180327,-13.739016,0
c39878,-19.332684,-25.852415,3
c39879,-23.662907,-11.918485,11
c39893,-12.4335,-10.553344,3
c39899,-51.98844,0.93564993,2
c39904,-0.34702274,-5.935857,0
c39907,-19.504126,-2.3246353,9
c39909,36.137276,46.265957,1
c39910,-34.00181,-6.532137,3
c39912,-21.23881,-4.9905577,3
c39916,27.134111,-37.080933,14
c39933,13.166065,-2.2798822,14
c39936,38.15724,-29.956812,14
c39943,20.803652,-9.942691,14
c39952,38.20974,-29.96951,14
c39953,32.35214,-30.380857,14
c39957,-3.5192125,32.50788,15
c39958,10.866496,-52.09729,17
c39962,33.181175,0.18872571,13
c39963,32.02341,2.5273976,13
c39971,16.132544,-60.504314,14
c39972,-44.589794,-6.6180134,2
c39973,-23.87797,23.903912,11
c39974,-32.24923,-10.331232,11
c39977,-44.534836,-6.2437887,3
c39985,-25.113953,-12.979974,11
c39988,-33.645546,-30.152878,11
c39991,-39.692413,-16.682842,11
c39992,-37.412937,30.331871,7
c39993,-37.38961,30.376017,7
c39997,14.106711,29.76456,2
c40002,-2.7063007,-11.233979,3
c40007,-0.63120896,-27.48725,3
c40008,30.318657,9.8925705,13
c40015,-23.897005,23.952288,2
c40020,1.9352022,1.6060592,0
p3764,37.565742,34.830185,1
p3766,14.425136,-8.1084795,0
c40039,-31.697607,-13.183842,11
c40040,-12.128038,7.6126003,9
c40043,28.636381,-1.7746319,13
c40045,18.716028,11.963096,14
c40052,-26.241478,-11.56787,11
c40056,-43.925953,-30.062338,2
c40059,4.200648,52.87074,15
p3767,12.212918,-36.229485,14
c40062,21.498167,-10.928012,14
c40064,-4.7069774,36.805176,3
c40066,37.160103,-23.326721,14
c40074,13.517831,62.65004,12
c40076,14.817707,61.308697,12
c40081,14.90033,64.71106,12
c40082,14.2693815,63.342197,12
c40086,13.867093,63.191635,12
c40091,-55.174824,22.20662,7
p3771,-15.900435,-40.378593,14
c40096,-37.213676,36.78285,7
c40097,-53.229557,-2.5330186,2
c40110,18.521719,37.65015,3
c40116,-23.67882,28.818872,11
c40121,-35.6278,-8.198152,11
c40122,-35.700165,-8.190663,3
c40125,18.772345,40.41631,5
c40128,1.0905402,0.45276055,0
c40145,-30.94079,-21.35312,3
c40149,-16.15082,-46.04777,14
c40151,-28.702635,-18.2033,11
c40154,5.51918,-40.476986,3
c40155,-5.791166,-44.145348,3
c40156,20.061264,-23.036514,14
c40158,-26.367607,-25.377834,3
c40160,47.93862,-14.801293,14
c40175,34.27083,44.664597,1
c40176,-21.030464,21.665533,9
c40181,-37.744473,33.37178,2
p3778,-13.672759,-12.679417,3
c40189,-14.16232,1.067491,9
c40191,-6.6492434,-14.562582,3
c40206,-10.670296,8.071265,9
c40207,-10.719368,8.2860985,9
c40219,-23.166323,22.361769,0
c40220,38.241146,41.299355,1
c40224,-37.11975,37.24621,7
c40226,-40.67467,31.26724,7
p3782,22.612503,-6.610227,14
c40235,-31.917168,19.482956,0
c40237,-41.29145,-7.1122575,11
c40241,-44.51401,24.61761,11
c40242,34.765255,45.71703,1
c40250,-40.14053,-22.516983,11
c40252,7.1010733,-41.669003,9
c40255,-25.235641,-6.8143,9
c40259,-21.408842,19.11167,11
c40262,-7.239422,37.54804,15
c40268,23.327362,-10.850578,0
c40271,-6.7205,-43.54573,3
c40273,32.13957,-4.614239,13
c40279,-13.624694,7.085537,9
c40283,-37.953743,-10.154747,11
c40289,-33.257896,0.8406452,11
c40292,-6.9235334,26.246635,2
c40297,-12.478368,18.636526,9
c40298,17.395628,-1.719431,14
c40303,55.196156,27.022524,6
c40310,9.023768,-49.406353,13
c40317,-20.993711,3.033826,9
c40321,-19.99514,-5.04351,3
c40326,-28.238907,-14.666441,3
c40340,-8.967446,9.731879,9
c40342,-33.729664,-12.904525,11
p3790,39.589993,5.335444,13
c40344,-11.952829,14.459103,9
c40348,-3.3176537,5.62045,0
c40349,25.319874,12.570348,0
c40351,9.340307,30.715076,15
c40354,-6.244203,9.537794,9
c40357,-41.710735,1.6106597,3
c40359,-3.4507942,37.18832,15
c40367,-23.166977,-15.608883,11
c40369,10.446852,-24.17193,3
c40370,-17.009882,9.500224,9
c40372,-21.255146,-16.85409,3
c40377,-12.26271,9.289394,9
c40381,-15.134931,4.0710144,9
c40385,15.990564,-60.06846,0
c40393,-16.922235,40.87217,2
c40394,13.268708,-13.138797,0
c40396,-10.617562,9.158588,9
c40404,7.771207,-31.0326,9
c40425,31.3856,-57.473076,3
c40426,34.383087,-14.619329,3
c40436,-15.395675,5.252942,9
c40441,9.925465,-29.162556,9
c40444,8.781857,0.58341795,0
c40452,15.761413,-8.230514,13
c40455,30.876535,-57.996,3
c40459,38.763706,38.401413,1
c40466,30.63079,-58.339363,3
c40469,4.214788,-12.68256,3
p3795,22.611435,-6.6104054,14
c40470,23.430338,-10.834998,0
c40475,12.964748,-10.67037,0
p3796,-20.271614,-49.40843,2
c40485,30.717852,-58.277145,3
c40486,-10.906051,-13.701114,0
c40495,-15.484551,-8.704118,3
c40497,23.416632,-10.840499,13
c40500,-10.938042,-49.420933,11
c40505,26.042532,-12.243314,9
c40522,31.514425,-57.477985,3
c40523,-16.84557,-11.478678,3
c40527,-18.096424,16.171091,13
c40528,23.387856,-10.868191,0
c40531,1.3672976,3.1309369,0
c40534,1.3616009,-16.832298,3
c40537,-13.813608,0.917351,9
c40541,-11.789459,-1.9113313,9
c40556,-37.154816,36.901814,7
c40557,-4.1256123,-14.490697,13
c40559,18.013044,24.09842,15
c40560,-31.421638,-5.903724,11
c40566,2.3370197,16.41996,3
c40570,-28.873898,31.164734,2
c40572,2.775624,-46.251602,3
c40576,-5.012742,-13.786729,3
c40579,-4.4395514,32.82716,15
c40610,-0.3060357,-7.755935,3
c40614,-15.8602915,-24.84781,3
c40618,3.6335523,-20.44239,3
c40629,-3.6368084,29.45436,11
c40635,-27.448301,-13.837169,11
c40640,0.18613707,-42.769657,3
c40646,53.43673,2.9337118,11
c40650,-20.06213,45.495056,5
c40651,-5.2879324,10.561617,13
c40656,-22.330462,-11.671325,3
c40659,-21.74353,12.793873,9
c40661,-14.500213,12.307644,9
c40664,6.560869,4.3071465,0
c40666,-41.238598,-7.163838,9
c40670,-26.72473,2.3369434,3
c40674,-5.6584854,-22.34315,3
c40681,10.852253,-5.3960457,0
c40684,31.56031,-57.611546,3
c40689,2.094898,-5.319472,3
c40690,38.52864,2.1820233,13
c40694,-3.481295,10.365293,0
c40699,1.0820657,-25.216284,3
c40700,5.196238,-8.118359,0
p3808,29.634666,-58.157597,3
c40708,66.34819,-11.932509,4
c40719,-13.450852,-10.253695,3
c40723,10.440566,-10.556741,13
c40724,-23.622702,28.883558,5
c40732,-13.206729,52.53814,5
c40736,1.5943371,-16.660833,3
c40739,7.165644,-24.499752,3
c40744,26.290903,4.752194,13
c40751,-3.141888,22.584488,3
c40753,-29.434368,17.266346,3
c40765,-18.072418,-7.2257886,3
c40766,-13.829757,0.8094342,9
p3818,-36.298016,25.203533,2
c40774,16.83915,-13.628048,0
p3819,6.1306486,-10.220902,0
c40782,-21.090027,-32.830635,11
c40790,2.4498904,-43.320374,3
c40792,1.2424483,-15.250664,0
c40793,-16.345703,11.092452,9
c40798,2.8178697,-44.199287,3
c40799,37.51741,-29.706903,14
c40801,32.991856,-10.458899,13
c40808,67.10046,-11.852273,4
p3821,42.693195,24.263855,1
p3823,36.73938,43.759003,1
c40839,10.85605,1.3325679,0
c40848,57.618454,-43.373627,8
c40855,-14.241555,15.300625,9
c40866,-52.1525,19.839933,7
c40868,-50.71524,16.431334,7
c40879,-52.013767,20.200293,7
c40883,-0.10453752,49.24815,15
c40895,-43.734726,26.341223,11
p3825,2.3077106,5.0646243,0
c40902,20.133036,-7.2133183,11
c40903,-4.6635966,43.14918,9
c40904,57.6309,-43.374584,0
p3827,45.726803,-11.13602,14
c40906,32.502605,-16.517046,13
c40908,16.494732,7.918258,13
c40916,8.732872,-9.194774,0
c40922,34.741898,20.149277,0
c40923,40.073513,-16.415339,14
c40926,-5.485801,56.86632,5
c40927,-5.527774,57.0936,5
c40928,1.1007588,41.591362,15
c40933,-1.6532804,35.50128,15
c40934,-11.786776,6.303376,9
c40945,34.889442,7.6619716,13
p3831,-2.0564044,-0.63139904,0
c40956,-47.916286,17.247307,7
c40957,-50.193333,21.21367,7
c40971,-40.556496,24.148754,7
p3833,10.6928425,-38.487106,14
c40980,-10.7495165,7.8394384,9
c40985,13.497507,-28.183992,9
c40987,2.0381036,5.23672,0
c40989,-37.13709,30.503798,2
c40990,-12.131173,49.324642,5
c40991,24.908834,23.653337,15
c40992,14.932454,28.642656,2
c41015,6.153702,-18.313383,3
c41017,16.498081,27.18955,0
p3838,23.472687,-30.155262,14
c41032,-26.127455,-13.225693,11
c41034,-58.586205,23.677656,7
c41035,51.461052,-12.112914,13
c41039,47.500027,-9.569803,0
c41046,5.104427,-7.8938427,0
c41048,-20.81996,50.54142,5
c41055,38.37823,-3.9164488,13
c41058,48.209873,-15.700187,14
c41063,-41.053852,33.93522,13
c41068,-3.3280776,5.6341248,0
c41071,-10.599708,-6.2949123,3
c41075,30.333567,-17.514418,14
c41080,-51.405197,1.0621792,2
c41086,-0.8433607,4.0276127,0
c41099,57.617195,-43.373493,1
c41100,34.261654,-13.356113,3
c41103,16.12757,27.148266,11
p3839,14.991428,28.449392,2
c41105,14.223036,-45.80079,14
c41110,31.791368,7.797409,13
c41120,-14.701397,5.2955933,9
c41127,14.586055,-4.2768455,0
c41128,4.2363114,-12.593349,3
c41138,-7.553965,-7.2728214,0
c41141,-13.189323,13.891674,9
c41142,-25.855175,7.8849044,0
c41148,-3.519315,35.19916,15
c41161,10.195036,9.923684,0
c41162,57.62095,-43.373745,1
c41164,-13.552489,-26.005127,3
c41169,2.960368,26.567785,9
c41177,-2.2779288,51.01661,5
c41178,-17.515335,-0.9993466,9
c41179,-34.754524,30.799097,2
c41188,0.07186699,49.172504,15
c41192,-7.0412893,-10.430778,3
c41199,3.7323952,40.123512,15
c41202,-29.557817,-29.839258,2
c41205,-5.731145,56.19518,5
p3851,31.384281,-26.602371,14
c41209,-12.393071,-6.5754223,3
c41215,29.402203,11.878461,13
c41220,-43.567154,21.958075,11
c41221,-40.87129,20.33403,7
c41234,57.616447,-43.37346,11
c41237,55.264217,26.655025,6
c41243,26.159279,19.022432,13
c41247,-46.17998,33.96922,7
c41256,15.034269,1.2494855,0
c41266,43.996223,23.749352,1
c41276,-3.4484694,16.8319,3
c41280,-27.41894,6.986655,11
c41287,-24.733606,-34.141747,2
c41289,-5.0690517,-7.635618,9
c41291,9.923481,-6.5080338,0
c41292,4.9108005,7.8713346,0
c41301,-30.919436,-12.733441,3
c41302,-30.104256,-28.925768,11
c41305,28.960264,20.161455,13
c41309,-15.001269,4.228864,9
c41310,-14.180377,4.6766524,9
c41311,-18.154325,-18.166279,3
c41313,-1.6301024,-16.691269,13
c41317,1.7115252,-31.98038,3
c41321,-14.255606,4.3640614,9
c41335,31.176197,48.640347,1
c41338,29.502169,32.64378,1
c41346,-3.0922353,22.705162,14
c41357,29.496294,32.686844,1
c41374,-28.178955,-12.651895,11
p3864,25.865923,-25.193346,14
c41381,31.657532,7.9439673,13
c41386,37.77242,2.8516853,13
c41388,-0.04625796,44.549866,15
p3866,40.0122,-26.029902,14
c41395,-18.975313,-15.711737,9
c41410,22.535233,37.770885,6
c41421,9.423066,-34.84427,14
c41426,31.809341,-3.3306725,13
c41428,-13.234733,-18.116919,3
c41434,35.32601,11.623949,13
c41436,-47.030354,-3.7807574,2
c41437,0.89774555,-33.510414,14
p3871,-33.262913,-7.5649934,11
c41444,-35.721622,27.363884,11
c41446,-33.335617,-7.5584364,11
c41452,-40.52874,1.0151091,3
c41461,0.90306586,40.782764,15
c41464,2.1577709,-13.781488,3
c41469,12.917173,-34.425888,9
c41473,28.555986,-27.975925,14
c41474,-4.905021,7.400739,11
c41480,7.7594466,-4.967056,0
c41485,-10.677923,-2.7963612,0
c41486,31.016996,-10.521909,13
c41499,-36.065243,27.348824,11
c41505,-5.6890063,32.57095,15
c41507,9.60522,-6.834638,0
c41508,3.2219965,-9.699737,0
p3876,33.772003,36.438324,1
c41512,18.846415,11.979212,0
c41517,-45.938614,-3.953735,11
c41526,-42.183777,20.11959,3
c41527,31.875786,16.66402,11
c41528,-37.71065,-24.192583,11
c41531,2.1933193,-14.153207,3
c41540,26.351278,7.413118,13
c41549,-12.207118,-11.803425,3
p3879,18.15295,-31.774925,14
c41557,-17.85164,-33.458176,2
c41563,4.266565,0.8489398,0
c41569,15.937578,-3.686892,0
c41572,57.581062,25.192095,6
c41573,56.42261,26.030874,6
c41575,3.5210125,-14.331926,3
c41584,-36.682556,-20.01706,11
p3882,18.503042,-38.369476,14
c41588,0.48530373,33.846466,2
c41598,16.183754,-4.6532035,0
c41601,29.168905,20.298935,15
c41603,-21.415344,21.376442,9
c41606,-30.909164,-22.523655,11
c41608,30.994389,-38.234,14
c41610,5.016385,-17.052494,3
c41611,1.9680271,-13.312744,3
c41620,-12.518021,25.375072,9
c41624,5.5459495,-0.55570024,0
c41628,17.379105,-27.728209,14
c41630,-3.520949,16.772083,13
c41637,-34.689453,30.80114,2
c41645,-4.487027,-13.738279,3
c41646,29.441803,43.548126,1
c41648,-1.648805,10.731036,9
c41649,-19.35295,7.770145,9
c41653,-32.666805,8.08876,3
c41654,34.043434,-1.2308005,13
c41657,-29.260075,-31.88698,11
p3891,-41.250668,28.322319,2
c41672,14.631565,-19.014954,9
c41673,-57.716194,24.68601,7
c41676,-12.230679,5.2654138,9
c41691,-41.68923,29.09514,2
c41692,-41.253845,28.403492,2
c41693,-41.216446,28.10646,11
c41697,-28.90038,26.818333,2
c41707,-39.987118,25.483175,7
c41712,-12.704654,-9.85239,11
c41714,-32.268055,30.445978,2
c41720,61.486088,-28.050451,16
c41723,62.24676,-27.430244,16
c41731,-15.234102,54.762356,5
c41732,-34.772404,23.424768,2
c41738,-34.764328,30.756866,2
p3902,37.56468,34.8751,1
c41752,-58.1724,17.151743,7
c41757,-37.192642,37.08944,7
c41762,-55.03577,22.705708,7
p3904,-29.129099,-14.091926,11
p3905,51.237762,-14.661357,14
c41783,-33.096878,-7.008624,11
c41790,58.9332,-28.630089,16
c41791,59.23403,-28.912725,16
c41800,4.2000256,52.873558,15
c41804,-41.553608,29.018986,2
c41809,3.3556926,-14.223188,0
c41811,10.248173,0.23538184,0
c41817,-27.78487,10.307619,11
p3906,19.940674,-9.848696,13
c41820,15.329143,63.11331,12
c41824,13.960675,63.761726,12
c41826,14.339239,65.0169,12
c41828,-26.154123,16.384441,0
c41833,13.942106,63.230263,12
c41841,13.751727,62.951538,12
c41859,-35.828377,-3.9862752,4
c41868,-5.1907945,-41.536522,3
c41873,-27.025152,-23.090435,11
c41875,-22.868063,25.728725,2
c41879,-20.36605,26.101519,2
c41880,-5.3872833,35.038353,15
c41882,-30.302267,25.863468,3
c41885,-53.567024,-0.84421474,2
c41899,-36.45273,33.11041,2
c41914,5.8312807,29.298304,15
c41918,11.128996,-6.9531736,0
c41930,-3.8654258,4.5177135,3
c41942,2.6974418,-38.107826,3
c41945,-22.554312,24.99834,11
c41947,-10.642538,-18.645979,3
c41952,-4.6145744,-42.322174,3
c41954,-14.855679,-39.56765,9
c41957,-22.93113,-39.19935,2
c41963,-23.117743,-7.71154,11
c41964,46.566525,-15.446652,14
p3915,51.403522,-15.698078,14
c41967,-33.01494,-3.875825,11
c41975,-35.12672,18.978031,3
c41976,-3.2165802,19.432688,3
c41998,-25.654573,-12.795841,11
c42000,15.631146,-60.457066,0
c42005,12.565747,-9.44274,0
c42007,6.468943,-19.502693,13
p3920,-3.7410712,2.4423218,0
c42008,26.884258,20.569046,15
p3922,26.682383,-24.719973,14
c42027,49.976406,-11.894712,13
c42035,-51.80275,9.577262,7
c42038,-16.489946,-9.589076,11
p3923,33.62802,45.32872,1
c42047,-29.972368,29.04913,2
c42053,35.5952,-14.696039,13
c42073,-45.131134,24.975502,7
c42075,-50.308857,16.139341,7
c42085,-10.565315,-7.3027554,0
c42087,-9.454924,-3.8053105,3
c42101,2.1585264,16.486385,11
c42104,-20.891981,-11.046272,11
c42106,43.52521,-8.526262,13
c42107,23.093346,2.9302654,13
c42115,24.782091,13.3798,0
c42118,-31.933157,-3.1049426,3
c42122,-23.871752,-8.256159,3
c42123,-55.64206,17.38956,7
c42126,-34.27831,-13.45775,11
p3927,-27.633877,21.944405,0
c42129,-37.343113,23.725836,3
c42133,-28.4084,-14.469969,11
c42134,-35.315254,-29.810778,2
c42138,-14.708701,5.1577034,9
c42148,1.4591765,-8.090668,0
c42158,-23.829155,-1.8619188,11
c42159,-19.60143,46.287647,5
c42170,-58.579865,22.498283,7
c42180,-35.549587,-29.98823,2
c42182,10.608891,-21.428373,9
c42193,27.336649,1.0527058,13
c42203,-4.591179,-20.128029,3
p3936,-20.255527,-49.412476,2
c42214,-15.469487,42.179596,3
c42215,-27.105734,13.559505,3
c42218,-33.350483,-15.904034,11
c42223,3.4203193,-50.842686,3
c42225,-20.12389,-4.997003,3
c42226,-8.771104,-15.8761215,3
c42228,-20.870277,18.381418,9
c42230,-20.11393,-4.9558744,9
c42231,-22.917103,-1.4879456,9
c42233,-31.972607,15.979387,3
c42235,-41.88985,29.53016,2
c42237,-9.453832,-7.0884066,0
p3938,-19.924494,18.734297,9
c42244,-31.167744,13.990855,3
c42245,6.608014,-27.157658,3
c42253,-2.3754375,-11.492687,3
c42254,-17.149956,54.333687,5
c42261,63.160004,-28.00318,16
c42271,1.2810243,-13.811396,3
c42273,29.236668,-16.82508,13
p3939,5.044581,-28.01536,3
c42277,-26.00871,28.921577,2
c42278,11.399306,-10.201443,0
c42284,7.9521494,-7.5378184,0
p3940,18.455877,-39.000507,14
c42291,14.1249895,-16.169355,3
p3941,-44.229965,-21.565172,11
c42293,2.1145897,-42.440754,3
c42300,-0.038042244,-3.0104027,0
c42301,-33.261898,-9.660892,11
c42303,-12.278094,-6.4551225,3
c42304,-15.598176,3.8839562,9
c42305,-42.456482,-8.89147,3
p3944,7.191705,-23.461424,3
c42314,2.8341882,25.089962,9
c42318,11.784626,-29.588116,3
c42323,-6.9546514,-39.223076,3
c42333,2.4356737,-33.20191,14
c42334,-5.4770126,-34.890533,3
c42336,-8.78254,-37.48083,3
c42347,-27.586998,-19.802158,11
c42353,-16.28971,-17.965733,3
c42368,-5.8965683,-14.005677,0
c42377,-5.5557303,-8.718171,3
c42378,23.950949,-22.924578,15
c42390,-39.220943,13.843308,13
c42392,4.105916,-18.380484,3
p3947,-25.83542,-12.738452,11
c42396,-11.737053,-13.274851,3
c42399,26.466532,-8.3559885,13
c42415,41.891663,-30.298267,14
c42417,10.196901,10.474459,0
c42419,-36.74489,27.961266,7
c42424,-19.27678,-0.5768983,9
c42426,-57.297874,21.776865,7
c42430,31.079575,-8.408096,13
c42436,30.637804,1.8050004,13
c42443,25.617495,11.008125,13
c42450,-37.19892,-31.493774,11
c42452,-22.648354,-14.4117365,11
c42459,-31.81856,34.084877,2
c42460,7.9812026,-0.57951117,0
c42461,-19.4444,-0.6866387,9
c42463,40.90443,-38.21717,14
c42468,-4.8133273,-20.130869,3
c42471,-6.783503,-3.1954362,0
p3954,-3.5552366,-40.670895,3
c42477,-9.006679,4.134237,9
c42481,38.94378,39.068073,1
c42483,-39.78072,25.221928,2
c42484,37.164234,38.863815,1
c42485,-31.836731,2.6081166,2
c42486,-37.408005,-10.152189,11
p3956,15.544479,-40.992577,14
c42492,31.147882,-8.382372,13
c42499,47.21234,-38.455578,3
c42511,13.698657,0.5738223,2
c42512,-32.82819,36.324448,7
c42513,-20.153507,-35.322002,14
c42521,27.573841,-11.29341,11
c42527,-17.592808,-21.841238,11
c42535,-19.263338,17.039541,9
c42536,41.36955,-30.365341,14
c42548,20.776632,21.267347,15
c42550,15.850295,-60.233063,3
c42552,11.225729,6.856893,0
p3965,42.738663,24.294086,1
c42555,-1.1130494,-8.98832,0
c42563,55.240192,25.924372,6
c42565,67.38006,-12.24885,4
c42574,-32.502678,-14.873944,11
c42575,-29.454603,10.56528,3
c42576,-15.145428,4.9480953,9
c42581,-42.445374,-8.930636,11
c42582,-14.660277,8.233693,9
c42583,44.255333,23.531237,6
c42588,-24.570728,26.712051,16
c42590,8.897706,0.518439,0
c42591,39.33754,38.426422,1
c42596,67.244965,-12.228048,4
c42600,67.035965,-11.533639,4
c42622,2.1773918,4.9335938,0
c42629,-33.91656,11.441919,11
c42637,-26.24816,16.310831,0
c42641,-43.725197,2.3043222,2
c42647,-10.700435,-1.8042957,9
c42648,-10.926407,-11.603588,3
c42651,-22.53657,-10.291224,0
c42668,-0.7001561,-17.75264,3
c42671,4.334316,-3.9345236,0
c42672,33.405293,9.687766,13
c42674,-1.4344046,36.329082,15
c42676,-6.093631,41.417965,9
c42678,16.088991,10.5608635,13
c42683,-1.2283123,38.090546,15
c42684,-24.548239,-13.837558,11
p3971,1.1132259,1.7740992,0
c42693,10.578046,5.4227486,0
c42708,28.147652,-10.833831,13
p3975,50.4905,-12.815444,14
c42713,46.283703,-12.023305,13
c42742,-3.7812037,29.976542,15
c42744,43.82327,-21.0697,0
c42747,-7.38103,-11.682326,3
c42751,-43.23348,23.50733,11
c42752,2.6136951,3.2796912,0
c42754,-13.775894,-9.31803,3
c42755,-18.08484,31.847103,9
c42756,-20.575134,0.25882655,11
c42759,-35.685368,8.093448,9
c42766,25.337399,25.977192,11
c42770,28.942043,13.039966,13
p3977,23.469881,-30.154488,14
c42777,-34.01701,11.137893,0
c42778,5.834659,5.8123364,0
c42782,-6.911772,34.455658,15
c42783,6.2463045,6.0041704,0
c42791,-14.667529,-0.73637027,3
c42795,-4.1853714,0.43409833,0
p3978,-1.827306,26.420946,15
c42799,2.026856,32.49543,15
c42802,-1.3443794,26.624645,15
c42805,35.31144,44.080673,1
c42807,37.340126,6.6414185,13
c42811,39.05814,38.802376,1
c42813,-38.82764,18.958302,7
c42820,-38.69808,33.307865,13
c42823,8.9843025,-44.598328,14
c42826,-9.331264,-1.9210972,9
c42827,-26.123968,9.074686,0
c42834,-10.859164,1.310923,9
c42846,25.900093,-6.6877294,13
c42849,38.62462,39.611023,1
c42851,4.114886,-3.2865772,0
c42853,-26.146997,-13.493956,11
c42856,2.2496557,27.871176,15
c42858,-7.955633,-11.476051,3
c42859,-7.955621,-11.476061,3
c42864,-23.300823,-21.213266,11
c42867,-12.483885,25.098925,3
c42872,-9.449775,-39.16023,3
c42880,-17.71262,55.2181,5
c42885,-30.54619,-23.167137,11
c42886,28.187492,-4.445298,11
c42898,-22.992977,-6.0618443,3
c42910,42.55305,24.741095,1
c42915,-9.224847,-5.802277,9
c42916,-42.02698,29.378513,7
c42936,-47.407303,21.829716,7
c42938,-4.780267,1.2485077,0
c42942,45.020264,-11.698168,0
c42943,46.737545,-15.499197,14
c42945,2.2096064,14.841146,0
c42947,18.114927,-8.789957,14
c42949,31.841438,-2.2429852,13
c42954,-6.939555,0.2302837,0
c42956,49.753815,-13.509789,14
c42963,32.58911,8.874909,13
c42965,-20.77373,3.6827402,9
c42972,42.66017,24.419388,1
c42974,55.58938,23.028166,6
c42976,-11.709219,-2.055612,9
c42978,-43.66386,22.155294,11
c42998,-47.720074,25.949474,7
c43000,32.1943,10.779232,13
c43006,-6.575746,-27.834803,3
c43007,10.864669,-26.592766,14
c43008,-15.716889,8.671868,9
c43014,32.289043,46.60181,1
c43015,11.323888,3.7943633,0
c43033,-19.693836,27.082743,2
p3995,30.329967,-15.1718855,14
c43039,-54.8091,12.223443,7
c43041,28.566113,5.9252987,13
c43046,28.838064,5.677671,13
c43047,6.002456,8.085168,0
c43055,4.9938006,4.0196157,0
c43057,4.966181,41.561516,3
p3997,15.985656,1.9558101,0
c43060,27.919443,18.881916,0
c43069,-31.860281,-7.3732495,11
c43093,-5.4157586,-15.026598,13
c43094,-6.9488106,-17.208292,3
c43096,-25.793802,-35.287125,14
c43098,-8.881973,-17.188658,3
c43103,32.206966,2.0380406,13
c43105,-26.193941,-36.081104,2
c43109,14.847644,-19.319958,14
c43114,30.54322,-1.6124412,13
c43127,-57.39649,20.95621,7
c43129,46.140484,-14.678808,14
c43140,29.672335,46.23024,1
c43146,-19.752686,41.75356,9
c43147,28.310244,0.06366434,13
c43168,28.749004,44.03505,1
c43172,10.704747,-31.29054,14
c43173,1.808593,21.007467,6
c43178,-14.640152,20.616034,9
c43192,-28.776434,-4.906766,0
c43197,-15.698143,8.533658,9
p4004,-6.5156903,-33.104206,14
c43206,-21.449808,-23.088268,3
c43208,0.75275725,-12.173435,11
c43209,3.0311918,-12.660231,0
c43212,-33.133366,22.061241,2
p4006,40.911068,-25.094471,14
c43224,37.701122,38.99087,1
c43233,-29.707605,33.666466,2
c43236,2.2609162,27.907034,15
c43239,-4.505252,3.8490927,3
c43242,-29.716154,33.62451,2
p4008,-1.4209543,35.934986,15
p4009,5.8105526,-49.7914,3
c43255,-1.4199517,35.657166,3
c43257,-28.144321,-36.350235,2
c43259,36.823086,-15.378126,13
c43260,-18.9143,22.030867,11
c43261,0.19161633,42.034603,15
c43265,-0.07145292,3.2596564,0
c43271,-27.327194,-20.298407,3
c43275,0.88849205,-27.073423,3
p4010,4.0500207,-4.530152,0
c43277,41.822174,-23.834206,14
c43284,-7.144057,1.8433914,9
c43288,-43.682274,23.58161,11
c43292,-16.733839,21.761932,2
p4013,-0.5984053,-5.989864,0
c43297,-30.387291,-16.94467,11
c43302,6.216061,5.488109,0
c43305,11.098457,3.2575574,0
c43316,-15.351643,-20.709217,3
c43322,-0.45014247,35.5454,0
c43323,5.7906547,-5.36213,0
c43344,1.3857081,-6.204173,0
c43352,-5.156386,-1.6375136,0
c43359,37.859085,43.77184,1
c43365,28.53494,9.109565,13
c43366,19.750004,1.1836149,13
c43371,-45.748577,22.392275,3
c43374,-41.92739,29.366768,7
c43380,-16.201984,-8.936419,0
p4020,-5.2150993,-1.8164603,0
c43382,-53.180912,19.93324,7
p4021,-5.1264133,-1.8330504,0
c43383,-6.175506,34.357155,15
c43384,-42.711678,25.209604,7
c43387,-27.033766,-11.731947,11
c43390,-39.691616,-16.922188,11
c43391,-29.78047,-17.272327,11
p4024,3.6163297,-52.116913,3
p4025,8.740999,-45.737057,3
p4027,-47.37049,-22.5386,9
c43407,-33.232975,35.713276,2
c43409,30.62109,6.2140126,13
c43410,6.8610334,-1.19164,0
c43413,19.32981,0.9221586,13
c43421,13.283756,39.60881,11
c43427,-55.638092,16.326218,7
c43435,-39.744247,-9.1901865,11
c43437,29.423569,-0.65954435,13
c43438,-33.225437,-8.791784,11
c43439,32.748413,45.803093,1
c43445,64.71453,12.950778,8
c43450,64.4605,12.714011,8
c43452,65.150314,12.30419,8
c43474,64.16396,12.800667,8
c43479,-33.193726,-10.090572,11
c43485,4.1678247,52.88177,15
c43499,-33.038498,22.012676,3
c43503,14.496871,64.91509,12
c43504,16.309782,62.375877,12
c43509,13.404742,62.303417,12
p4042,-36.70604,-12.7899475,11
c43525,13.234626,63.038044,12
c43530,13.164564,62.766247,12
p4044,-17.954033,22.549427,11
c43556,-22.114973,7.7878838,9
c43561,-43.365337,29.967566,2
c43562,47.35736,-14.352879,14
c43563,-30.355951,-27.528765,11
c43564,-17.060163,-4.844278,3
c43575,-34.52511,-31.133366,11
c43581,19.214472,2.27871,13
c43588,-36.79172,33.087482,2
c43589,-0.9049752,35.45287,0
c43594,42.56797,24.480917,1
c43597,10.436093,-18.351131,0
c43606,6.353476,-1.7827189,0
c43608,11.592959,-60.79936,3
c43615,-36.421913,-13.659271,11
c43619,32.724846,48.700447,11
c43621,-4.1094556,-6.121735,0
c43629,-7.4872675,35.948246,11
c43639,-15.822017,-4.0687966,11
c43645,-39.78123,-9.2081785,11
c43649,-54.76215,18.26141,7
c43654,-4.085243,-14.556128,3
c43658,-30.738266,8.940459,3
c43667,-35.401703,33.3215,2
c43668,-54.78104,23.66468,7
p4052,-31.522224,-5.844649,11
c43676,-41.61205,-27.343563,11
c43678,-36.35752,-13.52961,11
p4053,-2.7905338,-2.575722,0
c43686,22.09293,5.082726,0
c43691,2.5462396,-41.857613,3
c43693,47.21677,-38.453938,14
c43698,9.125415,-11.280408,3
c43700,12.582202,-8.457712,0
c43709,-27.095596,35.914204,2
c43718,-22.137053,30.240755,2
c43726,-32.057293,-0.8546415,3
c43738,-14.911361,-3.6773741,11
c43744,1.3305658,38.371475,15
c43748,-26.292513,40.166832,3
c43749,3.768493,-2.705729,0
c43760,0.9932169,2.6268291,0
c43762,-36.967278,28.407816,2
c43770,-8.269379,41.50301,9
c43781,-13.849564,16.270979,9
c43784,-10.107604,-20.17451,3
c43785,0.2330898,-44.04226,14
c43790,-0.44592035,-40.554108,3
c43798,-44.181923,27.217619,7
c43802,15.119017,-17.253244,14
c43806,-41.39894,-27.294422,2
c43818,-47.75286,26.01966,7
c43819,-43.770374,28.261606,7
c43826,-43.586796,27.706423,7
c43829,19.203163,2.2985315,13
c43835,6.115176,6.7768803,0
c43836,-5.274001,18.398254,13
c43843,-2.9371605,-45.38633,3
c43858,38.048042,40.922268,1
c43865,55.52879,24.720345,6
c43869,34.91107,42.189865,1
c43872,16.019674,-60.173176,0
c43873,-57.00766,22.115072,7
c43874,30.0658,19.04849,13
c43877,31.419691,-57.219685,3
c43882,-43.1406,-22.1253,11
c43883,-22.269608,-13.990939,3
c43896,-0.17405336,13.383209,0
c43902,-2.4274564,5.9714727,11
c43905,-3.0320177,8.856477,3
c43911,-23.97296,-5.1992884,0
c43917,3.6486886,-0.7919337,0
c43918,-10.949038,-0.4294316,0
c43931,-20.504263,-26.190144,3
c43935,-45.956573,33.85518,13
c43954,-46.725193,2.0371566,3
c43961,-33.11872,18.889341,15
c43963,-2.954533,8.905521,0
c43965,31.311495,-57.465385,3
c43971,10.36824,5.581715,0
c43980,-12.065331,-9.398961,0
c43981,10.130209,-20.01148,3
c43987,-7.3791203,-2.269164,0
c43990,-48.51684,15.829872,3
p4071,-27.161665,-28.444511,11
c44002,-43.562737,-5.079725,11
c44003,-49.77045,25.43764,7
c44004,5.1009693,-24.436193,3
c44005,23.576595,1.7240049,13
c44007,-10.673572,1.1818897,9
c44008,5.4077973,-24.811237,3
c44016,4.8959756,-24.507944,3
c44027,11.073727,-18.67519,0
c44028,-41.736744,-21.988882,11
c44033,-28.454458,35.253403,11
c44038,-13.692232,8.24477,9
c44039,-4.0519037,-25.560942,3
c44044,42.629116,-19.318169,14
c44046,45.709743,-13.555479,14
c44050,4.971755,-35.30501,3
c44052,18.05004,-3.1133995,11
c44055,35.801548,-4.6278877,13
c44061,10.471279,1.0707607,0
c44066,-7.238266,42.18662,9
c44074,-22.439135,9.146585,9
c44089,-9.831732,-25.88191,3
c44095,32.20848,-25.299881,14
c44103,-4.723549,-3.8797355,3
c44109,-52.32587,24.900707,2
c44111,-37.15978,37.067123,7
c44121,45.03576,-13.885856,0
c44126,25.470716,22.190355,15
c44127,3.6702769,-14.588366,3
c44128,-10.848794,-38.16267,3
c44130,30.950815,10.721746,13
c44135,-19.682732,-9.40658,11
c44137,6.0010242,-11.571321,0
c44140,-14.543426,19.342106,14
c44142,2.1875825,-6.2712555,0
c44150,25.693491,15.151936,13
c44155,7.452153,-4.836824,0
c44170,-1.7244222,-6.7310658,0
p4084,-14.453595,-5.7692633,11
c44176,-0.86834025,39.994934,15
c44186,-8.869809,-3.7209551,0
c44194,28.49573,-2.9058387,13
c44197,0.33840886,-22.68707,13
c44202,5.4940844,-9.48992,0
c44205,29.423464,37.11738,1
c44206,11.523734,9.3529005,0
c44207,4.595623,39.3012,15
c44208,-9.598421,-8.593471,0
c44212,-51.436977,1.1779112,3
c44216,11.553244,9.089695,0
c44217,16.111017,1.7860249,0
c44222,-4.2329707,-41.860004,3
c44224,-9.37579,-36.438484,3
c44231,16.443157,-1.5595217,3
c44232,16.46696,-64.8936,14
c44234,15.877971,-59.98915,0
c44240,-20.63167,-22.11254,3
c44246,-11.192406,-16.370527,3
c44251,27.035742,21.294594,15
c44253,22.352007,16.568296,13
c44258,23.40047,35.32654,1
p4093,-11.16017,-41.01793,3
c44271,4.1440034,1.2270292,0
c44272,2.0571806,5.3582315,0
c44273,8.240828,4.7455807,0
c44276,23.64075,-12.093645,14
c44278,41.69829,-16.293285,14
c44290,24.601902,-29.851116,13
c44298,-12.22138,34.503586,15
c44305,8.423135,4.649239,0
c44309,10.077917,8.39108,0
c44310,-9.217041,-9.708244,3
c44317,9.379967,-3.8343568,0
c44319,6.797113,-1.5145607,0
c44333,-25.273008,-8.457509,11
c44334,-15.507634,11.903865,9
c44345,31.53111,2.3953052,13
c44357,9.686191,30.901445,15
c44362,55.27276,23.516533,6
c44367,44.053246,23.495453,6
c44372,-4.8382416,15.039235,3
c44378,2.0412695,-44.24769,3
p4098,32.507812,-18.08918,14
c44386,32.89549,-17.574224,13
c44394,-21.94196,32.025364,2
c44403,-6.152297,-7.719499,3
c44405,-13.545006,-1.103614,9
c44409,3.2252755,31.612226,15
c44419,1.1477573,41.419426,15
c44432,0.36725697,42.006336,15
c44442,-21.32036,-1.3795612,11
c44447,39.53536,-15.088273,9
c44455,30.21055,14.322416,13
p4108,51.38691,-14.440472,14
c44467,27.793941,-40.464287,14
c44470,10.569305,-26.392172,3
c44499,-43.643864,28.286903,7
c44501,-31.680714,30.230434,2
c44505,17.773605,-9.2685585,14
c44510,18.877106,-28.647839,14
c44513,-0.5193494,35.29924,9
c44514,3.4561484,-2.483058,0
c44518,-17.810352,-3.332322,3
c44523,-38.785294,-8.312264,3
c44526,-39.56597,-9.734117,11
c44528,-38.14622,-6.59802,11
c44530,-42.101116,21.654524,7
c44535,-36.891727,20.111254,7
c44539,-5.766172,6.8968306,0
c44542,-0.459228,-23.080992,2
c44545,34.856087,41.894485,1
c44560,-14.381385,5.3176756,9
c44564,-15.754891,-22.841867,3
c44568,-39.741905,-8.793695,11
c44569,2.2693586,27.503103,0
c44572,-27.8108,14.954246,0
c44582,-40.808384,-12.0602865,11
c44587,-41.442585,24.200222,7
c44590,-43.776047,20.797623,3
c44594,-43.538593,25.064808,7
p4119,-10.910009,-19.764477,3
c44600,47.014908,-38.260857,2
c44606,-45.039104,31.861486,7
c44608,32.388794,-11.227253,13
c44610,20.812803,1.6009793,13
c44614,28.436356,-40.943108,11
c44615,32.550167,-9.512356,13
c44621,-3.4253838,-45.38741,3
c44623,-21.527643,-4.7906146,9
c44626,24.51913,-2.6462393,0
c44636,34.646538,5.301993,13
c44639,36.225487,7.7654448,13
c44640,1.9048334,-23.374868,3
c44647,9.36361,10.72625,0
c44651,-17.902828,20.232052,2
c44658,45.02844,-10.322502,13
c44668,-16.210304,20.912897,2
c44673,-21.606556,-26.87167,3
c44694,5.1867456,-0.51595366,0
c44695,-25.975262,1.5862727,3
c44698,41.695854,-6.654559,0
c44708,-3.419124,26.748554,11
c44709,17.422716,13.938872,13
c44711,-36.56218,37.850872,7
c44712,22.777512,-4.6183248,13
c44715,25.456537,12.42952,0
c44727,-16.32541,-32.407005,2
c44735,-37.3669,-9.387113,11
c44742,-27.719269,-21.74747,11
c44748,-37.571445,-9.490801,11
p4125,61.572926,-28.363003,16
c44751,22.649017,-4.6164465,13
c44755,-1.4859394,-11.558949,11
c44757,32.915077,-6.1598735,13
c44762,30.03473,-34.85976,14
c44765,-13.7302,8.270936,9
c44772,20.76831,1.4774197,13
c44775,28.389713,8.228656,13
c44776,-21.424973,21.608158,3
c44778,26.139112,10.102888,13
c44781,-4.432406,-12.333318,3
p4127,-1.0138385,30.93681,15
p4129,27.751015,-25.28947,14
c44801,-21.925692,-12.5414,3
c44809,-17.700178,-43.156063,9
c44820,-38.833282,-11.404179,11
c44822,5.150384,-13.856136,3
c44827,-43.762684,27.453268,7
c44830,-57.406006,17.720974,7
c44833,-38.15448,-21.486626,11
p4135,-17.20013,-21.78041,3
c44845,5.4952116,-25.399286,3
c44852,-6.4638767,46.500084,15
c44877,21.197584,-30.54064,14
c44881,27.080994,18.389275,13
c44885,25.481792,-10.144369,5
c44888,28.703714,-3.542834,13
c44890,50.46813,-9.0889,13
c44909,27.268276,-40.206276,14
c44910,42.422222,-14.43278,13
c44915,-1.291663,34.6962,15
c44926,-9.157366,-36.908123,3
c44946,-8.449064,-9.635769,3
c44948,-49.96401,7.2479696,2
c44951,14.152385,-17.002665,9
c44961,9.172872,-23.36926,0
c44965,17.666492,-18.26218,13
c44967,-31.62767,32.997562,2
c44971,15.781332,-31.665722,14
c44973,16.491646,-26.558605,14
c44974,16.470936,-29.245716,14
c44976,29.345585,-9.039524,13
c44993,-16.005407,-24.62261,3
c44994,4.110716,3.3690085,0
c44996,5.2822013,-11.346474,3
c45014,34.950554,42.798183,1
c45015,10.700638,27.197575,15
c45028,-5.545851,-40.72146,3
p4148,45.988804,-22.192122,14
c45048,55.888348,24.790533,6
c45049,55.506985,24.253277,6
c45052,16.644123,-30.488773,14
c45054,55.13346,23.698645,6
c45055,55.779976,23.503166,6
c45056,-4.7864614,-19.106665,0
c45058,-44.106274,-0.38645926,3
c45059,1.1031109,1.2949532,0
c45070,31.344225,46.27206,1
c45075,31.291323,46.320366,1
c45081,34.621616,42.557266,1
c45082,-21.91,-22.477478,3
c45085,3.4223258,-50.8138,3
c45086,29.956676,-8.417996,13
c45093,-12.350704,-11.93778,3
c45095,27.758753,7.228304,13
c45096,41.63601,-7.272712,0
c45097,-28.097235,-38.861126,2
p4154,16.173874,-29.46583,14
c45101,-19.233105,-13.185245,11
c45102,26.035957,-14.366449,3
c45108,46.29724,-22.295166,0
c45109,16.877605,-29.202744,14
c45110,41.5985,-6.8195066,13
c45111,41.5308,-6.7909284,13
p4155,4.633892,-4.8598022,0
c45122,-54.805264,23.725119,7
p4157,38.506966,-33.99324,14
c45130,-54.100304,24.473167,7
c45132,29.694216,11.724858,13
c45141,47.34657,-22.450926,13
c45143,20.627466,-39.15188,14
c45144,-12.450222,-6.404975,3
c45145,-20.150658,14.911805,9
c45154,15.982491,-59.89134,0
c45155,-40.85556,30.769152,2
c45161,0.44404817,28.801695,11
c45166,2.955531,-9.77929,3
c45168,-6.6553016,13.925483,9
c45177,4.2072988,-5.7326407,0
p4167,-4.2498565,-43.309143,3
c45180,47.21666,-38.454025,14
c45185,-15.249256,54.78717,5
c45188,31.198008,46.283024,1
c45189,-34.865177,-16.882505,11
c45190,6.767274,7.7336836,0
c45193,-21.075413,-9.85993,3
c45194,-20.873686,41.0245,11
c45202,32.55321,11.574562,13
c45205,-14.901095,-13.0367775,11
c45208,0.88352555,1.0724049,0
c45220,-46.45923,16.743097,7
c45226,-32.776314,29.247513,2
c45229,31.6975,8.875219,13
c45236,-14.839503,-39.651302,11
c45244,13.848686,64.4148,12
c45252,13.623058,63.486324,12
c45256,13.495358,62.41694,12
c45257,14.247503,63.301685,12
c45259,-35.39348,-22.166954,11
c45262,21.34946,7.6940346,13
c45263,-26.701288,26.630857,3
c45273,-0.6693496,21.297855,3
c45280,28.29597,10.56712,13
c45283,29.833498,43.843147,1
c45288,-0.12403178,25.35544,15
c45292,3.6451037,39.99841,15
c45298,32.467022,45.851376,1
c45304,-25.907682,25.981262,2
c45310,1.2296245,32.704247,15
c45317,-24.493885,13.007049,3
c45322,-9.256935,-41.39975,3
c45324,-3.3524368,-45.213863,3
c45350,3.369763,5.0474567,0
c45351,-42.759792,-21.382072,11
c45355,14.035386,-62.25003,11
c45358,-4.8400817,-52.62116,1
c45361,-6.4908347,-5.193029,3
p4181,42.789337,23.972727,1
c45374,-24.54598,-13.619459,11
p4184,5.6567073,-0.106675215,0
p4187,0.9142588,32.94794,15
c45387,0.9347936,33.264683,15
p4188,-35.83315,-12.639225,11
c45399,-35.71713,-12.711629,11
c45411,26.881786,43.14999,2
c45415,36.541046,1.3198892,13
c45422,-32.675232,-24.25539,11
c45423,-46.113914,34.097183,7
c45429,-32.73064,15.449191,15
c45436,-17.317827,-22.459568,14
c45441,38.542583,21.68834,1
c45443,-52.28335,28.03306,7
c45445,-44.14094,27.246183,7
c45449,-56.76878,18.383146,7
p4192,0.8822946,1.6776328,0
c45458,10.097244,3.8436363,0
c45462,-1.3742226,-14.388487,3
c45468,-13.305648,-11.578573,3
c45482,33.917946,39.580444,1
c45486,-21.996296,8.076776,9
c45488,3.6347215,33.855434,15
c45492,33.35139,39.287548,1
c45499,33.709637,39.82081,1
p4198,-43.5552,26.692102,7
c45508,39.944523,-16.257698,13
c45514,-17.273928,-16.938189,3
c45515,-27.046984,11.7452755,2
c45517,-38.745747,-10.565141,11
c45529,-46.381157,34.801464,13
c45536,-4.0004387,-12.926423,3
c45543,17.480957,18.449022,3
c45551,23.140343,6.8991733,13
c45555,33.923107,13.532378,13
c45571,-39.56286,-16.64742,11
c45572,-33.748474,-20.861664,11
c45575,9.210911,-0.56776994,0
c45594,-16.110859,-15.786918,3
c45595,-50.75349,21.571745,7
c45598,3.1450293,31.553537,15
c45607,23.751732,10.2404,13
c45611,-3.9812536,1.3600241,0
c45613,-8.968678,-36.012737,3
c45617,-12.945363,-12.368986,3
p4202,39.589993,5.335444,13
c45623,-60.767845,17.459803,7
c45625,-57.232624,21.640974,7
c45629,-21.582998,-6.1710877,3
c45631,25.029453,15.030499,13
c45638,-19.433466,-2.4689019,3
c45641,-3.703601,-8.807796,0
c45649,9.612286,-10.156941,3
c45650,-37.754425,-20.301533,11
c45651,-10.456716,20.056122,3
c45653,-27.053932,-13.400987,11
c45657,32.459454,7.653673,13
p4208,-7.5225263,-31.459097,3
c45662,-18.760172,-31.121223,3
c45666,-37.28432,-6.392683,11
c45680,-57.214115,21.50392,7
c45681,-51.3596,13.364737,7
c45683,-20.229637,30.794334,11
c45693,30.588503,15.343123,7
c45697,8.011138,1.9662296,0
c45707,-0.1806101,-40.359516,3
c45709,8.218171,1.6808314,0
c45714,57.486233,24.317154,6
c45720,19.49725,16.01084,13
c45725,3.9189475,-12.247889,0
c45734,-12.396413,-6.405013,9
c45740,6.926699,-52.09846,3
c45752,-16.596079,8.82006,9
c45754,-26.053316,-17.804111,11
c45758,-10.743701,-5.864316,3
p4214,-30.772003,-26.049166,11
c45767,6.6888485,12.581585,2
c45776,-52.302197,20.441326,7
c45777,-17.294018,-2.50159,3
c45780,-57.671974,24.192652,7
c45783,10.622087,-52.100235,4
c45784,16.73534,-35.025116,14
c45789,-13.050202,-14.070968,3
c45792,-33.268177,-22.804344,11
c45793,-2.429544,39.92794,15
c45800,-0.053003207,-3.5743604,0
c45804,-4.275656,-22.978544,3
c45809,62.874287,-27.179441,16
c45810,61.85837,-26.8508,16
c45812,61.760567,-27.29975,16
c45818,-31.083643,-10.179597,11
c45832,44.422974,-10.5470495,14
c45838,0.8040556,-12.101532,0
c45844,-14.7886305,7.398357,9
c45845,-25.256002,-22.666937,11
p4221,37.21481,37.71969,1
p4222,61.526237,-28.063215,16
c45852,-0.78308225,0.99429005,0
c45860,-8.988485,14.203526,9
c45875,-45.80364,-0.28593516,2
c45892,-31.52216,-15.818063,11
p4226,18.299353,-8.389228,14
c45896,-18.023138,22.622292,11
c45897,-9.532282,1.8886373,9
c45900,43.276356,-18.787659,15
c45901,-57.32014,23.832333,7
c45911,-22.135471,-38.92367,14
c45914,3.750488,7.79537,0
c45929,20.873089,-8.704441,11
c45945,9.775204,-14.027451,3
c45950,-5.710134,49.693886,5
c45958,31.069426,-57.432934,3
c45965,15.77044,24.157812,3
c45971,-17.73361,6.517707,9
c45978,58.9862,-28.741623,16
c45981,22.954811,2.9152982,13
c45983,31.064083,-57.725727,3
c45989,-13.478599,-12.687141,3
c45992,58.89576,-27.996237,16
c45994,58.94582,-29.843376,16
c45999,-31.032267,-12.178338,11
c46002,-12.0787525,-21.779928,3
c46008,-20.990095,-21.627403,3
c46016,58.915863,-29.112097,16
c46023,-55.979836,-1.55889,2
c46037,-18.554268,-13.39673,11
c46041,-33.977306,-8.392448,11
c46043,-9.172722,25.835396,3
c46044,-25.847599,-16.251863,11
c46049,44.86765,-11.599606,14
c46056,-48.502045,16.108557,7
c46058,-22.186852,12.531535,3
c46061,-5.927424,-0.3448882,0
c46062,-35.359188,20.295593,11
c46072,-15.558083,-7.164092,3
c46075,-5.369161,-40.856834,3
p4237,-6.40182,21.09602,3
p4238,0.65078104,24.999645,2
c46080,0.33375162,-4.2017937,3
c46087,6.9353538,12.499588,0
c46096,14.955877,-62.985413,3
c46097,21.084614,-24.215225,15
c46102,-28.667248,-11.445306,11
c46103,-0.406619,-0.91611063,0
c46110,-14.653786,27.48574,2
c46112,42.63763,24.501905,1
c46113,38.666355,21.693508,13
c46114,4.7362695,-40.713303,3
c46115,-40.22309,27.104282,7
c46121,31.801641,-7.82485,13
c46123,-40.78696,-22.829508,11
c46127,34.898396,-4.205629,13
c46129,14.074047,4.916134,0
c46131,11.357011,-0.34518328,0
c46134,26.714426,43.15326,1
c46135,6.372288,11.765959,0
c46146,-38.966057,-32.973442,11
c46148,18.289213,-8.931073,14
c46151,28.932621,20.149761,13
c46153,-32.900417,-13.818012,11
p4243,2.9857507,-16.264408,0
c46173,13.883667,-1.5117241,13
c46177,5.455604,39.616726,15
c46181,-32.840668,-13.260203,11
c46184,36.02325,1.2545009,13
c46194,-41.48345,-23.029081,11
c46200,-26.388481,-17.413548,11
c46201,-31.968477,-7.408074,11
c46205,-23.450485,-7.457723,11
c46211,-43.949535,28.428915,7
c46217,-43.28656,27.62224,7
c46220,4.779399,-51.91427,3
c46223,34.87621,-12.932277,13
c46225,-10.876533,-37.37956,3
c46230,-29.159082,-10.625924,11
c46234,47.217056,-38.453953,14
c46235,47.21229,-38.455685,3
c46240,29.486984,32.57561,13
c46253,-0.6204316,-10.628171,3
c46255,56.158787,24.224596,6
c46258,55.421,24.838446,6
c46261,-54.3749,22.759325,7
c46262,4.088182,-49.7139,3
c46264,5.2263913,-33.311928,3
c46265,5.3759546,20.903402,15
c46269,-8.13475,6.365397,9
c46276,-19.81703,-23.66055,3
c46277,-10.098807,-20.384296,3
c46278,-34.570248,-4.9979367,11
c46287,4.1921206,-49.91324,3
c46296,6.1193438,11.288738,13
c46297,32.473755,46.5172,1
c46299,16.945227,-35.403927,14
c46303,-6.347432,-1.3957655,9
c46306,15.254588,-15.631741,9
c46310,4.880441,-19.304007,3
c46313,6.6878505,-16.839447,14
c46314,1.5532997,-3.827512,0
c46317,-49.497463,4.9603868,2
p4251,-13.021165,43.715126,5
c46349,4.644953,36.444187,15
c46366,61.735435,10.174489,8
c46370,-51.559166,21.170473,7
c46387,26.175394,4.463419,13
c46389,61.68846,10.160291,8
c46396,-17.959417,4.5673437,9
c46408,-55.045307,22.2329,7
c46413,23.620016,-30.131792,7
c46423,5.2714853,-2.474578,0
c46425,24.171576,36.961464,13
c46436,-18.295662,-14.958109,3
p4261,16.658535,-9.890527,0
c46439,-14.070081,46.20211,5
c46442,3.3943312,40.91923,15
c46443,-2.1275892,51.710674,5
c46444,15.092549,-16.089746,9
c46448,-36.940685,-15.536274,11
c46449,0.50602955,31.339325,11
c46451,0.674393,31.39022,11
c46455,-10.792068,6.6470437,0
c46459,47.2164,-38.454052,14
c46476,-45.77883,33.946114,13
c46478,-42.640038,9.31039,9
c46481,-14.737907,5.9260755,9
c46482,10.944335,-26.649126,14
c46483,-36.445316,0.20831187,9
c46488,17.349573,11.836099,13
c46489,-46.37337,0.9219557,2
c46490,15.185319,-15.356579,9
c46491,-3.7050261,-17.635555,3
c46494,18.505693,3.783956,13
c46497,0.73889613,-7.205424,0
c46504,34.955647,7.589982,13
c46505,38.71511,0.754339,13
c46506,34.590527,10.231037,13
c46508,-58.336487,21.894653,7
c46512,24.68501,6.4621744,13
c46518,34.567165,36.387444,1
p4267,-44.01005,-29.935095,2
c46522,12.041322,-16.044449,9
c46524,-43.9952,-30.032282,2
c46528,-30.03307,-11.3266115,11
c46540,-13.128844,13.803008,9
c46543,-42.793617,25.727657,7
c46552,33.601555,2.3526711,13
c46576,-0.55094206,-17.734428,3
c46584,-15.49802,3.375183,9
c46588,-16.027456,16.082827,11
c46614,-10.350133,2.999708,9
p4272,29.923038,7.7042885,13
c46622,-2.3694003,-11.752064,3
p4274,63.426754,12.70599,8
c46629,-1.5516448,3.804855,0
c46631,-15.903793,4.8812785,9
c46633,11.60373,8.96196,13
c46638,-48.123085,9.730955,11
c46642,-43.294643,-17.28844,11
c46655,-4.683342,-3.8194196,4
c46663,-29.552723,-16.494297,11
c46664,-22.029037,-8.440937,3
c46670,7.5472994,4.8859057,0
c46674,50.07137,-12.241106,14
c46675,50.071922,-12.241461,14
c46686,49.62567,-9.739095,13
c46692,43.637104,-15.466148,14
c46697,-50.68794,18.940607,7
c46698,-18.949938,-33.48269,3
c46704,56.119095,24.041348,6
c46707,55.338795,24.507912,6
c46708,10.633325,11.0742655,0
c46718,32.382862,39.676548,1
c46719,-40.351955,-19.537186,11
c46723,8.163421,28.794292,15
c46727,-26.796547,-7.5172396,11
c46728,57.632015,-43.374622,1
c46731,47.211685,-38.45563,3
c46743,-4.074014,-34.225235,3
p4280,16.25842,5.529114,13
c46747,-20.00701,4.3435926,9
c46751,-41.25721,-3.0781066,9
p4283,31.012228,40.84278,1
c46754,34.46455,14.681016,13
c46762,-32.63378,-16.160524,11
c46766,40.053623,-12.642167,14
c46770,23.791027,10.286856,13
c46771,-53.98572,21.84434,7
c46773,29.80912,20.627773,15
c46774,-46.503834,1.600916,2
c46775,-46.520718,1.5772249,2
p4286,-10.601643,-12.366162,3
c46777,28.299065,8.81727,13
c46785,61.750507,10.153005,8
c46792,27.497318,33.946865,3
c46795,-0.17842954,49.333206,15
c46799,-16.950697,-16.188585,11
c46800,32.15499,-16.190863,13
c46802,-25.97791,25.086048,2
c46807,-40.887154,-8.754541,9
c46811,-9.553323,-1.3789557,9
c46816,-13.024899,-45.271507,3
c46818,-45.94583,-4.1685224,11
c46823,-45.09119,2.5135179,11
c46837,41.30322,39.241276,1
c46844,43.364403,-8.221552,13
c46845,46.701836,-8.467137,9
c46849,5.888451,-8.946917,0
c46851,15.167694,-13.929566,0
c46858,-51.522,3.6258094,2
c46867,-20.96144,44.984818,5
c46877,-37.134632,37.38986,7
c46878,61.739056,10.1734915,8
c46879,12.777387,-8.392746,0
p4292,-12.974145,4.7525806,9
c46880,-13.011808,4.7748218,9
c46884,-5.5565343,-4.3369203,3
c46887,-30.755917,-17.582443,11
p4293,-12.618613,-22.193111,3
c46891,-17.053001,16.036793,9
c46892,5.3446245,-24.719309,3
c46895,-6.4007006,32.676292,15
c46906,47.21208,-38.455807,3
c46912,38.41466,35.779743,1
c46914,-23.214222,-2.0646768,3
c46919,-51.31059,18.910265,7
c46921,42.640656,24.531788,1
c46923,21.620043,23.45524,15
c46928,-40.43075,-19.46852,11
c46931,-1.5662737,38.230495,15
c46938,25.02751,-8.494507,9
c46940,-48.099632,17.347595,7
c46948,-47.68912,-0.91612816,3
c46953,-7.790833,-14.407134,3
c46956,0.55434006,-8.251105,3
c46962,20.120264,-13.586102,0
c46963,6.5419545,7.0020413,0
c46969,-4.771844,-17.965738,3
c46971,-59.06205,23.051735,7
c46977,-35.735416,-18.328344,11
c46986,31.638613,43.88578,1
c47003,-15.940837,-18.947731,3
c47005,13.143022,-41.438267,14
c47011,23.955286,26.27091,15
p4305,38.497543,-30.199835,14
c47021,9.175066,-34.91435,14
c47023,9.938785,-17.836386,0
c47025,-9.822865,-41.144226,3
c47026,-28.363384,35.052837,5
c47027,32.29586,11.83027,13
c47030,30.582787,13.137419,13
c47033,2.2946255,27.595922,15
c47035,-57.653187,21.068033,7
c47039,7.425093,27.131493,1
c47041,39.137173,-30.70053,14
c47054,-39.61284,-3.7336833,3
c47055,-21.109272,3.1858108,9
c47056,-22.516298,1.1083885,9
c47057,55.743942,23.693604,6
c47066,34.73668,45.81393,1
c47073,35.282494,3.105133,13
c47079,3.6266246,1.5084838,0
c47080,-54.903687,19.442686,7
c47098,14.926596,-9.543973,0
p4312,-39.444916,-3.804324,2
p4315,50.7937,-13.652851,14
c47123,50.31628,-12.037347,13
c47126,51.407585,-13.867101,14
c47127,51.24582,-7.7116346,15
c47139,-22.148499,-21.378725,11
c47143,3.2837806,-7.118026,0
c47147,44.857754,-7.710921,13
p4321,-39.60247,-17.15083,11
c47150,31.827267,45.99906,1
c47152,-14.095898,17.135609,9
c47158,0.14243804,-10.59081,0
c47160,7.4793887,-10.60217,0
c47166,-2.298586,24.08376,3
c47169,-12.84459,4.822729,9
c47171,-39.475273,-17.171755,11
c47173,-0.9454208,-10.571058,0
c47177,-15.540219,54.72968,5
c47181,-42.856293,26.991114,7
c47187,-25.259245,-9.936746,11
c47188,-27.757057,-18.413097,11
c47190,-34.877716,-18.15369,11
c47192,22.280603,23.33668,15
c47205,3.183225,-10.425648,0
c47210,-39.132683,-17.860302,11
c47218,-16.669794,1.0466808,9
c47220,-14.482716,1.3642329,9
c47225,-23.074776,-12.20835,3
c47229,-28.321695,-13.135157,11
p4326,-3.5300035,31.527914,3
c47248,-43.020664,9.356015,11
c47252,36.030563,31.291412,1
c47254,-1.4556695,-48.175438,3
c47265,13.673817,64.07224,12
c47275,13.345403,63.57405,12
p4330,-14.687454,7.2379017,9
c47286,26.20109,4.5564547,0
c47288,-4.7616396,-28.121046,11
c47289,-33.524235,-8.867795,11
c47290,-35.232334,20.992306,11
c47298,-23.634478,6.6211457,9
c47301,-4.223056,-6.164157,3
p4333,-3.8283157,-37.412544,3
c47306,-20.01007,14.970691,13
c47308,-31.063942,-22.499994,11
c47318,-0.15861279,40.540142,15
c47319,47.637184,-38.52268,14
c47320,-2.3343506,40.4846,15
c47321,-15.064628,-10.64339,11
p4335,22.085556,34.21548,14
c47330,-6.2723336,-37.71597,3
c47354,16.029404,-3.7560117,13
c47362,13.464952,2.0652976,0
p4337,-28.385344,35.008423,2
c47367,-37.152573,37.343376,7
c47375,21.925854,23.351097,15
c47377,-44.348118,25.366642,7
c47378,-5.3613772,33.732765,15
p4340,-27.645197,-37.594887,2
c47391,16.646137,-26.558346,14
c47392,27.084257,-40.0788,14
c47394,-33.18356,-14.374195,11
c47398,25.226242,12.553941,13
c47403,-44.417282,-20.888132,11
c47407,0.5280141,-32.989662,3
c47409,-10.909766,-24.095371,3
c47412,-32.22224,-23.22256,11
p4341,-29.099285,12.101544,3
c47414,31.113863,42.479992,1
c47419,31.355164,42.439552,1
c47429,23.762054,-11.973529,13
c47435,-3.567179,-16.167347,3
c47444,26.970175,-40.03458,14
c47454,21.355974,9.119191,13
c47456,-3.8371804,-37.31804,3
c47459,5.952035,11.338163,13
c47469,8.141883,-18.002716,13
c47479,-31.041548,-3.5176067,9
c47481,-54.452755,23.770681,7
c47482,-37.02038,1.4166698,2
c47484,-31.453163,-32.187325,11
c47487,-20.042484,-28.971777,3
c47488,-6.1262827,3.667584,0
c47489,25.787329,7.8678503,9
c47497,-15.884072,1.0819751,9
c47506,-14.94834,16.860464,3
p4344,12.022954,36.716957,2
c47519,-38.350983,-11.381584,11
p4347,-43.66726,26.989223,7
c47530,-45.565517,-13.833463,11
c47534,-47.234283,2.6112561,2
c47539,-24.725435,-3.1392908,11
c47541,-30.271399,-13.645606,11
c47551,-43.94646,27.575125,7
c47552,-39.5329,27.29548,7
c47555,-24.600847,-8.571302,3
c47556,-13.563189,-38.898537,9
c47561,18.027185,-62.413383,0
c47565,-21.370464,-14.791745,0
c47579,-14.797706,7.326672,9
c47581,-18.605457,-35.48112,2
c47582,-41.298897,-13.747054,11
c47609,-24.049532,-8.872222,11
c47612,44.05363,-21.125652,14
c47620,-36.301697,-19.370485,11
c47622,-59.89181,22.069347,7
c47631,31.070707,33.139885,1
c47632,20.752338,-10.065077,14
c47640,33.27532,-8.757178,13
c47642,-12.209692,5.255801,9
c47644,-19.565907,51.776474,5
p4358,-18.080576,6.2370143,9
c47646,18.107466,-12.103744,14
c47647,-11.061245,4.7319255,9
c47657,35.50761,40.252895,1
c47670,-32.22693,14.053615,3
c47672,55.280758,24.461567,6
p4362,54.362885,27.423014,6
c47676,31.037365,19.61126,17
c47679,55.945793,24.749306,6
c47681,20.471157,-2.6796365,14
c47689,-32.988453,-6.7244925,11
c47692,52.642845,24.507612,6
c47698,-41.854527,-23.041107,11
c47699,-48.924747,-2.2261825,11
c47705,-36.622696,7.5818424,9
c47711,-49.632137,-3.033334,11
c47721,35.675648,31.80233,1
c47724,10.7850485,5.070907,0
c47733,35.769455,29.636871,13
c47734,35.08484,-21.916603,14
c47736,30.095268,38.697098,1
p4364,-0.84368503,36.67635,15
c47749,-22.255184,-2.4776676,9
c47752,-12.197087,-17.934055,3
c47758,-22.408598,12.795624,3
p4365,-43.454666,21.531183,11
c47760,29.23751,-32.129406,14
c47767,-52.94133,22.991186,7
p4366,15.373783,-1.7334791,9
p4368,-2.1839063,50.687004,5
c47783,9.291969,-2.240616,0
c47787,-2.346387,50.248524,15
c47790,-14.181018,-9.223543,11
c47792,25.161518,-5.8873324,11
c47802,-21.722677,7.000823,9
c47805,0.47532347,38.474277,15
c47811,47.216995,-38.453995,14
c47821,-6.787643,-36.043926,3
c47825,64.50957,12.780735,8
c47837,15.537197,-7.93786,0
c47841,-1.7377775,-41.746246,3
c47847,-23.430454,-25.047178,11
c47850,0.70160514,1.7268002,0
c47854,31.431759,7.0638623,13
c47859,58.931572,-27.880833,16
c47868,58.868713,-30.04561,16
c47872,58.86387,-28.932905,16
c47878,59.00808,-28.8896,16
c47879,58.58849,-28.650175,16
c47883,-15.69075,3.2829173,9
p4372,-12.309962,-7.9269485,3
p4373,6.93121,28.624357,15
c47892,7.1896105,28.646427,2
c47894,-1.9790597,49.605606,15
c47896,43.894043,23.584805,6
p4374,23.820515,-36.16049,14
c47904,11.461784,-23.156319,9
c47910,34.88368,-14.446196,3
c47914,21.986094,-9.125471,0
c47919,18.031801,5.8955984,0
c47920,-7.6509404,-24.343634,3
c47924,3.467903,9.915258,0
c47942,-12.9054365,56.313408,5
c47967,36.240826,-6.6614933,13
c47974,-12.782791,-13.803885,3
c47977,-31.335482,-8.574884,11
c47983,-29.206821,43.604877,11
c47991,51.77756,-14.033766,14
c47992,47.940575,-15.63769,14
c47998,-50.335705,19.140251,7
c48002,17.409073,3.0988693,9
c48004,17.213615,-63.848713,15
c48012,-5.90454,-0.29044893,0
c48020,-2.010514,49.642597,0
c48022,12.781814,13.488918,0
c48025,-16.814924,12.507731,9
c48026,-33.03071,0.15803711,9
c48031,-33.00282,-0.052211624,9
c48034,1.1949689,2.0632164,0
p4384,-5.0481977,23.299398,14
c48048,34.65634,33.726498,1
c48053,-29.871693,-12.908422,3
c48054,34.23583,-13.28469,3
c48060,22.587513,8.694863,13
c48062,42.71414,23.986862,1
c48064,3.0233917,-53.23457,3
c48067,25.967026,8.79701,13
c48077,4.711898,-19.3265,3
c48081,-27.164568,-35.517464,2
c48090,33.806847,-38.18196,2
c48100,34.689564,-10.247415,3
c48105,-31.605993,18.727312,10
c48104,33.139328,-8.496401,13
c48108,4.088333,-15.690185,3
c48121,3.9454029,10.234473,0
c48127,13.817506,-7.1803493,0
c48132,-47.99419,20.205034,7
c48138,0.59900475,-19.950869,14
c48140,2.931275,42.961094,15
c48142,13.752524,-10.227663,0
c48143,9.555548,-34.91656,14
c48145,-4.939352,-4.2632713,3
c48148,-42.68248,14.427791,3
c48149,-10.035348,-20.531828,3
c48153,-33.610683,-11.2859955,11
c48155,28.849024,20.557339,13
c48158,-33.326237,-4.522639,11
p4396,39.012264,-14.9277315,14
c48162,68.80413,-11.293567,4
c48164,-26.513983,35.385796,2
c48167,-10.942102,-40.0011,3
p4397,-13.026197,-14.84525,3
c48171,10.689925,-3.9583328,0
p4398,46.119698,-15.465995,14
c48180,-36.309647,20.15582,0
c48182,-29.20316,43.61252,11
c48194,-31.047422,-3.6094704,9
c48196,47.216778,-38.454,14
c48197,61.71735,10.156007,8
c48198,-11.073573,-27.090117,11
c48219,-10.545076,-46.112587,3
c48223,35.031452,43.77972,1
c48228,2.3345182,-0.20828946,0
c48232,2.2905898,-0.16049531,0
p4400,46.33921,-15.895001,14
c48233,22.969515,33.425785,3
c48236,6.993198,28.714577,15
c48243,-15.647545,-3.07767,3
c48244,27.06014,14.977725,9
p4401,45.27779,34.410366,14
c48248,-39.72166,27.08618,7
c48249,30.950485,48.716846,1
c48253,36.724083,-19.884,14
c48254,14.790064,-33.720905,14
c48257,22.731775,10.095767,13
c48264,-13.9794655,-36.983387,3
c48266,-12.978774,43.639233,11
c48268,8.781503,-10.68427,0
c48269,18.008907,5.9362073,13
c48270,-31.70966,-16.530666,11
p4403,35.493183,31.259853,1
p4404,35.07347,31.711342,1
c48273,36.785572,37.8039,1
c48278,-19.037369,-13.142497,11
p4407,1.9067137,-33.3377,14
c48298,-14.152921,29.144318,4
c48316,-14.19277,-8.074637,11
c48322,28.988651,20.141092,13
c48331,1.5577801,-33.535736,14
c48333,48.349686,-15.425316,14
c48334,44.92426,-20.414482,14
c48337,48.281666,-13.082196,5
c48352,-14.864063,-39.029373,2
p4414,2.3103647,-0.17069906,0
c48363,65.19762,12.461683,8
c48370,-18.641981,5.709626,9
c48377,-49.648705,25.19292,7
c48381,-8.098494,-1.3335923,9
c48386,1.3640878,31.13545,11
c48390,-0.0998647,7.2003665,0
c48393,-14.721248,-0.8880352,3
c48394,-2.1487434,40.595078,15
c48406,3.3099198,-6.8626966,0
c48422,43.12903,23.334518,0
c48427,31.03953,42.473408,1
c48439,35.76703,36.904606,1
c48441,1.8951592,20.926628,3
c48442,29.301014,6.911571,13
c48444,-14.738564,5.2764006,9
c48448,42.271896,40.60352,1
c48454,16.111893,10.570035,13
c48455,-9.529577,11.027553,0
c48463,-34.912624,12.499166,11
c48468,-22.842886,4.200592,3
c48474,-41.40704,8.303568,11
c48476,-19.53362,-0.38759604,9
c48479,-7.4567313,-32.890728,3
p4422,-23.27262,-33.45782,2
c48481,43.605938,-13.4656725,0
c48488,-44.016075,23.833878,7
c48489,-43.817566,24.362188,7
c48494,47.194237,-38.4568,17
c48495,-12.441097,-1.0586951,9
c48499,-3.5075848,32.407433,15
c48510,-29.204895,43.616207,11
c48511,22.122328,5.0829463,11
c48513,2.621998,-5.416829,0
c48518,-13.100408,-49.2138,3
c48519,35.07062,37.084515,1
c48520,-9.243038,0.4789054,9
c48524,35.940258,37.919888,1
c48541,-22.523825,1.1248635,9
c48554,45.70612,-13.116912,13
c48557,-22.176863,-8.145479,3
c48559,6.1301317,-47.34805,3
c48561,5.796735,-47.00773,14
c48563,13.897735,-31.453543,3
c48564,36.13812,21.670153,9
c48565,13.020044,57.50531,0
c48574,6.65871,-22.60425,3
c48576,30.933628,13.606846,13
c48578,42.612724,-20.722328,14
c48588,64.625145,12.7598505,8
c48591,21.500708,9.200696,13
c48596,-4.368201,-15.828303,3
c48599,-5.4665027,49.790188,9
c48609,-0.13866182,29.551933,11
c48623,-45.05669,25.349644,7
c48624,5.2652435,-46.81933,3
c48631,-9.213526,0.8682133,9
c48632,6.687703,-16.831991,11
c48633,-14.45021,42.292152,5
c48636,-18.633554,11.178481,3
c48640,0.7354946,39.322678,15
c48650,39.098515,-25.060617,14
c48652,5.0299854,-48.16199,3
c48662,37.898407,-22.564314,14
c48689,32.213764,41.359844,1
c48693,-25.180248,-3.9677598,11
c48699,2.0421767,-32.488472,14
c48700,0.13712254,-52.535625,14
p4431,-5.135581,23.339424,14
c48705,-13.205672,-13.856218,3
c48711,-34.23853,-10.580593,11
p4434,27.63996,35.334488,14
c48730,35.686043,7.244801,13
c48748,4.8760114,-35.28818,3
c48749,4.5993834,-51.78513,3
c48750,-8.920544,-25.928823,3
c48757,2.7338743,38.484257,15
c48761,6.770773,-12.887297,0
c48763,44.964134,-11.56024,0
c48767,0.61706483,30.762161,11
c48769,44.389866,23.364521,6
c48774,0.76553047,30.758917,11
c48775,33.073486,41.953636,1
c48781,-29.685238,-31.386728,2
c48783,-20.035921,-15.574114,11
c48790,4.973064,-54.545204,14
c48791,-32.37104,-40.698307,2
c48793,8.886255,4.2917337,0
c48800,6.734737,28.992495,15
c48803,16.690228,-47.071934,7
c48804,1.8848904,-35.592316,3
c48809,-14.582057,0.7091114,9
c48811,-42.613724,32.818417,7
c48815,-45.813114,21.59126,7
c48816,-14.440998,3.4936001,9
c48819,2.2157085,9.652209,14
c48825,-40.703606,-3.6296606,3
p4444,15.605188,-20.562653,3
c48830,-16.62011,19.212368,9
c48831,-27.582756,-35.52711,2
c48837,13.802949,-10.368574,0
c48840,57.619408,-43.373684,15
c48843,-18.84801,-40.375977,9
c48845,28.385498,0.14805451,0
p4447,-23.158133,-24.848194,11
c48850,5.1839805,-12.7332535,0
c48851,-11.860791,9.189628,9
c48857,-8.010341,-3.2166345,0
c48865,24.656961,3.9670157,13
c48867,-2.9318936,57.603836,5
c48868,-42.768944,10.68766,11
c48869,-2.2123747,51.06752,9
c48878,21.734436,9.353648,13
c48890,42.646137,33.784035,1
c48897,35.74331,37.8486,1
c48900,-21.936724,-13.261557,3
c48923,-1.7769153,26.05223,15
c48925,-20.369843,-17.874086,3
c48938,-13.172199,0.92776215,3
c48941,-7.0916076,-23.128325,3
c48947,13.643934,-10.373395,0
c48949,10.238532,0.5763651,0
c48956,30.99855,12.675415,13
c48957,-7.2988153,0.09973655,9
c48959,4.3244057,-19.466484,3
c48961,-6.914228,-15.627057,3
c48968,25.2765,-36.226345,14
c48987,6.4146852,49.391747,11
c48998,38.43605,-2.728904,13
c48999,39.27473,39.786953,1
c49000,-15.3767605,4.289902,9
c49014,28.73949,6.2800984,13
c49018,31.006804,5.638895,13
c49024,35.278942,5.7551637,13
c49031,16.05149,10.703704,3
c49040,-6.2243195,-27.531971,3
c49043,-8.920537,11.564654,2
c49051,-12.1447735,-19.883709,3
c49068,-11.560567,-33.34733,2
c49069,25.062729,13.00505,13
c49072,27.244177,-15.920736,3
c49086,27.262594,35.57828,1
c49089,-53.277878,20.22477,7
c49099,-24.11412,-4.2218194,11
c49101,18.292435,-7.755222,0
c49105,-4.296096,43.01686,9
c49108,-29.71147,-9.227751,11
c49114,28.783865,5.4543223,13
p4454,28.17433,8.473904,13
c49116,26.618513,8.48547,13
c49124,-44.793945,18.488222,11
c49128,-25.26068,-8.286007,11
c49134,-16.501429,11.037777,9
c49143,15.179536,-9.663712,0
c49150,-15.551315,-1.7667998,3
c49157,49.698154,-8.068888,13
c49158,40.878407,-27.474041,14
c49160,51.15647,-11.9159565,13
c49161,-30.809484,-20.550613,0
c49164,-14.554557,-16.810085,3
c49169,24.325333,3.1358452,13
c49171,-14.399609,-16.822102,13
c49174,14.860004,-17.616789,9
c49175,26.947683,6.5198765,13
c49176,16.721249,-28.69004,14
c49177,17.506046,-64.03684,13
c49178,-23.033413,-20.479187,11
c49185,-13.611318,40.23077,3
c49197,-11.567534,6.092805,9
c49201,32.693684,41.637585,1
c49206,-51.338753,19.040308,7
c49218,20.5137,5.349205,13
c49225,-60.289307,20.917408,7
c49240,26.849207,10.582362,13
c49241,-14.789885,-0.33923882,3
c49247,17.662539,-21.067825,13
c49248,-34.456635,-16.875353,11
c49249,-22.350668,-23.917772,3
c49253,47.56166,-22.643698,14
c49267,13.93405,-4.447985,0
c49270,14.624224,65.512405,12
c49278,13.85006,64.95997,12
c49286,13.758532,62.414474,12
c49299,48.20731,-23.139187,14
c49301,-4.7758636,56.566788,5
p4473,18.91657,-34.57588,14
c49306,-13.97286,-36.96438,3
c49307,-12.27502,6.9064207,9
c49313,46.106354,-51.472878,17
c49315,-14.521021,-24.063038,11
c49317,34.025383,23.384281,1
c49335,-1.294436,-50.305893,3
c49339,-36.87227,35.45286,2
c49347,-12.712238,1.6466905,9
c49349,17.465408,-15.146804,13
c49354,-4.9368815,56.861794,5
c49359,18.434267,13.628408,3
c49360,26.948858,10.21637,13
c49368,-40.39629,-9.851447,11
c49371,-27.441557,7.026117,11
c49372,31.721092,39.285362,1
p4479,-40.25658,-9.905396,11
c49385,-15.333218,-2.1137474,3
c49395,-40.265297,-10.077344,11
c49397,-5.899272,57.640476,5
c49399,8.420866,-48.84873,13
c49404,9.706164,16.603853,0
c49405,48.103085,-23.08126,14
c49409,-5.1475115,-1.9829605,0
c49424,26.003277,8.767871,13
c49430,10.114526,-10.000724,3
p4485,-10.496231,-13.3816,0
c49435,-2.64617,24.407768,3
c49436,-12.87442,1.2712203,9
c49438,-18.640789,-35.66455,2
c49439,-27.11932,-40.070312,2
c49442,6.5951376,1.5594764,0
c49448,-21.421864,-41.59309,2
c49455,-27.81601,-5.198668,11
c49468,48.118645,-23.102415,14
p4488,-15.325213,-21.29439,11
c49477,29.172424,-57.383083,3
c49478,-21.94823,-13.302798,11
c49483,3.3519363,-54.57422,3
c49494,-4.660945,-52.595276,1
c49498,13.442558,-5.3477845,0
c49512,-50.525772,20.49685,7
c49518,-50.98786,18.940182,7
c49520,-48.989193,20.285824,7
c49522,-35.789665,23.190922,2
c49531,39.64007,-15.3327675,13
c49532,-25.019161,13.918557,3
c49535,-32.769955,8.137569,3
c49536,-54.891758,22.505743,7
c49537,34.199837,41.028492,1
c49543,37.907078,-22.367476,11
p4491,-50.716457,16.067978,7
c49548,-50.38049,20.785923,7
p4493,-20.263548,-49.412354,2
c49554,-50.21399,15.16022,7
c49558,-23.122347,8.618448,9
c49564,66.13108,13.555273,8
c49572,-50.120564,16.409447,3
c49574,-2.9135013,-34.559883,14
c49579,-54.90447,18.226795,7
c49580,63.98469,14.224052,8
p4495,-43.610584,34.066105,13
c49584,-33.542206,-15.442797,11
c49593,-19.423521,-11.16194,0
c49598,23.718369,10.645557,11
c49601,-5.990741,34.31649,15
c49602,1.9929951,-0.04953015,0
p4496,37.620575,-31.229332,14
p4497,2.4909968,14.041784,0
c49611,25.912096,6.6875544,13
c49620,17.424368,-23.226217,14
c49623,2.4949672,16.22502,0
c49625,-56.765366,20.597675,7
c49629,25.848694,6.618506,13
c49644,5.4461565,-54.5473,14
c49653,-13.6848135,40.313526,3
c49662,29.86139,-5.572737,13
c49663,13.108876,2.8240387,13
p4500,-20.224388,43.594955,5
c49675,-32.492172,1.7923844,11
c49678,-23.212461,-10.83765,3
c49685,-18.062183,8.640644,9
c49689,-45.02515,3.376113,3
c49691,-16.0021,-1.9110663,9
c49692,18.57582,-10.639832,3
c49697,11.426515,0.068422645,0
c49704,4.8838816,3.0269234,0
c49711,-20.713064,14.007362,9
c49713,5.036919,-0.8511164,0
c49717,-35.743996,-18.48902,11
c49720,-51.51125,18.075163,7
p4503,35.53316,-20.419422,14
c49729,47.199337,-38.45449,17
c49739,56.190907,25.01645,6
p4504,55.06972,25.651627,6
c49746,-32.572777,-23.83186,11
c49748,32.13017,5.771839,13
c49753,-9.373525,-33.69769,3
c49754,38.627636,-27.975681,14
c49758,21.393763,7.7855253,13
c49761,32.43019,9.072599,13
c49763,57.595253,-43.371895,14
c49766,-49.669136,25.361624,7
c49769,-5.239708,56.691376,5
p4507,35.92789,-23.667479,14
c49779,-17.32805,2.3966932,9
c49784,36.151386,21.658928,13
c49787,-27.439102,-9.702922,11
c49791,-56.814007,20.369963,7
c49795,-1.7872725,-16.393852,3
c49799,-8.915597,-40.161785,3
c49810,30.10071,13.597956,13
c49814,30.067133,0.3937335,0
c49829,57.595127,-43.371895,14
c49833,-6.84709,-37.284664,3
c49835,-9.419792,-11.019791,3
p4510,32.434814,-18.35928,14
c49852,59.499096,-29.033506,16
c49855,-8.148538,-32.424114,3
p4513,-10.729038,-2.6562226,0
c49880,-55.215477,-1.582107,2
c49887,26.059765,6.808132,13
c49894,-36.969254,37.457954,5
c49904,14.279987,-6.454307,0
c49911,17.854408,2.1702535,9
c49923,-58.680065,21.43984,7
c49928,23.36266,-5.77957,13
c49936,20.655453,-13.071982,3
c49938,-12.00791,-6.3519444,3
c49942,15.487697,-62.55265,3
c49949,-27.58093,-23.239399,11
c49957,-29.4541,8.716301,3
c49959,-27.443594,7.029688,11
c49963,-32.843212,17.450981,0
c49964,8.101252,9.022083,0
c49967,47.001305,-11.36129,14
c49983,8.010597,-49.616905,3
c49993,30.55105,-57.3718,3
c49997,-5.4695725,57.53439,5
c50000,-14.608349,-2.8797064,3
c50001,-0.07683662,-19.348892,3
c50015,30.54177,-57.8599,3
p4523,-36.398075,25.121172,2
c50028,30.321102,30.690979,1
c50034,-31.072392,-1.8294352,9
c50039,30.898008,30.768345,1
c50043,-18.477667,8.511402,9
c50044,31.9322,12.101049,13
c50047,-26.90716,-18.406872,11
p4528,-5.2596536,23.923487,13
p4529,-30.289436,15.455049,3
c50053,-4.3853636,-44.203396,3
c50054,-2.9067194,-16.252312,3
p4530,-1.4766519,-29.42794,3
c50077,13.610647,-6.5637937,0
c50078,37.842648,-13.519409,13
c50080,29.304243,3.0860975,13
c50083,46.49001,-48.97337,17
c50085,-5.3005915,23.897888,11
c50090,26.231512,6.9573054,13
c50091,30.746458,30.741098,1
c50094,23.032553,-26.389677,15
c50099,20.43696,8.062167,0
c50103,-46.27634,0.9759045,3
c50104,66.24011,13.666597,8
c50105,64.57445,12.700594,8
c50114,-11.082499,-38.517025,3
c50116,-10.279389,-30.373447,2
c50117,21.387272,18.650623,9
c50118,-29.319984,-6.7415943,11
c50122,-42.35516,-11.211267,9
c50134,15.613769,-0.1982866,13
c50136,20.429848,8.123064,13
c50145,9.291291,-18.342426,0
c50156,-7.5288167,12.803422,3
c50162,1.4098102,-1.410127,0
c50171,2.3663232,7.5186625,3
c50175,-33.55339,-32.09017,11
c50178,57.59672,-43.371998,14
c50179,33.81027,12.056435,13
c50186,-29.206577,43.618073,9
c50188,0.6131937,-13.745144,9
c50190,-54.237194,23.74775,7
c50193,8.203489,23.644316,15
p4540,-8.515143,-40.165794,3
c50198,-26.26494,-10.37456,11
c50201,1.6440587,-4.2623525,0
c50202,4.3344154,-44.96688,3
c50203,46.225674,-10.735185,9
c50205,-9.161972,-22.738127,3
c50215,1.8439007,-35.62994,3
c50243,-55.67954,-1.7427357,2
c50249,-26.002861,32.878822,13
c50252,39.061516,-25.090794,14
c50256,-21.550076,-1.6749916,11
c50259,-4.9009066,-45.84905,11
c50263,38.881554,-4.4731345,13
c50266,7.3841405,-33.108883,9
c50268,-8.638062,-40.206047,3
c50270,-13.9986925,-27.430136,2
c50302,46.539783,-18.379427,14
c50304,41.22253,-10.514677,13
c50305,49.74075,-12.250954,14
c50310,18.285667,-11.754504,0
c50311,17.627361,-20.979305,0
c50316,46.52887,-11.999163,0
c50321,16.359222,-21.60119,16
c50328,0.5297748,9.184971,3
c50331,33.268925,40.81877,1
c50332,32.135075,41.903805,1
p4552,1.3799248,-19.16876,3
c50337,6.247872,16.619831,0
c50346,65.525826,12.405402,8
c50348,-6.536205,39.976845,9
c50349,-2.432559,4.5212994,0
c50357,-24.078362,-12.546665,11
c50358,-14.527716,-0.84624135,3
p4553,23.492445,-30.145685,14
c50363,23.598259,-30.030598,16
c50368,1.3073589,32.269596,15
c50373,3.4144819,-31.850786,14
c50375,-4.267787,-9.349129,3
c50387,12.525019,43.241478,13
c50389,-18.068605,37.69087,11
c50395,-11.823529,45.693417,15
c50399,35.615726,31.273125,1
c50400,30.064688,0.8783649,13
c50406,8.702666,-7.1218133,0
c50419,-16.605524,11.16436,9
c50440,57.61898,-43.37358,13
c50444,1.3811405,-19.26049,3
c50451,-6.630994,39.751186,9
c50458,-16.834175,-12.75683,3
c50459,-6.3078756,3.9658992,9
c50460,-9.110132,3.4809885,9
c50466,-33.48664,-15.906106,11
c50470,30.583233,13.301884,13
c50475,-12.795087,9.087755,9
c50487,16.459078,0.7668026,14
c50491,57.590416,-43.37154,14
c50494,-5.1220117,57.455246,5
c50499,-11.037793,-13.816674,3
c50504,-18.03596,-33.757565,11
c50507,-5.5170803,-14.777396,3
c50517,-22.585522,-7.800318,3
c50519,0.5313228,39.23257,15
c50524,6.0822163,-26.3438,3
c50525,-31.02356,-18.654716,11
c50529,42.04924,35.749744,1
c50536,23.304848,-2.9115295,13
c50542,-30.475687,-7.3094883,11
c50549,37.12771,-21.553616,14
c50552,-33.20611,-31.476429,11
c50555,5.0930595,-54.424187,14
c50563,-34.341873,-15.967249,11
c50569,-14.986478,14.621918,9
c50576,-4.458423,-17.210049,3
c50584,2.7294729,38.08385,15
c50586,61.75648,10.140393,8
c50592,27.67714,9.663846,13
c50596,0.20609772,29.62801,11
p4563,-22.913456,-27.499987,3
c50608,-21.426384,-27.795897,3
c50613,50.746475,-10.024295,13
c50614,4.72753,10.8673525,13
c50615,50.065933,-8.331443,13
c50616,-5.005749,-15.226212,3
c50621,50.155094,-12.016536,14
c50626,-0.7620906,38.73065,15
c50632,-32.519897,-37.817066,2
c50646,9.284509,17.687975,0
c50648,57.59498,-43.371895,15
c50658,-13.242662,-46.72073,9
c50662,21.776625,23.182837,13
c50663,-12.682438,22.067152,3
c50665,-5.8331447,8.870016,0
c50667,12.101184,-23.859215,0
c50676,48.88415,-13.944935,14
c50678,1.8157946,-43.498394,3
c50684,56.78378,25.21074,6
c50690,-34.820858,-3.2281756,11
c50696,15.609011,-11.2835,0
c50697,51.850536,27.944582,6
c50713,28.685146,-36.468597,14
c50716,-2.4090676,-25.186586,3
c50727,28.948698,-35.92887,14
c50733,-3.0260315,34.59243,15
p4572,-25.813608,-40.018097,2
c50734,-39.131737,-15.838879,11
c50736,-18.412804,-2.9322872,9
c50753,15.768726,-64.8223,14
c50755,-16.086033,6.991187,9
c50762,-2.691758,27.320328,15
c50776,-16.125694,7.0394697,9
c50780,-20.346596,-6.899907,0
p4577,4.7819114,-24.776075,3
c50788,33.129627,38.077106,1
c50789,24.76168,3.2987952,13
c50794,-0.39548036,-21.816547,3
c50814,15.212734,-25.312002,14
c50820,-8.51396,4.036387,3
c50822,11.854813,-3.9333932,0
c50827,25.195421,-5.840934,11
c50835,50.37555,-7.9191985,13
p4580,8.320377,29.576708,15
c50846,-31.478466,2.8236718,2
c50851,-33.74091,32.812607,2
c50852,1.0404806,2.7131293,0
c50855,-10.851241,-1.1373131,9
c50860,-6.884942,54.95583,7
p4583,12.200533,25.034431,15
c50861,-41.843567,33.416298,9
c50870,0.5872072,43.681736,15
c50875,-46.87897,13.676548,15
c50876,-10.261796,-25.705687,11
c50884,23.713787,6.5822663,13
c50886,31.890816,6.66044,13
c50892,17.850267,-62.473343,0
c50897,-39.22636,-19.806335,11
c50903,28.689249,25.873201,0
c50908,24.642069,3.1980374,13
c50914,-15.884925,-9.538985,11
c50934,0.84293216,31.477518,15
c50935,12.073044,-40.140247,14
c50947,42.917755,-17.319181,13
c50952,21.263596,-11.14396,14
c50953,-6.7677827,-39.982452,3
c50954,-5.949303,-6.0011272,3
c50955,-5.958022,-6.08826,3
c50956,-5.744462,-6.2626905,3
c50957,-19.878769,-2.3669796,3
c50964,-6.608849,54.903446,15
c50968,-4.2422643,21.335857,13
c50974,-27.181534,-0.4428211,3
c50981,-18.65522,11.06682,3
c50987,31.249113,7.209021,13
c50999,-12.102957,-14.85772,3
c51002,21.160744,23.626041,3
c51006,-13.862147,6.7818127,9
p4590,-2.47176,53.592575,3
c51009,23.246359,13.21108,13
c51010,14.150926,-23.26455,13
c51028,-29.204628,43.617413,15
c51031,6.175449,-28.455439,3
c51042,56.866657,24.765242,6
c51048,30.658758,26.74927,1
c51049,24.312824,1.075166,13
c51050,31.017008,11.554385,13
c51051,21.278831,7.505812,13
c51055,6.3981996,-13.967802,11
c51056,19.069683,-3.8599806,0
c51058,43.10208,23.612303,13
c51059,44.041912,23.549675,6
c51062,47.087933,-38.445766,3
c51063,47.21236,-38.455532,3
c51070,-49.536533,14.332019,7
c51072,-4.24451,39.713978,15
c51079,32.511253,9.329442,13
c51082,-1.4549301,-9.658139,3
c51083,-26.84489,-0.21202765,11
c51084,-13.881259,-19.39828,3
c51086,7.4498262,-10.410411,13
p4595,50.96617,-12.646757,14
p4596,50.745144,-11.656767,13
c51106,-0.6787959,37.545296,15
c51117,-7.7068996,-4.7486258,3
c51120,-14.003078,9.607049,9
c51121,-11.701433,6.2713213,9
c51129,-1.0392698,-18.231163,3
c51144,-12.750229,-13.694694,3
c51145,6.243862,-6.07147,0
c51148,-32.164955,16.4006,0
c51153,-47.58108,6.5635686,3
c51165,-32.1368,16.61043,3
c51190,35.086487,37.03481,1
c51194,2.646572,-35.693752,3
c51200,11.545518,-8.464732,0
c51203,16.511898,-15.63677,0
c51209,0.7101978,43.525677,15
c51220,40.00034,41.6057,1
c51222,45.0372,-21.530342,14
c51224,5.3125825,0.57292527,0
c51227,31.896896,15.70609,14
c51228,-13.397616,-14.665546,3
c51234,-27.636301,15.665887,0
c51235,-19.47389,45.4681,5
c51251,13.587742,-8.814381,0
c51253,21.714954,-6.267786,13
c51264,-37.12612,37.62896,0
c51268,-4.7068944,-49.69277,3
c51275,14.5704155,-27.44564,14
c51276,-1.9062376,-56.2624,7
c51282,5.737537,-11.669541,0
c51289,9.531552,-38.68575,3
c51291,-29.966145,-36.754482,2
c51292,-3.7393224,-48.537647,3
c51293,9.689652,-3.9131744,0
c51294,-36.157112,-34.81658,14
c51299,-25.549183,-35.856144,7
c51303,-38.356644,21.17902,11
c51305,2.8403785,43.07916,15
c51307,5.040782,-34.488976,3
c51308,3.9174225,-51.930885,3
c51311,2.199108,-33.96651,14
c51312,-38.601826,-22.32431,11
c51327,-25.692198,14.732284,5
c51330,15.47739,-5.880651,0
c51334,-33.36045,-12.170654,11
c51336,-32.47896,-36.881847,2
c51337,5.416706,-52.501125,3
c51340,-8.354298,-49.71269,9
c51341,-38.636173,32.00442,2
c51349,-28.61299,7.479103,9
c51350,16.639135,-14.434105,13
c51354,3.379977,-36.542385,0
c51375,-5.4196424,-49.84072,9
c51377,10.203996,-42.777447,3
c51378,20.1445,-4.29341,3
c51384,25.703133,15.549957,0
c51386,-10.800568,-44.649006,11
c51389,-16.51713,-6.9854045,3
c51390,-10.865791,-44.709362,14
c51394,-20.866278,-19.170467,11
c51395,37.092915,-8.407855,13
c51400,-22.99432,12.074498,9
c51402,-23.932098,-3.639031,11
c51403,-23.705496,15.594933,6
c51410,2.9146624,20.453413,9
c51417,34.769604,-20.119646,13
c51421,-10.897914,11.483514,13
c51431,-6.9551477,36.118645,3
c51442,50.745407,-12.422374,14
p4617,28.863981,-21.948421,13
c51443,25.805202,-0.20313862,13
c51444,33.197227,4.719578,13
c51447,12.219105,2.1390147,0
c51457,-37.301994,-2.8983293,13
c51464,57.59284,-43.37172,14
p4618,-43.338654,4.7444715,11
c51470,24.55794,-2.150506,0
c51472,2.5530143,14.074258,0
c51480,33.115562,36.551056,1
c51487,-45.936874,2.3623548,3
c51489,-44.257416,-2.406236,11
c51491,31.89046,11.962654,13
c51499,-1.1735599,-9.941435,3
c51503,9.144792,10.747466,14
c51504,-5.2879076,57.570522,5
c51507,-16.264658,7.740116,9
c51511,13.69698,-3.9519825,0
p4624,-18.534502,-36.10007,2
c51513,11.251534,-5.2098036,0
p4629,-5.8746853,-36.86907,3
c51518,-50.646065,17.885572,7
c51525,-31.155067,-1.7461765,11
c51533,-6.7288365,-37.472538,3
c51539,-30.433887,13.409088,3
c51550,18.06797,18.621006,3
c51551,-50.672356,15.836687,7
c51564,9.003922,-12.126113,3
p4631,-25.942915,28.803669,2
c51579,-47.381546,6.7422767,7
c51598,3.8186617,-15.360964,3
c51604,-29.206078,43.616177,15
p4633,-51.9247,19.47524,7
c51605,-37.257397,37.231113,7
c51622,9.352716,-28.757975,9
c51625,-54.221424,20.451757,7
c51633,11.975438,-19.019743,3
c51634,21.761787,9.320344,13
c51642,-63.700302,20.060583,7
c51649,-0.6183156,52.586647,5
c51651,-2.9109502,26.872566,15
c51653,66.334984,13.733109,8
c51663,-43.34051,2.0535827,3
c51668,-14.611792,-14.78194,3
c51673,31.197313,-57.40014,3
c51675,0.7254723,-9.846133,0
p4637,30.75229,13.75661,13
p4639,26.291601,36.124428,1
c51684,-6.988445,-15.677652,3
c51695,36.19575,3.0128644,13
c51702,-37.927105,-24.212475,11
c51704,52.055187,-6.5033236,5
c51707,-49.948704,25.223871,7
c51718,-5.578098,11.038185,9
c51720,-45.360886,-7.839398,11
c51721,-12.642164,-9.321696,3
c51728,-29.966156,-1.1424832,11
c51729,-29.382412,7.4379263,3
c51731,-6.718906,23.666847,2
c51732,-34.437122,-14.321386,11
c51734,-19.957893,6.7940645,9
c51736,-41.547623,8.255165,11
c51737,-3.6357381,-12.600913,3
c51742,-3.445493,57.126392,5
p4644,-1.9820457,57.445972,5
c51756,10.542014,-19.775026,3
c51760,-7.149587,-10.624087,3
c51762,-5.915346,-42.63529,3
c51766,57.61547,-43.373398,14
c51774,-54.588966,19.711823,7
c51777,-7.0378766,-38.174778,3
c51779,-30.162031,7.6627603,11
c51782,-32.90634,9.047328,11
c51790,-37.090977,38.121395,7
c51793,-43.972797,2.5976515,3
c51798,-30.584597,12.958415,3
c51804,16.403246,20.98447,9
c51805,-30.518122,12.916285,3
c51811,32.367493,12.439886,13
c51813,12.089659,28.341478,3
c51819,9.8224,-37.207344,2
c51820,-24.384277,17.864864,11
p4651,62.06188,-28.981392,16
c51823,61.92178,-26.142067,16
c51824,63.024605,-26.376421,16
c51826,62.548107,-26.061567,16
c51834,-58.41359,21.77875,7
c51837,-40.22633,-4.6251335,11
c51843,43.49287,23.16592,1
c51846,47.21683,-38.453785,14
c51850,35.66859,-14.440461,13
c51858,-17.08255,2.2847567,9
c51861,-6.586139,23.774637,2
c51863,-1.5731827,-18.853436,3
c51869,-3.0354583,-0.06556082,3
p4654,-31.440918,-43.957123,2
c51884,1.6730076,-15.145395,3
c51893,64.94954,12.061101,8
c51896,65.33603,12.279485,8
c51900,59.625957,-28.366821,16
c51908,61.10163,-28.071144,16
c51918,39.734608,10.644166,13
c51921,27.614874,-0.8766276,11
c51932,-19.628513,45.668446,5
c51939,-14.751365,9.315077,9
c51941,-15.468449,8.875282,9
c51952,25.812262,-35.421577,14
c51953,31.132618,0.55139315,13
c51958,-15.133003,-31.657394,3
c51960,-12.925358,-18.404478,3
c51964,-19.837425,24.839409,9
c51968,23.344336,-1.4661196,13
p4659,-44.436157,2.849567,2
c51973,-24.209534,-12.334978,11
c51977,-52.71582,18.705296,7
c51979,-52.498756,24.292284,7
c51981,-37.052116,37.34382,7
c51992,14.588613,-62.84225,3
c52000,-24.953354,18.496696,0
c52003,-24.943054,18.580692,0
c52005,19.651628,-47.798855,3
p4662,0.17246576,-54.236065,11
c52021,-10.733938,-22.695238,3
c52022,-23.301275,-9.505403,11
c52027,2.5639408,3.082711,0
c52030,14.09133,-24.315216,14
c52031,-16.785849,6.9200377,9
c52038,-22.73573,44.799946,5
c52039,-15.942877,3.3650525,9
c52043,-17.915604,1.4043169,9
c52046,-21.309433,1.1242824,3
c52047,-46.06661,2.6434202,2
c52054,-17.931732,8.525379,9
c52056,-16.133427,6.770058,9
p4668,-37.83358,-28.690168,11
c52061,-46.95756,1.6370097,2
c52068,-22.99,5.867484,9
c52075,53.039845,-11.7871,1
c52077,49.14563,-8.071979,13
c52088,-2.7200475,-12.875654,3
c52092,0.35833734,-2.380701,0
c52100,-5.3126583,56.505634,5
c52101,-5.301388,56.69841,5
c52102,-28.732756,5.8797593,13
c52108,34.495388,43.0125,1
c52112,-22.870852,40.458588,11
c52124,-20.560148,46.645817,5
c52128,-10.048383,53.73257,5
p4674,-4.208375,-43.080303,3
p4676,-10.575082,-11.094119,3
c52150,-30.194305,-14.302863,11
c52156,-40.382896,0.988323,3
c52161,4.197354,26.465048,15
c52168,32.717087,-10.153865,13
c52171,-24.877539,31.541508,5
c52174,12.485141,43.136684,2
p4680,5.0914197,-54.5171,4
c52182,7.9953623,-0.14347433,0
c52185,27.547535,-3.3994765,0
c52188,9.232835,-4.0319366,5
c52194,67.12245,-11.919999,4
c52198,-22.887495,40.477467,11
c52199,37.523193,3.529888,13
c52202,2.1323497,-11.866482,3
c52208,0.08213073,-42.647957,3
c52209,-13.052687,-24.437855,2
c52210,-32.786694,-11.981071,3
c52213,0.98931485,0.15351956,0
c52215,-19.144384,29.178442,2
c52218,-32.1695,-37.515373,2
c52224,67.7307,-12.086768,4
c52225,68.78983,-11.285849,4
c52231,66.17633,-12.0216055,4
c52238,-10.482416,50.69067,5
c52240,-43.30503,1.966623,11
c52247,67.27198,-12.987973,4
p4683,-31.114206,-5.8329825,11
c52258,44.56315,-9.549188,13
c52259,14.03137,-39.38723,14
c52265,40.529465,-25.691557,14
p4685,-28.642857,12.170336,3
c52283,-15.059258,-31.731716,3
p4687,21.739994,-18.371458,13
c52303,-3.7808702,-26.780924,9
c52306,19.188711,-3.905766,0
c52307,-14.580274,-24.019236,3
p4689,19.431707,41.51134,5
c52318,-10.133566,24.049252,9
c52319,-9.564438,-7.8726397,0
c52326,-36.140224,37.93579,2
c52331,40.93149,39.81022,1
c52335,-26.738266,-1.369709,11
c52340,55.12657,26.045765,6
p4693,2.324432,32.35124,15
p4695,4.983189,-35.229187,3
c52359,5.4437537,-0.393457,3
c52375,5.0201755,-34.519424,3
c52381,2.8964286,-54.207035,3
c52387,4.6825128,-39.533607,3
c52389,-6.7544026,-41.547455,3
c52405,-11.343911,18.334337,9
c52410,-35.509953,31.464596,11
c52412,3.4657876,-16.43925,3
c52414,25.122236,-12.869279,0
c52417,-16.028141,-1.8922813,9
c52419,-43.95198,-16.592422,14
c52425,11.324309,0.0076162014,0
c52426,27.179949,20.634884,0
c52428,1.7348455,31.458918,15
c52435,-52.696854,18.810776,7
c52436,-43.385925,6.9309335,11
c52437,-43.337513,1.7640882,3
c52440,33.844154,-4.244777,13
c52462,1.526832,-31.010954,3
c52463,1.3467989,-31.34011,3
c52475,2.0328405,32.395344,15
c52482,16.231958,-9.237394,15
c52492,-31.248732,32.409546,2
c52503,3.8411112,-45.108387,3
c52504,-3.9130774,34.270924,3
c52506,1.7104192,38.549713,15
c52510,-4.528392,41.58947,15
c52527,-23.949524,-9.828738,11
c52533,-20.58936,3.6339989,9
c52536,-17.426367,-4.075081,3
p4706,16.569075,-39.772457,14
c52538,9.487863,2.9235046,0
c52545,-35.318268,-7.1536846,11
c52548,22.101788,-0.3116303,13
c52553,-8.376918,33.918236,9
c52554,-39.761795,-26.38538,11
c52565,-17.196129,-10.122215,3
c52566,-16.270288,3.6558838,9
c52577,-46.800434,29.779085,7
c52580,-43.755146,27.22545,7
c52581,-12.279592,4.3357964,9
c52584,5.392718,-33.270004,3
c52588,4.843526,35.644802,15
c52591,4.485926,26.036934,14
c52594,3.1717134,31.690159,15
c52598,-26.472643,-7.1074934,11
c52600,-2.9329138,37.129642,15
c52604,4.785471,15.918446,0
c52609,26.48673,6.9017377,13
c52621,19.566732,15.696973,13
c52631,-22.766079,-13.573333,11
c52640,24.044966,16.521725,9
c52641,18.471716,3.6429408,9
c52642,23.000343,16.139193,13
c52644,57.611942,-43.373146,15
c52645,-5.1500654,36.247498,3
c52658,29.799152,12.365741,13
c52666,-13.122158,-29.388332,3
c52673,-41.08468,13.389102,12
c52674,-4.7906084,16.69916,12
c52679,18.584982,0.6042252,3
c52680,13.922776,-15.993908,13
c52682,36.522034,44.182358,1
c52685,-8.614864,-26.565632,3
c52712,36.114075,-25.798168,14
c52729,22.023943,37.19494,6
c52731,14.041043,-31.478403,14
c52739,-29.572914,13.309972,3
c52740,13.013473,13.962607,15
c52750,0.9381898,-17.777536,3
c52753,-44.46855,3.977578,9
c52759,29.956038,10.703554,13
c52763,-3.5171483,57.60785,5
p4720,-2.45456,25.554983,15
c52773,0.74539894,31.631496,15
c52779,-5.6208982,36.524708,15
c52781,24.292208,-25.13413,14
c52783,50.9297,-8.9652,13
c52786,51.64861,-7.5138826,15
c52791,49.830444,-11.666411,14
c52795,-20.809929,12.327504,3
c52796,-45.41653,5.4913807,2
c52808,-5.252033,57.479774,5
c52832,-2.5679238,23.979963,3
c52835,-32.589325,-5.1127,11
c52840,1.3350562,-56.33892,13
c52841,15.476698,-26.626738,14
c52842,31.63449,14.4945965,13
c52848,51.68923,-9.226752,13
c52850,44.5294,9.455276,13
c52858,8.592549,5.2197595,0
c52861,30.139467,14.021096,13
c52868,-54.886723,22.651848,7
c52870,12.962373,-38.00864,14
c52873,-15.292375,-38.083935,3
c52874,-13.717467,-20.971415,3
c52877,54.686947,26.545826,6
p4726,35.94161,-22.529022,14
c52882,-22.524597,-35.76654,13
c52883,18.6313,3.6211956,9
c52889,35.554127,37.090023,1
c52896,45.65908,-15.629481,14
c52902,32.99295,-16.212078,13
c52906,-52.36919,19.242657,7
c52916,-24.236925,-5.185644,11
c52918,-19.205194,-7.5192575,11
c52926,29.399609,-2.7665622,13
c52927,-12.86831,-2.9677193,0
c52935,3.6122153,42.0966,15
c52938,-51.90781,18.887995,7
c52947,25.796936,6.651239,13
c52951,30.18203,14.4682455,13
c52952,-17.595295,-31.562363,2
p4729,-2.286262,-35.50616,14
c52962,-0.18043089,38.738506,15
c52974,-22.66003,14.003374,11
c52975,-23.71994,15.603419,6
c52978,-23.687675,-8.813297,11
c52987,-32.425877,-12.433486,11
c52994,11.2381115,-39.64916,14
c52996,32.002144,9.964997,13
c52999,-54.993984,21.121897,7
c53004,-15.44467,17.648386,3
c53008,-51.992485,19.630503,7
c53015,13.809464,-20.327036,3
c53025,-20.673151,3.903057,9
c53033,-48.69645,23.987679,7
c53035,25.833916,-0.18505226,13
c53036,-41.337124,-2.9787948,9
c53041,-3.4754226,27.96179,15
c53048,-20.851707,27.631702,2
c53067,15.631596,63.94325,12
c53069,15.095552,62.01164,12
c53088,2.7537484,-11.407418,11
p4734,5.292102,-25.256886,3
c53103,-21.228075,28.757393,2
c53105,-36.52735,-11.111015,11
c53111,-9.916242,-13.939147,3
c53124,3.9201458,39.09995,15
c53129,-45.14633,3.3218641,9
c53132,-40.36975,-21.63457,11
p4739,2.0389776,-55.172577,3
c53147,-31.415668,-16.299164,11
c53150,43.450394,33.883022,14
c53153,38.88084,-4.7873583,13
c53154,27.360249,-21.87895,15
c53155,33.52273,-16.567726,13
c53157,11.251095,-3.4783754,13
c53168,27.953747,3.7210171,13
c53176,7.346122,-7.2227707,0
c53177,-41.439007,13.046397,11
c53180,-51.41715,14.812685,7
c53182,-5.926363,-42.67536,3
c53184,-12.636399,-3.302619,3
c53186,-1.190919,-48.891567,3
c53193,2.7451186,25.901606,15
p4742,29.793848,-23.088427,14
c53198,54.815464,26.831055,6
c53200,56.1204,24.924768,6
c53209,-2.18762,2.2446077,0
c53213,-44.933453,-17.319405,11
c53223,-51.731174,0.22070973,2
p4745,43.494038,-49.28108,17
p4747,28.026972,30.313278,1
c53238,-10.5136,-8.52368,3
c53242,50.9763,-13.804335,14
c53244,14.842799,-46.34498,14
c53250,29.99655,10.675642,13
c53254,-38.4806,-21.38883,11
c53257,24.318787,-9.262296,9
c53260,-25.044462,-11.128522,11
c53264,-24.21783,-10.243064,11
p4752,53.821274,2.648076,11
c53281,-4.0243363,39.36366,15
c53293,36.21037,-25.92171,14
c53296,-6.9713206,-6.5544786,3
c53307,-1.4112157,-9.176061,3
p4755,35.240124,-22.220594,14
c53315,-56.18755,0.3479236,11
c53318,-28.228535,-13.733632,11
c53322,-13.779635,-6.655017,15
c53343,2.786225,-5.7654467,0
c53345,-14.936508,21.685625,15
c53348,-57.483456,20.990189,7
c53353,33.667236,-18.75856,13
c53356,-12.09695,8.010914,9
c53371,34.83859,-16.252071,14
c53377,-13.705788,-5.047454,3
c53381,70.483765,0.87513137,2
c53383,-36.704773,37.750984,5
c53386,23.961739,22.344156,13
c53389,5.2666197,3.49444,0
c53399,29.502647,-6.864007,13
c53401,34.534412,4.8972297,13
c53403,32.964108,-5.4869394,13
c53404,32.904842,-5.698521,11
c53409,6.0085855,28.350603,15
c53412,0.7790922,-6.158836,3
c53415,26.312649,-1.9344224,13
c53429,-27.560091,-2.2208848,11
c53431,-28.24671,-3.0967932,11
c53440,-6.022712,35.34508,3
c53443,-14.824055,-38.922913,3
c53444,-15.182619,54.20673,5
c53446,-23.958473,-7.3109856,11
c53447,-50.64035,0.34300208,9
c53451,-16.919579,45.036926,5
c53454,-18.96561,-15.523937,3
c53455,-30.530155,-14.498567,11
c53467,-8.624437,-49.63596,9
c53470,44.45828,-9.228767,13
c53472,44.590416,-16.181417,14
c53473,-55.826546,19.798975,7
c53474,8.408545,-4.5457234,0
c53481,-6.746605,-37.37115,3
c53485,3.625819,15.447294,15
c53489,-44.459774,-17.454586,11
c53490,24.094381,24.46674,3
c53499,4.018457,-23.966066,3
c53500,3.7556107,-23.59247,3
c53503,-16.769756,8.232993,9
c53505,-55.327465,20.309803,7
c53510,-4.697411,-16.147749,3
c53527,34.59959,-19.611889,14
c53539,34.67003,-13.103977,13
c53540,1.0025321,-22.215107,3
c53543,30.543787,-0.1601082,13
c53547,30.34506,-5.8336573,13
c53549,36.56345,30.541077,10
c53551,-26.851627,-0.16434611,3
c53553,-23.985914,-20.115917,0
c53561,-7.4030104,-19.716856,3
c53564,27.792301,-3.2513425,13
c53565,28.309853,30.247438,1
c53573,41.752083,0.93678516,13
c53578,24.336927,-26.278107,14
c53581,-14.9418,-3.6289666,11
c53583,-23.16351,-9.565187,3
c53586,-31.331503,-16.143007,11
c53592,-20.505466,-7.17167,11
c53593,-31.283794,-1.5670642,11
c53595,-0.22538847,3.4388807,0
c53598,-31.499407,-1.3769588,9
c53600,-31.040703,-3.666458,2
c53602,-40.966106,-15.495639,11
c53603,-61.33647,22.626135,7
c53606,-45.20153,-16.911047,0
c53607,-45.130013,-17.317757,11
c53614,-33.658215,38.503624,9
c53619,15.684652,-20.38775,9
c53620,9.092016,-36.260902,3
c53626,35.266987,-1.4821064,5
c53630,-27.906475,19.037125,0
c53634,34.255405,-14.292855,13
c53637,-59.752525,18.935204,7
c53641,34.126453,7.8906193,13
c53643,-22.361443,-11.10741,3
c53646,-20.928051,-16.503405,3
c53650,-16.685192,-29.965357,11
c53654,-36.047287,-1.7229841,9
c53656,-5.6383586,43.638046,9
c53661,-11.969234,-43.103436,3
c53666,-5.858338,-36.446564,3
c53668,-15.262354,53.981373,5
c53669,-37.02259,37.468945,7
c53670,-15.704869,53.40151,5
p4781,-27.756384,-33.54082,2
c53678,-16.640696,-29.92865,3
c53682,-10.037861,-24.202639,11
c53683,24.582373,-26.92179,15
p4782,36.0442,-25.598743,14
c53685,26.461637,-21.520395,14
c53690,-38.95969,-9.018269,11
c53691,12.070613,-0.86214525,0
c53694,1.8730023,-1.0619076,0
c53699,-22.236286,-19.826542,11
c53700,-29.478405,8.679986,3
c53704,20.440872,8.41029,0
c53706,-59.747196,18.962276,7
c53707,-20.908888,-16.464529,3
c53708,-8.153034,18.350672,9
c53709,-29.148037,14.806405,0
c53711,-16.3771,5.7451286,9
c53722,-13.248956,13.97626,9
c53725,-9.034569,-38.379406,3
c53744,-3.4251897,37.32382,15
c53746,-55.786636,20.34715,7
c53748,-3.7501092,-2.0382514,0
c53752,-29.216654,14.845229,11
c53757,-19.178843,-7.531806,0
c53768,35.370586,5.924961,13
c53780,23.059788,-9.742631,13
c53781,-3.407567,39.507248,15
c53783,-22.266867,-7.273318,11
c53787,-39.69561,-9.554635,11
c53788,-16.044437,44.50949,5
c53789,13.720296,-24.550776,14
c53793,-25.078218,-23.155293,11
c53796,19.652239,9.643137,0
c53799,11.155394,-33.33584,14
c53806,-23.659061,-11.773899,11
c53816,12.365955,-13.504968,3
c53817,1.8536929,13.823163,0
c53818,-21.897497,-4.175507,0
c53819,-5.179201,41.28992,9
c53821,-4.688837,22.252827,2
c53828,-46.946342,1.7749693,3
c53829,-36.064293,37.887207,11
c53834,40.848064,-22.055105,14
c53838,-12.840275,25.952986,3
p4795,6.23946,1.0136484,0
c53857,12.65337,1.1350588,0
c53858,-3.995442,13.919207,9
c53865,-57.902615,18.237303,7
c53868,-38.718452,-11.392996,11
p4797,-10.428807,0.7447621,0
c53884,-5.0878124,-4.8823643,0
c53886,6.555726,-57.472584,14
p4798,-29.052675,17.75051,0
c53887,-22.135094,4.72076,13
c53895,-8.272042,40.41932,9
c53901,-16.153246,47.595016,5
c53902,-16.180119,12.997633,9
c53905,-4.5261035,7.0033193,11
c53911,-1.3647211,-20.080162,3
c53918,26.55228,1.0699738,13
c53922,12.934079,-29.91447,3
c53946,12.129071,17.257433,0
c53949,-27.899536,4.410993,11
c53951,14.386092,-32.94844,3
c53957,34.38943,36.481667,1
c53963,-5.2081237,58.907852,5
c53967,-45.55964,4.1906915,2
p4801,20.049381,-39.287373,14
c53972,35.65018,-7.7778974,13
c53973,3.250529,-13.314946,3
c53979,-36.2537,38.017673,7
c53981,69.56623,0.61330056,2
c53988,-20.995405,-9.045823,3
c54004,14.218055,-26.873627,14
c54006,8.061336,3.6358428,0
c54016,35.130054,-6.43312,13
c54017,34.403984,-8.5678,13
c54024,19.957945,-17.704905,9
c54025,-3.8823645,-44.5839,3
c54026,-25.572021,-27.203197,11
c54027,17.12843,-5.3453007,0
c54029,-22.27766,-24.00781,11
c54032,-22.110874,-24.321394,11
c54037,-3.167284,-16.190924,3
c54038,-43.993565,22.266922,11
c54041,-22.26138,48.116894,5
c54044,-26.035833,-27.585312,11
c54050,-43.228626,4.6781626,11
c54051,8.097786,34.874958,15
c54054,-17.130524,-8.590211,11
c54059,33.123848,11.984844,13
c54072,31.979753,17.852533,13
c54074,-38.406143,17.711905,2
c54082,33.395218,13.197725,13
c54085,-10.272239,-21.927551,3
c54086,50.932755,-4.256957,14
c54092,50.407955,-10.11962,13
c54099,16.715437,-62.526775,9
c54101,-10.127764,-22.10817,3
c54106,6.1032405,1.6216441,9
c54112,24.052013,-13.265171,0
c54117,-3.2457664,-13.895967,3
c54119,-15.034958,21.672836,15
c54125,-21.753355,-20.192965,3
c54127,-30.624392,-2.3870711,9
c54131,43.52839,-50.638084,17
c54132,27.665234,-30.713112,14
c54139,14.566117,-25.021145,14
c54140,7.8389454,-22.544159,9
c54146,-5.0960803,-5.896683,3
c54153,8.535792,-10.448146,0
c54154,-3.729642,29.097933,3
c54157,47.212925,-38.455456,3
c54164,-36.96961,37.47391,7
c54178,9.486481,-3.496224,0
c54181,6.5200453,-12.649187,4
c54182,10.638349,-2.6053648,0
c54186,18.408186,-57.013424,3
c54191,69.7241,-13.040598,4
c54192,69.725914,-13.045975,4
c54194,69.70907,-13.041548,4
c54195,69.671814,-13.032576,4
c54199,69.68932,-13.051621,4
c54200,69.65684,-13.033941,4
c54201,69.64893,-13.029788,4
c54208,-5.770551,43.77069,9
c54210,-0.20341842,40.86127,15
c54212,-17.220572,-8.615882,11
c54215,21.083118,5.3664203,13
c54220,15.168311,-10.383127,13
p4818,-5.004628,54.611805,11
c54228,-26.400778,-2.1853588,11
c54233,-16.386503,7.1459837,9
p4820,-4.53767,-42.66972,3
c54238,-19.240759,-10.726898,11
c54242,-16.97462,-8.548227,11
c54256,15.297287,25.177826,0
c54257,42.68007,23.647497,13
c54259,-30.218897,-28.873014,11
c54260,26.953575,8.865182,13
c54263,-7.0261993,46.121002,15
c54264,32.52631,-17.029688,13
c54267,42.14333,35.77024,1
c54269,10.055257,-45.515644,3
c54270,38.79599,-30.180805,14
c54271,69.674164,0.675657,2
c54275,10.963658,1.2830815,0
p4821,44.19226,-19.587646,14
c54280,18.007744,-62.30532,0
c54285,0.550313,8.352341,0
c54286,-52.511803,-5.609649,3
c54287,15.50729,24.37504,15
c54294,-4.8997965,56.1267,5
c54304,-61.301422,22.605953,7
c54307,43.231846,13.266935,10
c54308,18.948872,0.70816165,3
c54309,-37.704002,-15.283897,11
c54323,-6.6362214,-41.378918,3
c54325,3.0731432,31.691914,15
c54327,29.598083,-57.343044,3
c54339,-3.8604755,56.250526,9
c54345,70.67058,0.94836813,3
c54347,-34.834785,0.387983,9
c54361,-2.9008572,3.103055,3
c54365,-2.1772664,-42.433617,3
c54366,-2.8593714,37.03984,3
c54368,-2.6195824,56.180492,5
c54372,56.221268,24.013361,6
c54374,54.774345,24.747797,6
c54385,17.344675,3.0576441,9
c54393,20.817522,9.234595,13
c54414,-9.434449,-7.000565,0
c54421,-14.886616,17.721869,3
c54428,-16.961119,41.736908,15
c54431,11.761177,16.313719,2
c54438,-12.984816,-15.651157,3
c54450,27.954859,-2.2781029,13
c54459,-44.45235,27.631794,7
c54461,-29.640467,-17.457,11
c54464,-21.836128,-6.601627,9
c54465,-0.6328831,9.823825,0
c54468,0.6161094,30.896736,11
c54469,-33.45116,-11.346613,11
c54471,46.775463,-8.795407,13
p4835,1.9563849,-5.610614,0
c54488,1.6631633,-5.4941773,0
c54496,-23.70166,-9.992825,3
c54504,-38.763702,40.070602,7
c54505,-15.338981,21.57277,11
c54506,69.47579,0.5835492,3
c54507,35.023865,-1.6179314,13
c54514,15.548482,65.24793,12
c54521,21.430412,11.952873,13
c54522,4.964574,3.6738396,0
c54524,-24.950989,-11.174636,11
c54533,-30.631699,-8.893847,11
c54545,1.9149458,-37.3817,9
c54546,22.051123,-27.645727,14
c54547,4.7560606,-51.812355,3
c54554,12.164168,-42.601475,14
c54556,3.0573218,6.240729,0
c54564,-42.704678,25.90777,7
c54565,-38.78604,-7.76992,3
c54566,-37.76606,-15.221652,11
c54572,-43.92293,-29.207726,2
c54575,11.840322,16.304974,13
c54576,-44.116947,-29.81439,11
c54577,-11.443422,-19.153448,11
c54580,-19.609154,7.7301254,9
c54582,-18.581367,8.773078,9
c54588,-23.88988,-22.996761,11
c54598,33.303524,4.8263974,13
c54600,29.416117,-11.730972,13
c54601,-1.5800792,-12.440776,3
c54603,30.069187,-16.110569,13
c54608,-4.1705112,-47.09359,3
c54616,-20.035902,-25.951138,3
p4846,-13.819859,21.874285,15
c54625,-19.113495,34.95757,9
c54629,-1.5258793,35.637383,15
c54630,-1.3051761,38.122524,15
c54631,-2.0516155,37.9299,15
c54644,-47.526077,17.732574,7
c54651,-15.656516,10.53557,9
c54653,-51.370407,17.87938,7
c54655,-13.400179,-16.841179,3
c54660,-12.6569605,46.35807,5
c54661,35.35946,33.01929,1
p4849,36.11053,38.591988,1
c54664,4.826593,-54.409325,3
c54666,25.83926,-2.217792,13
c54668,23.882086,15.429577,0
c54677,-52.014954,13.941924,7
c54678,-5.847372,41.47591,9
c54688,-41.582325,4.5171647,2
c54690,-0.33460256,37.73377,15
c54693,1.4917533,16.00576,3
c54708,-10.358292,3.0260718,9
c54709,70.42606,0.86390287,2
c54710,47.20082,-38.45473,17
c54716,10.513575,-12.437526,0
c54721,2.515556,-51.54278,3
c54739,21.44668,18.69719,2
c54750,-4.7976565,50.46925,13
c54756,-1.3897732,37.6427,15
c54763,44.813015,-20.94075,14
c54766,-30.224682,39.355824,11
c54768,-30.224682,39.355824,11
c54772,17.753649,-45.452354,14
c54774,7.5761795,-5.7813654,0
c54776,26.02403,-24.47475,13
p4857,-4.410901,-44.919624,3
c54783,51.142925,-12.782687,1
c54793,49.812916,-10.113911,13
c54806,-30.47862,2.148586,2
c54810,-38.35661,-21.931498,11
c54815,5.0017858,-54.632954,14
c54817,10.425661,-54.950657,17
c54822,-37.209484,-15.74994,11
c54829,-0.3270417,38.683346,15
c54836,46.05579,-17.470366,14
c54851,15.268175,61.793236,12
c54865,30.301826,20.703508,1
c54867,-23.9996,2.1701276,9
c54870,0.5490668,47.839638,15
c54877,-25.628069,-37.11555,2
c54883,-19.015686,5.774719,9
c54884,-18.746487,-19.837706,3
c54889,-2.5905075,-16.942488,3
c54896,55.7292,24.482128,6
c54930,47.212543,-38.45555,3
c54934,-0.56167084,3.8270738,0
c54938,19.709852,-11.846797,11
p4868,28.56497,3.1768234,13
c54941,-15.19124,40.60674,15
c54943,-4.7824035,45.503304,15
c54945,27.060184,-37.353355,14
c54950,31.503323,-13.675767,13
c54957,-19.18375,-9.712299,3
c54968,22.428164,24.79946,13
c54972,19.058056,-36.99999,14
c54977,-10.589699,2.2055244,9
c54978,-35.968655,-22.565504,11
c54979,5.7801547,-11.363409,0
p4875,-0.5588563,29.520445,11
c54990,22.104158,-24.952127,14
c54997,5.9199824,-11.649761,0
p4877,38.191967,-23.122538,14
c54999,-27.33207,-12.185221,11
c55005,-9.765903,5.2094493,9
c55006,39.610126,39.987827,1
c55013,-26.722534,0.2833507,3
c55019,12.206989,25.348427,11
c55027,43.183254,-25.603674,14
c55028,25.722721,-39.223175,14
c55033,37.592796,-26.799603,14
c55037,-44.132328,-13.133441,9
c55041,13.7074585,-2.7134519,0
c55047,-41.741993,-20.482412,11
c55049,14.143891,-41.164448,14
c55056,3.2470133,27.55123,13
c55058,2.8632002,-47.107628,3
c55059,-43.75783,-13.4089985,11
c55061,51.00384,-8.065376,13
p4882,35.92982,-23.634079,14
c55073,26.787346,-14.931967,13
c55075,38.9922,38.934673,1
c55080,-5.1748366,54.5061,3
c55082,-26.49477,-11.653278,11
c55084,-38.36727,-16.11853,11
c55086,-3.1848063,-16.188358,3
c55107,13.149482,61.63991,12
c55108,15.355854,61.95449,12
p4884,8.118526,-10.129397,0
c55109,2.936086,-19.398363,3
c55110,25.845778,14.178934,13
c55111,-22.43109,6.5927434,9
c55113,-48.598534,17.89051,7
c55117,-44.93535,2.4631245,2
c55120,47.20082,-38.45473,17
c55129,5.587571,-2.3622851,0
c55130,-6.627685,-11.72178,3
c55134,-37.238453,-15.767846,11
p4887,35.859,-23.48866,14
c55139,-25.148443,-32.923855,2
c55143,3.6112614,-55.99344,3
c55145,-6.1607566,-17.179739,3
c55151,-29.514175,-17.540737,11
c55153,6.4108763,-1.1080518,0
p4889,-20.832655,40.741833,11
c55169,-43.10966,9.443289,11
c55174,28.693747,40.628014,1
c55176,0.26639447,38.616737,15
c55180,33.316196,4.8729043,13
c55183,-43.53416,-12.425806,11
c55189,-4.8703694,42.14557,9
c55194,-9.0653305,5.9372997,9
c55199,-4.685514,-23.90342,9
c55201,-1.7821224,54.669983,0
p4894,34.92912,-4.088707,13
c55203,40.874035,-2.3105137,13
c55210,13.135253,59.24954,12
c55223,24.310146,-2.98121,0
c55224,-11.991555,5.554602,9
c55233,-23.53203,49.24379,5
c55236,44.574783,-18.92869,14
c55238,-21.236748,-25.779116,11
c55240,41.87151,-6.7140636,0
c55248,14.308738,9.231595,15
c55254,-1.9958166,48.419643,15
c55257,28.35251,7.4496346,13
c55267,55.777576,25.778185,6
c55269,44.877934,-11.672833,0
c55272,45.83126,-10.100973,14
c55277,-28.353699,-9.592226,11
c55278,-26.783175,-15.260652,11
p4903,43.592335,-49.45962,17
c55283,30.663593,15.254416,7
c55285,37.92171,40.96496,1
c55293,-27.002153,-10.448419,11
c55294,-27.503906,-15.200961,11
p4904,33.11411,-14.501556,3
c55303,-20.23654,-11.430483,3
p4906,51.80049,-9.031474,13
c55305,50.086964,-12.143705,14
c55310,17.494114,-64.11609,1
c55311,30.311056,-16.2147,13
c55313,-22.743263,53.653046,5
c55314,45.3572,-51.09654,17
c55317,47.20082,-38.45473,17
c55326,0.79032725,53.57672,13
c55334,-14.846853,-7.057816,11
c55338,-2.473856,24.59801,15
c55341,-55.1003,1.8286467,3
c55346,38.0419,40.98323,1
c55365,-9.276704,-17.759827,3
c55368,-43.19476,27.548824,7
c55369,4.1251245,-12.392602,0
c55371,-55.18044,27.644472,7
c55372,-1.5640041,-18.937737,3
c55376,4.886891,20.786148,3
p4917,-15.272833,-12.21679,11
c55383,-23.071396,5.3141456,9
c55386,-23.722242,-1.3796456,3
c55387,-54.2094,-0.7789908,11
c55393,-42.97892,25.61942,7
p4919,13.270423,57.857445,0
c55401,-8.963681,-18.132908,3
p4922,32.6923,-24.324951,3
c55402,-44.972603,-1.1622201,11
c55415,1.5905851,1.2094713,0
p4923,-32.51891,1.634399,9
c55422,-57.385033,20.54682,7
c55431,-40.141453,42.985973,13
c55433,0.9698678,9.07424,0
c55434,14.109702,16.852232,3
c55435,-15.229345,-12.420233,3
c55436,-25.157959,-1.5148338,3
c55439,18.61525,-1.5708463,14
c55440,40.357204,41.85111,1
c55443,-21.790718,16.092426,9
c55462,14.5847435,15.167879,9
c55468,28.725103,-20.653713,13
c55475,-1.2934293,9.502834,0
c55477,33.30813,4.778403,13
c55480,13.991883,-20.150152,14
c55488,-16.565332,3.7421625,9
c55489,-34.297897,-16.689812,11
c55490,-26.972708,16.981636,3
c55491,14.728557,15.142193,0
c55494,14.655678,15.048901,0
c55506,-3.1554995,-22.010551,3
c55508,16.067213,13.888203,13
c55519,7.4197335,12.423378,0
c55522,-47.16169,2.655126,3
c55524,-4.9233274,54.516422,11
c55525,-42.834694,-13.707318,11
c55531,-52.724525,-1.1936522,3
c55538,14.639888,15.15982,5
c55545,-2.2578392,-25.872816,3
c55547,36.98775,39.9858,1
c55551,-4.7213864,21.378756,2
c55553,-37.946983,-28.869196,11
c55558,-9.08432,-17.955898,3
c55563,3.9695296,0.017686173,0
c55567,39.491856,-2.891413,9
c55568,31.883738,-14.550591,13
c55576,40.243988,40.916077,1
c55577,19.927261,14.124122,13
c55606,-18.609005,6.640162,9
c55629,40.51778,-16.690784,14
c55633,3.4106603,10.751576,14
c55635,4.8514733,9.314361,0
c55639,-41.226234,-15.3936825,11
c55643,-30.421986,32.539196,2
c55648,-33.3392,-21.844835,11
c55652,-22.048475,-15.3776245,11
c55653,-40.74063,-15.085777,11
c55654,-38.515167,6.6717763,11
c55655,-13.869196,-9.271187,11
c55659,39.810394,-17.79542,14
p4941,1.5617098,43.030884,15
c55664,-43.697807,2.4010704,2
c55665,33.80186,43.003315,1
c55675,-38.23887,-1.3520341,2
c55677,-16.638832,-29.753878,3
c55678,-37.43835,-11.266557,9
c55680,7.668209,-43.64319,3
c55692,-26.18772,-2.161012,11
c55696,-46.528366,1.6781315,2
c55697,31.402725,-1.025371,13
c55702,4.4481583,10.675972,13
c55717,-28.124748,-36.255352,2
c55719,-26.788675,-0.32402918,3
c55723,-28.366817,18.406311,0
c55730,70.910995,0.9971937,3
c55748,-51.336372,19.126698,7
c55754,57.62416,-43.373936,0
c55772,38.747227,-29.027586,14
c55784,-28.283018,-38.61576,2
c55786,3.750216,14.545679,0
c55790,30.305403,39.177326,1
c55798,17.151033,61.79203,12
c55805,12.982426,64.38579,12
c55813,43.78514,-14.675119,14
c55829,21.033167,9.245824,13
c55831,-19.249763,6.2693944,9
c55833,14.145583,16.859404,13
c55838,-9.075499,-24.591513,3
c55844,-24.239279,-7.479388,11
c55845,-23.741783,6.452997,9
p4952,39.85354,-25.91527,14
c55852,14.487289,-39.694183,14
c55866,27.077202,4.499809,13
c55881,16.56126,20.900444,9
c55882,-35.083565,-12.141778,11
c55884,-36.86802,-1.4799738,9
c55888,18.697033,41.232803,5
c55890,17.348015,-64.295906,13
c55892,48.40365,-9.308434,13
c55896,-3.808492,11.521318,0
c55903,9.547805,5.9616218,0
c55905,3.4743073,38.905148,15
c55909,17.909273,-23.656954,14
c55915,-58.097347,20.706467,7
c55918,-23.779716,16.43801,3
c55926,14.153732,-5.0173006,0
c55929,20.827883,-26.58386,2
c55930,31.241888,37.111816,2
c55933,12.027321,25.49989,14
c55934,-37.15618,-12.822688,11
c55935,4.5865645,-46.025986,3
c55950,62.372517,-27.24073,16
p4961,13.0755825,-40.981853,14
c55959,14.132046,26.030075,14
c55965,-8.286891,1.5777867,9
p4962,-8.4120035,8.938028,3
c55982,57.19783,24.203129,6
c55984,56.199566,24.321815,6
c55985,39.414623,38.230476,1
c55993,-61.373363,22.639683,7
p4965,27.401127,-11.387552,2
c56004,-38.90305,-7.7393827,11
c56018,-36.308594,1.4247735,9
c56025,-57.822803,19.27065,7
c56027,-5.5242467,-32.997215,14
c56028,-29.296896,-11.165114,11
c56030,-42.095676,3.278092,9
c56031,24.92701,-34.657295,14
c56046,58.921947,-29.360233,16
c56047,59.026623,-29.693523,16
c56050,58.70431,-28.688105,16
c56060,-48.56358,-2.5539918,11
c56062,15.617996,-63.93623,3
c56066,57.612686,-43.373226,7
c56069,9.516582,2.7460983,0
p4970,-37.07464,37.307617,7
c56081,70.91814,0.9470672,3
c56084,1.5563419,-19.270704,3
c56086,-1.5273753,-53.350513,11
p4971,9.239765,-5.2114825,0
c56117,35.567966,11.53813,13
c56119,27.010246,-2.6979527,13
c56129,10.840134,-28.811106,3
c56135,-42.728752,-13.7769785,11
c56138,-22.652521,44.408028,11
c56140,21.866514,41.97428,1
c56156,-50.595776,-1.5632609,2
c56159,34.602024,-20.010117,14
c56161,-6.6028705,11.18376,9
c56168,23.377151,-1.4424579,13
c56170,15.200206,-25.52042,14
c56179,13.560078,-6.6602674,0
c56182,-39.63529,-30.217737,2
c56187,-23.68072,-35.75234,2
c56206,-55.722767,27.472473,7
p4976,51.28261,-12.668471,14
p4977,-33.392796,-20.390125,11
c56210,19.007963,-41.92692,14
c56213,-32.108807,-15.332685,11
c56223,-31.03635,9.997118,9
p4978,-0.5784765,43.749287,2
p4980,16.507727,-38.13862,14
c56227,32.38774,9.588477,13
c56228,-31.950619,14.65763,3
c56236,-41.106987,-15.44568,11
c56238,-60.395344,22.215563,7
c56242,34.83707,-20.822731,13
c56244,-9.539976,-7.5928698,3
p4983,-6.457092,-42.696552,3
p4985,18.812801,-35.274414,14
p4986,34.387947,31.449629,1
p4987,4.567895,-42.865746,3
c56264,-0.42479855,-21.935616,3
c56267,15.779165,-16.797157,9
c56270,-40.342567,-21.113768,11
c56273,1.6268356,-53.94385,3
c56276,13.385932,-10.790485,0
c56289,69.66358,-13.042034,4
c56291,69.67347,-13.04015,4
c56296,69.69839,-13.056849,4
p4991,-53.608864,21.035366,7
c56313,14.512247,-16.596558,13
c56318,-6.062166,-29.434162,9
c56326,-2.3893197,55.749588,5
c56327,-0.02005455,38.32776,15
c56331,-20.883596,40.6286,11
c56332,-31.909119,-35.094658,2
p4992,21.718687,-25.646286,9
c56338,16.509775,-14.547312,9
c56341,-1.8948519,-56.27104,4
c56352,43.45068,-49.615646,17
c56354,11.119215,-41.40519,14
c56356,34.67225,-33.812073,14
c56361,-53.85442,22.694983,7
c56369,3.6302333,-47.754177,3
c56373,13.704254,-10.987794,0
c56374,10.363267,-35.44154,14
c56375,69.50482,0.5961299,2
c56379,15.308589,24.31704,15
c56381,10.30483,-50.38296,14
c56383,0.02772967,7.9407487,0
c56384,-17.281727,1.9754546,9
c56395,5.9728107,-37.224163,14
p4996,-45.811905,3.0279422,2
c56399,14.273723,-6.347779,0
c56400,32.554806,12.488865,13
c56404,-37.203663,36.690315,7
c56412,-33.5367,-20.264309,3
c56427,-1.0200789,-21.847578,11
c56428,21.864977,-15.99638,13
c56434,-6.333745,-35.276234,3
c56443,71.117325,1.0386444,2
c56446,21.453993,12.058117,13
c56447,-13.393041,-25.749468,3
c56468,55.441647,25.478277,6
c56469,55.804382,25.691618,6
c56475,-37.099876,36.226402,2
c56477,-27.306425,-34.9221,11
c56479,-8.939356,43.588196,3
c56489,3.3666546,36.111317,15
c56512,-10.254941,-29.021408,11
c56515,38.257885,-6.9934077,13
c56516,-14.390781,17.881208,3
c56522,21.442331,12.861781,3
c56529,1.4255332,30.966518,15
p5007,-4.9370723,-44.207355,3
p5008,23.362936,-30.177076,14
c56537,23.321213,-30.172455,15
c56541,-14.961875,-27.405436,3
c56545,-16.325214,21.279976,2
c56553,-20.166992,5.278386,9
c56554,3.1820796,39.46032,15
c56558,2.1660094,-23.411041,9
c56568,-10.903718,16.96289,9
c56569,1.9667948,-43.121212,3
p5011,-1.3837454,-41.932594,3
c56572,-4.9067073,58.572544,13
c56576,-31.435658,7.941357,0
c56578,-26.128216,-23.897203,11
c56586,5.981906,2.3470728,0
c56589,1.8375312,-55.50505,3
c56594,10.572911,-31.041697,14
c56596,38.078033,-1.2432356,13
c56597,41.91654,1.143466,13
c56600,-5.2440195,-44.461536,3
c56603,1.692517,-46.095215,3
c56607,39.871338,-4.7837076,13
c56613,-56.981663,26.649677,7
c56615,21.450909,11.948281,13
c56617,-60.31613,24.048567,7
c56620,-41.402077,4.5142293,2
c56622,-45.59207,5.636859,2
c56635,-11.453865,-39.142426,3
c56636,-2.522133,-25.090572,3
c56643,21.895021,-6.5967827,13
c56644,-53.272503,15.065536,3
p5017,24.011755,31.332823,14
c56649,25.531487,3.1644757,13
p5020,43.01136,35.861153,1
c56657,-27.754213,-36.48546,2
c56663,30.4807,5.656492,13
c56665,4.8581395,23.532156,2
c56667,-13.761739,25.774326,2
p5022,-43.989277,-29.512375,2
c56672,-43.95706,-29.963194,2
c56674,46.44593,-14.189423,14
p5024,-13.085701,-19.926552,3
c56684,-16.69637,21.799435,2
c56687,12.045249,8.734802,13
c56695,50.343575,-6.1021814,15
c56696,49.90804,-14.268908,14
c56701,33.561028,-31.284342,0
c56703,48.518745,-12.971396,13
c56705,-5.675863,-31.973032,2
c56710,-23.668587,-35.724567,14
c56717,44.304523,34.629528,10
c56723,44.74,34.866383,14
c56724,-52.904953,-4.5170355,17
c56725,39.293953,-29.291468,14
c56729,-18.51506,-9.120386,0
c56730,-2.5084264,-25.127008,3
c56733,-41.403374,21.518444,0
p5026,-7.941476,-30.103025,7
c56739,-1.4339497,-18.605679,3
c56740,-18.532164,-26.155737,3
c56743,34.41631,4.0726314,13
c56746,12.390719,25.49757,11
c56747,9.30876,26.047915,3
c56752,-39.738773,-30.428328,2
c56754,24.1624,-18.092077,2
c56756,24.1624,-18.092077,2
c56759,4.2667813,-18.237234,3
c56766,-39.300343,-6.7987394,3
c56767,-13.514676,19.333687,9
c56769,-6.126939,8.238968,0
c56777,24.1624,-18.092077,2
c56778,24.1624,-18.092077,2
c56779,24.1624,-18.092077,2
c56782,-13.270948,19.46907,9
c56787,32.35217,0.99773234,13
c56790,-22.95609,27.672337,9
c56792,32.64762,6.10738,13
c56797,-53.672874,20.821712,7
c56798,-21.753727,-9.520377,0
c56800,30.192436,-56.95059,3
c56811,-14.392826,23.238907,2
c56817,-13.074337,-45.183643,14
c56818,-29.942251,-6.488318,11
c56819,-13.065369,-45.182755,3
p5030,12.775102,-38.745255,14
c56837,24.1624,-18.092077,2
c56838,24.1624,-18.092077,2
c56840,24.1624,-18.092077,2
c56851,24.1624,-18.092077,2
c56854,13.156324,-25.606514,14
c56864,1.3759068,-44.719666,3
c56869,-38.94949,4.509754,4
c56874,39.508698,-29.618217,14
c56877,-3.1801977,37.56663,15
c56879,43.931953,-21.81706,13
p5034,-40.89488,-15.364611,11
c56889,-1.4336048,37.478134,15
c56894,29.9137,4.29171,13
c56903,-2.5919476,-20.581429,3
c56904,21.927835,42.09326,1
c56911,-14.589953,-9.006189,3
c56913,33.71683,-17.157356,14
c56917,20.154625,7.3470263,13
c56922,-13.345589,-12.6199875,3
c56926,-13.527507,-11.792761,3
c56944,4.8945074,35.679466,15
c56946,-2.6699402,27.106047,15
c56950,-44.630688,-29.098125,2
c56959,-15.570317,5.7661624,9
c56960,-18.881582,-11.679951,3
c56964,23.040056,12.673645,13
c56966,-55.214493,27.449585,7
c56967,40.112545,40.833538,1
c56976,-29.411411,13.313598,3
c56975,37.72424,-7.269033,13
c56984,-49.756886,16.630003,11
c56985,-26.216345,-16.336815,3
c56996,-4.0604753,-10.659279,9
p5044,33.089024,-14.282521,3
c57010,-17.620415,-10.762436,3
c57011,-3.0354915,33.74485,15
c57019,42.135113,37.357533,1
c57021,-2.5752115,-17.510122,3
c57022,-21.277176,-16.867348,3
c57023,28.91927,6.9346156,13
c57024,31.166203,11.339964,13
c57027,1.0678508,-26.001038,3
c57037,-29.448826,21.64592,0
c57040,2.537388,-52.688244,3
c57042,17.746315,0.18779802,9
c57049,-22.3085,-24.811483,3
c57054,-7.2463117,44.271908,9
c57055,-54.94307,-1.1482677,2
c57056,-11.478465,-0.74472296,9
c57058,-11.374795,-48.56368,11
c57061,-11.480524,-48.79818,3
c57064,-7.0393167,46.17857,15
c57068,20.231583,40.272022,1
c57070,1.0033675,-11.283199,3
c57078,30.915537,-0.05679643,13
c57081,-60.390713,22.14114,7
c57083,-18.542095,-1.3895919,9
c57093,-13.752104,-20.655386,3
c57097,-28.081676,-3.9397185,11
c57101,-14.427881,3.6693332,9
c57104,30.754057,-18.01594,14
c57106,-14.548594,3.7967386,9
c57111,-60.11414,24.078451,7
c57125,35.576622,7.2476897,13
c57131,-55.412415,19.485666,7
c57135,17.35003,13.954048,7
p5049,46.390106,-16.448063,14
c57138,33.08406,-0.42186388,13
c57139,40.5076,39.36722,1
c57140,-56.73274,12.015105,7
c57142,-42.793335,-13.811842,11
c57152,36.89005,-42.164265,14
c57158,-22.854643,44.33963,11
c57160,-60.43824,20.845058,7
c57162,42.047928,-21.49531,14
c57163,36.883553,-42.167908,14
c57170,41.487335,-6.4321713,13
c57174,34.277267,49.772243,11
c57179,-20.38178,28.537058,2
c57180,0.77405095,46.264923,15
c57182,33.08628,-21.754484,14
c57194,-22.529541,44.468086,5
c57197,22.16006,-38.368217,14
c57202,38.52868,-21.12733,14
c57207,-3.7550924,-16.108917,3
c57215,42.640232,-20.82582,14
c57218,25.76806,-0.06046631,13
c57221,27.267336,-9.408818,13
c57224,34.708714,2.117031,13
c57225,35.842876,-7.2950687,13
c57232,31.91694,-5.479693,13
c57235,34.509842,-5.313465,13
c57240,7.8530483,43.278538,15
p5061,40.208565,-1.0259976,13
c57245,-55.27352,19.596003,7
c57249,28.262491,-10.659394,13
c57250,29.643652,-1.1861484,13
c57252,-1.5372359,44.75572,9
c57257,-5.6113153,23.990944,2
c57271,-13.784348,-23.350084,11
c57289,35.708992,7.213111,13
c57298,-60.502087,20.533638,7
c57300,21.704508,21.436834,2
c57302,39.11765,39.69689,1
c57304,-16.06907,49.8736,5
c57306,19.476393,-29.902657,14
p5066,37.3926,-30.36628,14
p5067,36.15239,33.42778,1
c57318,-17.707,5.1860256,9
c57321,38.69603,37.080082,1
c57322,3.916215,-52.911957,3
p5068,36.585266,34.557804,1
c57332,19.30735,41.031284,9
c57333,19.863916,40.556797,1
c57341,-5.8326364,55.255676,5
c57343,31.864166,12.29249,13
c57347,30.317162,5.4423137,13
c57348,30.968433,-10.084831,13
c57350,37.977913,41.962196,1
c57353,20.284088,17.323479,3
c57359,26.454332,46.86753,2
c57361,37.629585,42.129505,1
c57366,56.179047,24.00447,6
c57368,56.096214,23.599432,6
c57370,63.315132,11.372628,8
c57372,31.941502,-5.80232,13
p5070,-39.13551,-16.001486,11
c57373,-44.178432,-17.503323,11
c57399,51.738678,-13.351605,1
c57407,44.62868,-19.472559,14
c57412,4.773716,9.576405,0
c57419,14.736203,3.7191114,11
c57423,52.215603,-9.514666,11
c57437,-12.730014,-23.994864,3
c57438,71.74785,1.019294,2
c57446,28.597982,3.1242347,13
c57447,38.04814,-22.925264,14
c57450,-44.80078,-20.732306,11
p5080,35.421143,31.820812,1
p5082,32.65851,40.186073,1
c57465,65.89735,10.674208,8
c57472,33.263565,11.461116,13
c57473,25.231544,-5.9351525,13
c57479,5.4262886,-52.5761,3
c57482,45.329227,-50.987858,17
c57484,-46.159676,-2.2001383,11
c57491,45.317387,-50.969807,17
c57499,-36.47744,26.679586,11
c57500,10.834072,-8.321503,0
p5085,36.989784,-0.7385965,7
c57521,26.457655,46.867504,2
c57523,45.370785,-51.17814,17
c57525,17.683039,12.347937,13
c57533,45.34305,-51.012695,17
c57537,38.785988,-20.908218,14
c57538,38.843437,39.132793,1
c57544,44.55844,-19.168896,1
c57548,-0.8244942,8.838331,0
c57559,-22.700813,6.288834,9
c57566,-22.261372,-6.946939,11
p5089,39.85059,-25.833305,14
c57567,-30.671583,-14.834495,0
c57585,-20.949917,45.505283,9
c57587,-43.52959,-13.432528,11
c57603,4.85949,-53.967766,3
c57614,-41.03149,-12.278863,11
c57615,-40.43129,-11.532333,11
c57616,-24.538748,-13.750185,11
c57617,-4.7306466,-28.207092,14
c57625,4.0126996,-4.6028147,0
c57627,-45.156803,5.41331,2
c57628,-40.195007,-3.5409243,2
c57636,2.7940888,13.434893,0
c57645,-43.24446,-12.902264,11
c57647,32.496063,9.902353,13
c57650,-60.173454,22.168217,7
c57654,-37.620262,-12.371012,11
c57659,-0.8874889,7.2070913,0
c57660,-39.601242,10.550714,11
c57662,-34.664593,-26.0783,11
c57664,-44.057667,-14.316554,11
c57669,46.07734,-15.90486,14
c57674,-33.240322,-29.745085,11
p5101,32.75371,-26.802628,14
p5102,27.082859,30.489017,1
c57676,-61.153584,22.560501,7
c57686,-14.850657,-25.643824,11
c57696,-36.338047,-16.265789,11
c57713,-41.426003,-15.112987,11
c57714,29.623947,0.94694847,0
c57736,6.8818007,12.658986,0
c57745,39.878887,-27.576887,14
c57748,16.242008,-15.98645,9
c57751,36.76539,39.856518,1
c57752,36.808353,39.857777,1
c57762,-43.843914,-11.523269,11
c57763,-52.836742,22.037271,7
p5108,-29.37095,10.533031,0
c57767,-5.6645017,51.981304,5
c57774,-44.341625,12.473413,7
c57786,-44.9162,18.737753,7
c57787,-11.888427,-11.440283,3
c57790,-43.568096,7.025375,11
c57795,24.848856,50.539005,1
c57799,-27.680782,-4.4555135,11
c57807,-45.057358,4.1540117,11
c57813,15.074502,25.419239,15
c57819,-3.8634937,16.298384,3
c57825,13.061823,-26.441631,0
c57828,35.988716,-12.166687,13
c57829,22.896141,12.40391,13
c57831,12.898805,-10.275433,0
c57832,53.77701,2.3840597,14
c57833,23.561682,-17.770311,14
c57836,-19.986052,-12.337423,0
c57840,-36.997417,3.2959416,9
c57849,13.958516,64.79553,12
c57856,-3.8583367,19.607162,9
c57858,-37.194828,-22.930489,11
c57864,-29.352776,10.548494,11
c57865,-17.390127,-2.1148849,9
c57866,-21.94192,32.192196,2
c57868,30.66587,14.334677,13
c57869,30.65049,14.388994,13
c57872,43.04768,36.766853,1
c57882,-0.66980314,-43.971268,3
c57885,-13.580288,-29.182001,3
c57894,57.205204,-43.34433,2
c57898,-60.325756,21.139656,7
c57900,33.097523,12.114487,13
c57907,-49.338688,14.168848,7
c57916,-36.32438,2.5862725,9
c57920,-11.947591,-10.791804,3
c57922,-6.093529,-19.332655,3
c57927,-23.2092,5.445649,9
c57928,-36.151325,1.4108732,9
c57931,-49.367165,-15.466281,11
c57932,23.194925,12.182264,13
c57936,-10.929143,12.705789,9
c57937,-21.088028,12.271508,3
c57938,13.970407,-62.30358,11
c57939,-0.9904105,-20.087729,14
c57943,14.320823,-62.544773,3
c57945,-13.976734,54.657867,5
c57946,-36.09176,6.8052897,9
c57947,0.4267061,46.536438,15
p5118,-19.680475,-25.48944,3
c57961,-33.25701,4.712737,0
c57965,32.925518,0.72191626,13
c57968,-33.701054,12.525601,3
c57969,39.851246,-25.308403,14
c57970,38.913456,-25.811033,14
c57980,-40.69075,30.289103,2
c57989,-43.90714,6.7199903,11
c57990,-44.364067,3.8824735,2
c57994,-7.607711,-17.805538,3
c58000,-11.438758,-5.5901403,0
c58002,-5.302472,-42.239895,3
c58004,17.813015,-62.48941,0
c58012,-13.364689,-25.944254,3
c58014,-40.766087,3.1373515,11
c58020,-34.891533,24.872786,2
p5123,61.83236,-28.885729,16
p5125,-13.744838,2.1537426,9
c58028,69.857506,1.1442256,0
c58030,29.8227,6.923646,13
c58032,62.34084,-27.537556,16
c58036,36.97562,39.968067,1
c58039,61.056244,-26.580065,16
c58040,62.471138,-26.233767,16
c58041,61.964268,-26.668364,16
c58043,4.340845,-6.3101153,0
c58045,-2.9429495,20.679756,9
c58056,62.40846,-26.834627,16
c58065,39.77638,39.998367,1
c58066,-44.37348,32.84005,13
c58071,-60.79711,22.39554,7
c58074,13.036662,-18.599987,9
c58085,-27.239851,-0.7274505,0
c58088,29.626343,-2.876902,13
c58092,-28.099361,4.473954,9
p5131,-32.7615,29.317183,2
c58094,-32.888412,29.24329,2
c58096,16.326954,-21.57482,14
c58098,-42.96358,-11.717988,11
c58102,-3.5967972,39.101795,15
c58108,-6.0407567,-25.685331,3
c58110,-15.672326,15.664515,9
c58120,-26.621021,3.0588868,9
c58127,-33.83723,-37.729534,2
c58130,-10.417317,-14.7937,3
c58135,-13.219254,7.0317073,9
c58136,-55.648685,-1.9852804,2
c58137,31.175266,-6.4230094,13
c58139,-37.836525,21.398493,13
c58140,28.64972,18.051275,13
c58147,-17.628534,47.950905,5
c58149,-21.89795,-6.3788204,0
c58150,9.590764,-12.600625,3
c58153,-45.59111,5.477715,2
c58159,-27.311033,-11.509299,11
c58166,-23.467518,-7.342931,3
c58169,2.6770546,-31.089043,3
c58173,34.52451,-7.308808,13
c58175,8.035476,2.0264263,0
c58180,-26.643606,4.2307734,9
c58182,-46.2923,-27.262947,9
c58190,-6.8297334,2.0874667,9
c58191,-19.955479,-2.6674988,9
c58193,34.43302,3.5765903,13
c58196,34.914646,-8.84131,13
c58200,15.686554,-22.339235,14
c58204,-27.359514,4.5431705,9
c58205,-60.132885,22.093805,7
c58209,-5.357362,5.5374756,9
c58215,25.760258,-2.3035562,13
c58222,-35.83664,33.41226,2
c58235,15.166051,0.7926732,13
c58242,42.959427,-23.718687,14
c58247,-56.17328,-2.1850476,2
c58252,34.25473,16.369625,13
c58254,45.01875,-26.216803,5
c58256,30.264563,-57.845512,3
c58259,10.756051,-28.874834,3
c58260,3.7900577,-56.13564,3
c58265,30.182325,0.7885714,13
c58271,4.750344,-11.272366,0
c58278,47.217037,-38.454094,14
c58281,-6.248788,-29.57629,11
c58282,-9.501436,-37.018997,3
c58284,-42.671524,-13.356289,11
c58285,-42.82028,-13.53687,11
c58287,-35.78593,-20.844564,11
c58291,53.941418,2.6969726,11
c58295,30.609549,-56.673874,3
c58314,20.554228,14.423066,11
c58318,-33.614452,9.275666,9
c58319,-28.73579,6.1721754,9
c58323,0.08701669,4.58121,0
c58334,-47.670876,30.163431,7
c58337,23.659254,10.0969515,13
c58347,-6.3040147,54.760372,11
c58349,53.86223,2.6790893,14
c58351,45.275776,-20.006239,14
c58352,47.79088,-15.782852,14
c58363,-49.374863,-15.471556,11
c58379,69.68122,-13.050368,4
c58382,69.6874,-13.044524,4
c58383,69.666504,-13.035937,4
c58386,69.70925,-13.044732,4
c58387,-47.01922,15.520039,3
c58393,69.71417,-13.080517,4
c58398,-41.663136,-9.5691,11
c58405,16.234488,-64.1183,3
c58406,34.823734,9.466709,13
c58409,8.2636795,1.6504204,0
c58415,-54.93554,24.390398,7
c58416,-11.016677,17.040298,9
c58422,-18.482094,-1.3971901,9
c58425,-21.334,-0.33046436,9
c58429,-23.659714,40.62738,11
c58432,66.42625,-12.44039,4
p5144,2.8821912,-51.462452,3
c58441,-27.48845,-37.30288,2
c58443,-6.938218,-42.88609,3
c58446,-5.3209987,-17.93352,3
c58447,-29.098038,-8.404892,3
c58456,-33.55972,-20.673117,11
c58464,12.292817,-17.24326,0
c58466,12.186396,-19.811317,3
c58467,-13.0023365,-27.687063,3
c58470,30.365513,-56.650574,3
c58471,30.218071,-2.9623032,13
c58497,34.203068,-25.754517,3
c58506,-28.815857,-31.16939,11
c58508,15.576707,-44.813168,14
c58509,-54.559086,-1.3804846,2
c58510,-18.054956,22.726877,11
c58512,-1.456345,-22.601776,2
c58513,-24.24053,-21.414942,11
c58515,53.277943,3.1032884,2
c58516,-6.9812136,-25.62832,3
c58518,30.30108,36.91983,2
c58523,-11.968045,19.712063,9
c58530,-2.26064,-35.4832,9
c58531,-16.697723,16.876068,9
c58533,21.597023,17.223719,13
c58535,0.76242113,3.9263375,0
c58538,15.604451,-22.543282,14
c58542,-5.6551647,52.390484,5
c58546,-12.228197,-49.245457,0
c58549,-24.551056,-24.119827,11
c58553,-51.9543,-4.3986883,2
c58568,69.52375,0.60779864,4
c58569,25.313658,23.295422,15
c58571,5.379662,-26.619297,3
c58573,-38.808887,23.003622,2
c58582,-33.199066,-18.351479,11
c58595,-38.60466,-22.5324,11
c58598,-9.256878,-5.77371,9
c58603,15.795524,-17.348267,9
c58606,47.21259,-38.4556,3
c58608,-49.128742,19.990768,7
c58613,30.917643,17.159203,1
c58620,43.383022,-11.863054,0
c58625,45.26715,34.417027,1
c58628,5.5652876,-26.77784,3
p5156,-22.164543,-7.1287103,0
c58637,-20.662704,1.8016784,9
c58638,-18.024204,6.0201416,9
c58639,-18.479443,0.22112109,9
c58640,39.313374,39.927944,1
c58644,-22.710537,26.96895,2
p5158,35.74054,-1.0023513,13
c58651,15.226792,-63.962963,3
c58655,23.903822,16.543564,13
c58656,-60.80171,22.396944,7
c58675,16.614954,-63.51147,15
c58680,-30.410036,-9.438653,11
c58682,-37.638493,31.18569,2
c58684,-29.63315,0.36400807,9
c58685,-29.886028,29.451279,2
c58690,69.925674,0.7485979,2
c58704,3.7961192,7.8689895,0
c58708,-27.24586,-9.227845,11
c58716,24.072529,-30.830833,13
c58720,39.27907,39.659695,1
p5164,34.851227,31.864141,1
c58732,8.148658,-8.238148,0
c58738,21.556786,12.0404625,13
c58743,69.45,0.61571485,3
c58744,-19.98755,41.298294,9
c58745,-38.748043,-14.068955,11
c58747,-55.471565,25.583696,7
c58752,-9.54664,-24.923006,3
c58764,2.8918834,-54.21405,11
c58768,-15.865157,-4.135769,3
c58770,2.7302701,15.166661,0
c58776,-55.98778,14.199335,7
c58793,25.91493,1.7057558,13
c58794,18.258595,2.4354944,9
c58796,-58.44762,21.002523,7
c58797,4.9194446,-2.1848125,0
c58801,-7.0619054,-31.393635,3
c58802,-6.633061,40.09658,9
c58806,30.74197,14.831415,13
c58809,-13.737014,-25.39966,3
c58811,16.572687,-64.7747,9
c58818,-56.90009,-2.8843915,15
p5168,-4.1641006,54.054436,11
c58825,-12.237046,6.8271003,9
c58827,-15.749704,42.14644,3
c58828,70.630264,0.83682656,2
c58833,39.952408,-17.627504,13
c58838,-5.4266763,57.54875,5
c58840,47.484528,-11.2107935,13
c58844,1.8762914,-37.39297,3
c58845,-15.272513,-20.869045,3
c58851,-31.41253,-16.717472,3
c58860,-24.980038,-32.492073,2
c58864,-29.89471,-30.108936,11
c58867,28.66065,-13.526298,13
c58870,-44.185307,3.672056,11
c58879,10.421373,-54.96846,17
c58887,-19.34468,-23.959408,2
p5176,2.4533834,-54.370785,3
c58913,40.129246,40.59495,1
c58915,-37.754528,-18.774231,11
c58921,-48.19197,2.4838018,3
c58922,12.03132,-18.972826,15
c58927,-37.10648,-22.75678,11
c58932,39.734364,-27.4202,14
c58939,-53.591984,19.157047,7
c58955,-44.562977,-29.312237,9
c58960,25.369661,23.774977,15
c58970,30.367287,-7.186648,13
c58971,12.189998,-46.43725,14
c58977,33.68035,29.168915,14
p5188,34.634575,38.456505,1
c58985,-22.383902,-11.17006,3
c58991,-30.69714,29.86493,2
c58994,-40.936558,-3.44259,11
c59000,34.12631,38.424366,1
c59003,35.054893,9.58186,13
c59004,39.55146,40.063892,1
c59009,7.388195,-19.209263,14
p5193,-16.310871,-40.060394,7
c59010,-18.57955,18.457132,11
c59013,34.93232,-17.929956,14
c59027,1.6162132,31.34842,15
c59038,55.87976,23.70306,6
c59040,-0.68640757,1.5516574,0
c59043,24.17715,25.570349,13
c59053,-13.330285,-2.8851607,3
c59054,-6.208449,-41.288124,3
c59057,44.395412,23.284752,6
c59060,16.119682,-33.784626,14
p5197,40.833504,39.39909,1
p5198,-33.053802,-29.935469,11
c59073,-10.834632,-5.746078,0
p5200,-11.266803,-5.543269,3
c59079,36.838127,-42.193497,8
c59082,35.443386,-21.97016,14
c59085,-4.750106,54.57336,9
c59086,-45.76314,28.6441,7
c59087,38.558422,-6.584228,13
c59094,69.48098,0.5825916,14
p5202,-15.20801,26.599085,3
c59097,-13.077221,8.857787,9
c59106,-4.669664,54.843254,11
c59115,37.993042,37.14747,1
c59117,-33.790195,-28.474443,11
c59120,-0.09773131,16.400276,3
c59125,-38.415092,-13.051705,11
c59134,-41.0189,-3.437101,3
c59145,-36.14203,-24.860397,11
c59146,-14.74036,-25.76237,3
c59151,-11.760374,28.146328,1
c59154,-33.83774,-28.920822,11
c59157,-0.8029737,3.9928143,0
c59162,-33.97313,-17.640606,11
c59163,-35.500557,27.746874,2
c59168,39.313557,41.94114,1
c59174,-13.570705,-1.5447849,3
c59177,-49.420826,-15.488553,11
c59178,-13.493023,56.30695,5
c59179,-35.613914,-19.361284,11
c59190,32.81533,-12.995713,14
c59197,39.808178,-17.749338,14
c59208,6.04085,-22.373667,3
c59209,-2.545212,-9.860436,3
c59216,-19.306856,5.982798,9
c59222,-54.579273,18.010279,7
c59225,31.916744,14.081949,13
c59227,-31.893179,-9.599652,11
c59233,37.868977,15.349897,2
c59234,-19.70939,3.0980368,9
c59235,-42.454445,-1.6199526,11
c59247,0.33582723,-20.078068,0
p5213,13.39061,11.710241,0
c59264,36.88948,-42.168312,14
c59265,33.97155,-45.416576,14
c59273,-17.139225,-27.217985,2
c59281,-21.820183,39.013336,9
c59282,5.238636,-48.197254,3
c59303,40.368626,-12.527986,13
p5220,36.396465,33.820614,1
c59313,-49.435005,-15.491365,11
c59318,-51.631603,2.0443647,3
c59319,-24.443344,23.91271,13
c59322,-11.711146,-3.7123897,9
c59323,-3.1250255,42.5197,15
c59326,-28.235102,-9.4472685,11
c59330,-34.469406,-14.415456,11
c59331,-29.460855,30.674332,2
c59337,-19.38954,-23.943634,11
c59338,-25.047642,-11.238361,11
p5227,21.258076,-37.456993,14
c59359,48.883526,-8.7865925,13
c59363,-26.585562,3.1494148,9
c59368,17.8228,-16.929045,9
c59369,44.924896,-50.094116,17
c59373,-7.600806,8.8574,9
c59375,25.459185,-13.283542,13
c59376,-44.341747,-2.286483,7
p5231,24.339827,12.523594,13
c59383,45.298294,-50.94261,17
c59395,-19.957842,41.11663,9
c59397,6.989137,-9.730072,13
c59402,3.0192907,0.5576831,0
c59408,45.35562,-50.920406,17
c59412,-4.9212017,53.79786,9
c59418,-36.609165,19.406557,0
c59419,-53.809578,-0.2877618,2
c59433,41.855095,-22.392187,14
c59434,38.27557,-25.542452,14
c59438,15.462988,17.957369,13
p5239,30.41047,-24.618313,12
c59452,39.134193,-24.90045,14
c59456,46.01372,-15.9101515,14
c59460,38.33951,-29.059618,14
c59465,43.034092,-22.65076,14
c59470,34.088375,-7.378165,13
c59473,57.614964,-43.37337,5
c59474,45.27468,-50.734318,17
c59478,40.092823,40.657223,1
c59480,9.842337,-25.22916,0
c59494,-53.530697,4.0582504,2
c59496,-5.673118,-21.135023,3
c59497,-19.431988,-6.386215,11
c59498,-16.860687,1.3627584,9
c59501,-54.701366,-0.4639373,2
c59508,3.023903,38.055874,3
c59510,-53.59187,-1.7670127,2
c59512,-10.465559,18.313747,2
p5242,-42.961746,-15.203574,11
c59523,-34.46268,16.028286,2
c59524,-5.1555734,34.61073,15
c59527,22.513824,-21.81156,6
c59537,1.7344795,34.45069,15
c59538,11.618671,36.68465,15
c59555,70.79782,0.96946305,3
c59556,-53.058037,0.081209436,2
c59563,-40.198967,29.13079,2
c59574,27.988949,-26.015356,9
p5247,31.223953,19.512508,13
c59581,-22.616798,4.132858,9
c59585,23.994623,0.8844245,13
c59591,-13.826273,-27.394978,3
c59598,-28.628706,-9.528355,11
c59601,31.869946,8.842388,13
c59603,-4.2709866,18.133455,0
c59605,47.21702,-38.45397,14
c59616,-5.1781006,59.022938,5
c59619,44.023067,21.478369,3
c59624,41.730446,0.8112737,13
c59625,20.51633,-7.543815,11
c59628,-36.63632,-17.201694,11
c59635,14.480887,-63.790894,3
c59656,-54.878292,21.772984,7
c59664,-26.969385,15.551257,11
c59666,27.76973,17.210154,13
c59667,36.227974,3.5001702,13
c59670,-20.253635,-1.1819067,11
c59671,-27.40618,-29.77632,11
p5253,-49.994926,15.219156,7
c59683,-18.377771,31.4871,9
c59686,-15.111111,-43.103245,9
c59687,30.325315,-8.369041,13
c59694,6.9323616,-42.26341,9
c59697,-35.31571,-34.4627,9
p5256,-15.06758,27.033049,2
c59709,31.420998,-24.297176,14
c59714,20.256592,9.290647,13
c59719,-17.054985,1.4942764,9
c59720,36.039753,-12.719922,13
c59721,-7.0260315,3.378175,0
c59724,-52.245876,23.250658,7
c59727,-24.087864,4.3382945,9
c59729,-35.718033,4.759541,9
c59735,-5.9616427,16.92598,3
c59750,6.887371,-47.14161,3
p5259,32.63569,-24.279991,3
c59755,-21.158916,-9.68624,3
c59763,-39.506664,-2.5649161,9
c59771,31.955093,-4.754384,13
c59773,-5.1734843,59.049892,13
c59777,52.656166,-9.587361,13
c59780,50.71679,-10.739711,13
c59784,-39.53876,-30.161388,2
c59797,-51.413998,1.5072176,2
c59799,0.69556653,-27.973465,3
c59800,5.159422,-33.571472,3
c59807,15.476249,17.944284,13
c59810,6.260779,-55.38705,3
c59818,-19.346224,-9.167954,0
c59819,-24.352934,-14.768561,11
c59822,37.070732,9.999668,13
c59829,3.9173627,-46.138527,3
c59833,39.33737,-4.7180805,13
c59838,47.087933,-38.445766,3
c59841,14.376345,18.753391,13
c59855,-39.972157,30.256052,2
c59858,24.063791,-4.908678,13
p5266,62.009525,-28.710667,16
p5267,-5.1071496,7.415078,11
c59881,0.8406075,-45.570312,3
c59887,20.425072,8.8188095,13
c59889,-19.168604,2.3446224,9
c59890,-1.5348258,3.828624,3
c59895,-4.6919794,-23.929811,3
c59896,-27.94269,-17.598156,11
c59897,-11.181231,26.777615,17
c59898,12.08565,25.441288,11
c59906,57.61528,-43.373375,11
c59913,-54.876495,0.56779563,2
c59917,-55.107235,-0.34534526,2
c59918,-31.569534,32.711823,2
c59923,31.167822,-15.641785,13
p5272,-1.1530315,41.825233,15
c59942,32.393677,-57.5616,11
c59945,-42.400867,18.827948,11
c59948,-38.77371,22.374521,7
c59953,54.85376,26.615398,6
c59959,-32.298847,9.144991,3
c59963,5.8409214,9.3225565,0
c59966,-36.678272,19.344864,0
c59978,-4.3736324,-9.270604,3
c59991,29.137293,3.7107973,13
c59994,31.85311,-56.545177,3
c60007,-44.71697,-29.185028,9
c60008,0.9997789,4.0651746,0
c60009,37.16099,9.9686,13
c60013,22.132935,17.549131,13
c60014,-40.04259,29.993303,2
c60017,23.764193,19.54708,15
c60019,4.1855087,44.197186,0
c60022,23.634514,19.627962,13
c60023,-26.458666,-0.52212316,3
c60026,30.297726,-56.969418,3
c60038,24.498264,-1.2763506,0
c60040,-38.39065,21.312479,11
c60043,3.6471004,9.759005,0
c60047,8.128027,3.86164,0
c60052,-36.27278,33.043015,2
c60069,30.479027,-57.881165,3
c60073,-3.7170477,42.94813,9
c60074,28.337774,-56.748035,14
c60082,30.658533,-56.915386,3
c60088,25.363817,23.495186,15
c60091,10.708938,-3.0925164,0
c60098,-28.731441,-17.847433,11
c60099,30.427397,-56.583683,3
c60113,49.047997,-6.805043,13
c60119,69.65479,-13.041813,4
c60122,69.719154,-13.065274,4
c60128,-33.11114,-20.603054,11
c60137,69.711426,-13.055926,4
c60139,-34.542545,-8.945098,11
c60148,30.368555,-57.29959,9
p5283,-19.631815,-18.871017,3
c60161,-19.802782,3.4430594,9
c60162,-38.249878,22.62958,9
c60165,-46.415,-26.593084,7
c60169,70.84136,0.98389983,2
c60181,-51.489998,0.35496306,2
c60183,-18.611448,-0.7184108,3
c60188,-9.176093,-2.2186217,9
c60190,-44.439262,-12.373748,11
p5285,34.25083,38.448265,1
c60194,-1.4559488,22.70473,9
c60204,-29.091429,-20.163124,0
c60207,62.40598,9.771,8
c60209,-0.53286606,-28.715565,14
c60211,15.157975,-12.40048,9
c60219,-10.635197,-5.4319353,0
c60220,57.6171,-43.37352,0
c60221,-1.0092804,41.612915,15
c60222,11.983482,-26.415335,3
c60223,23.951376,0.8191745,13
c60226,31.8691,10.527585,13
c60227,20.241795,8.999032,13
c60236,-19.526695,20.558792,9
c60237,10.485187,-2.175834,0
c60238,5.8544965,-10.646884,0
c60241,17.841522,-62.564163,0
c60248,31.445938,10.624655,13
c60256,27.907913,12.556076,0
c60257,1.8657275,-1.9533833,0
c60258,3.9108956,9.092589,0
c60262,0.4583735,40.202827,15
c60267,-1.0069846,41.50232,15
c60276,-22.264658,-10.078114,11
c60280,-0.66001904,41.67532,15
c60284,-36.985107,-18.939465,11
p5291,32.942894,28.754002,14
c60303,-20.271078,-3.7329772,3
c60305,0.25240356,8.2167635,0
c60308,-5.5978384,-4.431696,9
c60312,-37.025227,-12.313805,11
c60315,-27.586462,-0.6004208,11
c60319,-16.004953,11.718117,9
c60321,-4.55785,54.984596,5
c60330,4.700202,8.693914,0
c60331,-28.01035,-2.4566414,11
c60332,12.871772,57.753803,12
p5295,-4.9227557,55.69501,13
c60334,-5.270213,57.507942,5
c60339,0.1103118,53.177155,5
c60343,2.0413046,32.875904,15
c60344,-9.410449,33.648705,9
c60345,-18.141119,5.106162,9
c60347,47.200798,-38.454456,17
c60352,44.69562,-12.606643,0
c60353,-5.3067684,52.38826,5
c60354,24.872599,-8.418046,9
c60357,17.056904,-63.72357,13
c60362,15.66971,-64.622826,0
c60363,-4.833579,53.32529,9
p5296,-25.254583,-1.1411059,11
c60369,-20.80692,1.767714,9
c60374,-9.200843,27.120579,14
c60379,19.22889,41.49544,11
c60380,8.051957,29.994389,15
c60381,-9.946356,-0.28092703,9
c60389,20.339828,8.964646,13
c60394,-31.888823,-34.496166,2
c60398,-18.269852,0.035093177,9
c60404,37.310333,6.9385686,13
c60421,52.105297,-6.41027,5
c60427,61.735065,10.161314,8
p5303,-51.35767,1.451556,3
c60438,-51.61949,20.182875,7
c60452,-24.178843,4.9809475,9
c60453,21.110851,42.566498,1
c60454,13.935666,-24.291313,14
c60455,71.03314,1.016602,2
c60458,0.082761645,47.927303,15
c60459,-3.090344,15.451415,13
c60464,2.0898602,33.537758,15
c60470,-34.457893,15.133277,3
c60474,-34.453278,15.090071,3
c60475,-2.1055617,-1.4336483,0
c60496,13.445465,-11.97521,0
c60499,6.11224,-18.095116,0
c60501,-31.48059,23.254715,2
c60508,-4.726007,52.659992,9
c60510,19.865034,9.26686,13
c60511,-26.78686,17.704407,0
c60514,12.84712,-21.96566,14
c60516,-37.792442,-35.600506,0
c60519,-29.671116,-5.604662,3
c60526,-4.1145563,53.46753,5
p5308,-10.932231,36.60351,11
c60530,-5.035704,-6.72561,0
c60532,-26.744236,17.70063,3
c60542,-4.4211903,32.92628,15
c60547,3.269365,-4.673379,0
c60555,-0.46582347,39.51053,15
c60562,-30.235928,-8.675769,11
c60567,4.3013005,5.0259447,0
c60571,-33.847965,-19.38186,3
c60572,-2.9641638,15.513753,2
c60575,-15.770747,26.124245,2
c60577,21.775213,-13.265435,14
c60580,1.8065683,33.579628,15
c60582,36.215584,36.61157,1
c60585,-30.588064,-14.29993,11
c60586,-22.003185,12.540465,3
c60593,-23.97514,-3.3698585,3
c60602,24.835327,1.0268039,13
c60603,-26.924564,-6.0334153,13
c60611,-1.822634,53.54113,15
c60612,33.554348,12.685652,13
c60613,3.2994893,-24.696249,3
p5313,-2.9353156,-34.69327,14
c60622,-7.0435786,-36.05824,3
c60630,-30.401552,20.349037,0
c60637,-42.386326,0.8435685,11
c60646,31.677523,-3.4480371,14
c60647,-5.234257,23.328356,2
c60665,28.648544,-1.8106595,13
c60666,37.06529,8.079252,13
c60669,31.140226,-4.093771,13
c60684,46.788826,-6.924744,13
c60688,36.884705,-42.167667,14
c60701,69.68633,0.69101876,0
c60703,-4.493571,53.05729,5
c60705,-25.872278,-26.319439,11
c60706,-29.413696,22.246096,2
c60709,36.87676,-42.170036,14
c60711,-45.358986,3.4469414,2
c60713,3.243646,41.372654,15
c60718,-0.6587821,41.154797,15
c60720,12.9136915,13.889251,14
c60722,20.847488,33.09657,3
c60761,7.850123,11.023481,2
c60766,-12.4008465,33.227783,15
c60773,-7.2137384,33.88202,3
c60795,-44.08196,-29.896753,2
c60800,19.939016,-6.372382,11
c60805,-3.7068663,53.197414,5
c60812,-22.326046,40.054134,11
c60817,38.757446,-26.243835,14
c60846,-57.92408,24.735554,7
c60847,32.144463,-25.38575,14
c60848,32.0209,-15.584391,13
c60849,-6.846944,52.717148,9
c60851,47.209557,-38.455418,3
c60857,33.29057,8.242098,13
c60864,17.691282,-28.702929,2
c60870,3.5275004,40.99722,15
c60885,7.8770585,11.093712,1
c60887,40.114708,40.81061,1
c60888,37.007915,38.162304,1
c60889,42.549328,41.991394,1
c60893,20.292183,18.539776,2
c60897,21.138205,-5.9803143,13
c60900,-7.6190376,10.367438,9
c60901,35.790977,0.14809243,13
c60915,-43.441807,28.53585,7
c60917,-44.427643,6.083366,11
c60919,-44.47972,-29.1834,9
c60922,-30.176575,-13.185917,11
c60933,-19.041832,44.835804,5
p5335,41.777992,-17.786924,14
c60937,27.713104,4.018507,0
c60940,-56.156948,21.620842,7
c60942,-18.477865,15.253993,3
c60945,55.91558,23.969902,6
c60950,35.9377,31.027552,1
p5337,37.457508,-27.04248,14
c60952,-1.5450692,42.91001,15
c60958,-12.642138,33.25613,11
c60971,-47.14859,2.697561,3
c60973,16.211153,-17.831558,9
c60975,12.405679,25.425472,13
c60977,26.119654,19.622442,13
c60979,-12.626017,-7.185704,3
c60981,1.902362,-14.543183,3
c60991,2.799422,38.806232,15
c60995,38.32303,-7.1777787,13
p5341,8.636593,-49.23737,3
c61011,-24.474052,10.843873,0
c61012,31.685692,14.63222,13
c61016,69.52662,0.597603,0
c61024,-38.256268,14.459896,15
c61025,26.75332,22.101917,15
c61033,21.41763,36.49183,3
c61034,4.890604,-41.624157,3
c61035,-2.113078,-46.749023,3
c61048,-8.260894,29.157042,3
c61049,-43.271458,2.1399765,2
p5344,35.92521,-12.878733,13
c61051,1.3543885,33.85399,15
c61053,-10.977442,17.034058,9
c61055,-11.578421,37.65385,15
c61057,-11.942622,37.507957,15
c61058,-40.085026,16.176554,11
c61059,2.6386113,25.691536,15
c61068,31.098946,-18.218891,14
c61070,-1.6499543,41.271248,15
c61075,-48.1505,9.756671,7
c61076,-38.46786,22.654734,11
c61114,8.343041,21.56098,2
c61121,-7.518441,7.5970964,9
c61123,4.3711677,-6.435303,0
c61126,4.841719,-54.601597,14
c61129,-11.328057,37.38911,11
c61134,-5.213823,-42.183674,3
c61146,-7.6815963,-31.11759,3
c61149,-54.07962,1.6000006,2
c61152,-17.515196,-31.581982,2
c61160,5.030034,3.253873,0
p5351,33.70154,31.62368,14
c61166,-18.118551,32.042458,2
c61180,-9.477441,19.526482,3
c61183,12.173158,25.025314,11
c61187,47.800556,2.6862607,15
c61189,-46.74921,-1.2891603,3
c61191,20.898634,-11.260307,0
c61194,-18.903048,11.041161,3
c61200,-5.821483,-3.04644,9
c61202,31.006504,-4.026992,13
c61205,-44.609245,-29.088123,9
c61207,-21.505096,-10.760475,3
c61208,-26.184343,11.018056,0
c61222,-7.0436683,46.18342,15
c61226,-40.260426,-8.139454,11
c61228,6.482586,-12.345644,11
c61235,-16.977808,11.222735,3
c61237,-8.105032,8.97697,3
c61241,-9.342423,-6.752531,0
c61242,37.004482,0.979115,0
p5357,-49.96948,10.46566,0
c61254,12.61662,13.220689,14
c61273,12.721285,-27.7078,14
c61276,17.700813,-28.732683,14
c61286,36.054947,-12.875828,13
c61289,0.98042464,2.967112,0
c61291,-39.087215,-21.399591,11
c61301,-5.3156457,23.223145,13
c61303,20.637506,-6.2574015,0
p5361,-38.904957,37.280415,15
c61304,-38.930077,37.28894,7
c61309,-38.68149,37.726685,13
c61312,-38.94351,37.303917,0
c61328,65.2324,11.073405,8
c61329,65.25229,12.143634,8
c61335,-57.339123,21.580912,7
c61341,-24.175163,11.64568,3
c61343,-18.994234,15.541899,3
c61350,-9.09438,-24.593159,0
c61351,11.704554,-13.532866,3
c61358,-51.112617,12.400215,7
c61359,0.33208054,8.132522,0
c61362,-23.882458,10.935201,9
c61375,17.802023,-45.446243,14
c61380,13.034051,61.282692,12
c61383,-15.785929,21.53094,11
c61390,13.063968,63.006367,12
c61392,15.320243,64.41031,12
c61400,-2.0563686,-7.4668894,3
c61407,55.373318,23.83037,6
c61409,38.233986,42.25007,1
c61410,56.323223,24.722021,6
c61412,-23.23565,3.1568005,9
c61417,-28.377792,14.906871,3
c61436,22.668829,12.684114,13
c61441,31.186604,6.791345,13
c61443,52.523926,3.3842487,11
c61454,-5.4303336,-11.224461,0
p5375,26.884388,30.436016,2
c61475,16.330442,-63.863747,3
c61478,-38.89134,37.287544,7
c61490,40.85379,2.5287082,13
c61500,3.1593714,-3.0327609,0
c61514,-25.116348,6.468293,9
c61516,-24.317924,11.1385975,11
c61524,-32.54042,-23.59608,11
c61534,-5.4500995,53.403458,5
c61541,-22.319216,23.703266,2
c61544,-42.697502,-1.1219726,11
c61548,45.022076,-50.86626,17
c61556,-6.59922,8.232087,9
c61560,-37.14084,32.351364,2
c61564,11.442661,-51.632854,17
c61565,-43.494987,3.0342922,2
c61601,-40.936417,-15.532795,11
c61606,-4.3413305,56.670277,5
c61610,-25.508696,0.24858105,3
c61612,-20.261957,-10.520602,3
c61614,-30.151318,-9.921457,3
c61616,30.504107,39.47019,1
c61627,4.444499,-31.008162,3
c61629,4.4658074,-48.921036,3
c61630,3.3396049,-34.96679,15
c61631,-44.919006,-1.7141298,11
c61637,32.954906,28.766571,14
c61639,-45.764458,-28.610767,9
c61641,-18.371513,0.26805073,9
c61643,-18.59565,4.6573234,9
c61644,-31.410898,-24.50796,11
c61645,-27.980238,-20.696941,11
c61647,2.8221242,-38.012432,5
c61653,5.046221,-49.980587,3
c61659,20.52272,8.619489,13
p5391,-33.316814,0.99212563,2
c61672,-1.5367389,-46.089867,3
c61680,-31.697079,-12.374894,11
c61695,3.844462,6.2399817,0
c61699,3.8083658,6.1668096,0
c61702,-7.555417,-12.196086,3
c61705,-5.171611,52.931095,5
c61708,43.484585,-24.236134,14
c61718,20.355282,8.698022,13
c61722,13.041119,60.266613,12
c61728,13.258338,60.306885,12
c61729,-2.61343,10.066911,0
c61737,38.29723,7.054898,13
c61742,31.755259,-7.333504,13
c61745,-6.2561836,-16.010654,3
c61759,-33.063503,27.759329,2
c61762,-13.445318,-1.8559542,9
c61766,-20.932842,41.87042,11
c61767,-24.322067,8.777442,0
c61769,-24.271273,8.801775,11
c61771,-27.028214,-10.919188,11
c61775,-4.8011713,53.403862,5
c61784,-35.74897,-19.37815,11
c61785,-15.997036,12.660554,9
c61788,-6.2885523,-42.50555,3
c61801,-4.9054756,52.993767,9
c61807,-0.04502483,-25.349905,3
c61808,16.511833,20.933605,9
c61815,39.6047,-28.17646,14
c61821,39.09302,39.35865,1
c61823,-27.601112,-10.894781,11
c61836,61.06377,-27.151716,16
c61837,-27.26687,-11.131924,11
c61838,-35.067513,-12.137356,11
c61840,-29.11997,3.4140542,9
c61843,-19.356668,4.6221876,9
c61852,-14.00955,9.966736,9
c61854,42.994217,23.173084,1
c61861,-57.5054,25.604738,13
c61866,57.631897,-43.3746,1
c61867,-54.319233,24.944422,7
c61877,0.9052522,5.7508273,2
c61886,-2.3088102,5.28568,0
c61889,11.633921,9.193884,0
c61905,-57.742146,21.59977,7
c61906,-20.474949,15.85588,3
c61914,32.985195,28.797594,14
c61917,-16.355326,21.320969,2
c61922,-6.636406,8.132471,9
c61923,19.995497,8.634373,13
c61925,69.51766,0.6033919,0
c61927,-33.052544,-14.533882,11
c61928,-15.964498,-7.6449676,3
c61930,-31.120403,-19.2078,11
c61942,5.448483,-9.333722,0
c61944,4.8587174,32.505535,15
c61947,23.009392,-30.065918,16
c61957,59.359013,-29.463303,16
c61960,58.751728,-30.296268,16
c61962,56.417896,23.194092,6
c61966,59.705566,-28.476826,16
c61967,-27.31752,-11.401065,11
c61970,44.280922,23.337708,6
c61977,-41.74739,30.022385,7
c61978,35.870907,37.63356,1
c61980,-14.265259,53.87259,5
c61993,-45.797028,12.299602,9
c61997,40.07292,-15.526974,11
c61998,25.850365,-12.05977,9
c61999,68.25562,0.54662985,0
c62001,68.00685,-13.174964,4
c62002,25.669697,13.421405,0
c62004,-41.282482,-22.571386,11
c62020,25.772095,13.998539,0
c62027,-57.06492,16.602364,7
p5415,16.267784,5.5479403,11
c62037,-17.303928,1.3525215,9
c62044,36.923687,38.174587,1
c62049,-21.838165,39.143368,9
c62051,20.019873,8.887211,13
c62061,1.2206194,10.223894,0
c62062,-36.1962,5.5591564,9
c62063,-36.611027,6.222083,9
c62075,-0.43581498,-35.04609,3
c62086,-30.30949,-12.069417,11
c62094,-49.823185,20.034925,7
c62095,-35.08038,21.618534,11
c62098,-19.983402,38.30239,11
c62099,-54.250168,-0.433811,9
c62101,-15.260176,26.822382,9
c62111,-35.57016,27.891327,2
c62113,-27.664234,0.17042188,11
c62114,-7.008195,46.160755,15
c62120,-24.957075,3.752216,9
c62123,7.004951,2.9569786,0
c62124,-56.94957,17.024075,7
c62125,11.716034,20.549288,2
c62130,-54.96331,27.132978,7
c62133,69.50818,0.5955645,14
c62137,-9.990339,-24.167183,3
c62148,-23.803677,43.719376,11
c62154,35.70366,40.862244,1
p5421,-14.889646,26.813501,2
c62160,-31.922531,-35.483883,2
c62166,69.698326,-13.042271,4
c62168,9.262956,0.08819834,0
c62174,69.69696,-13.040749,4
c62175,69.6584,-13.029685,4
c62180,69.60514,-13.01335,4
c62188,4.2146387,8.471367,0
c62200,-7.515948,22.661406,9
c62206,63.48686,11.38282,8
c62215,9.713603,-2.2066865,0
c62217,-39.536797,27.174908,7
c62221,4.414893,-47.367596,3
c62222,42.071392,-36.56255,11
c62226,-0.053393956,-19.470287,0
c62229,-8.738042,-15.424297,3
c62231,69.58584,0.6217209,2
c62234,18.36879,-49.752857,13
c62235,19.807224,-5.912444,11
c62243,33.613018,-13.638203,13
c62247,10.023556,-43.12603,3
c62248,-2.419295,44.491364,9
c62258,-9.991954,16.91374,9
c62259,34.43541,-5.3717313,13
c62261,4.2315764,10.065422,0
c62263,4.184339,10.287324,0
c62264,17.044134,-63.46022,0
p5427,44.60054,-19.364042,14
c62273,41.891033,33.860027,1
c62274,35.09809,-5.1285954,13
c62277,43.529743,-4.040042,13
c62283,2.1636052,33.428947,15
c62289,57.632263,-43.374424,0
p5428,46.286938,-14.582291,14
c62295,-23.587101,-14.2173195,3
c62300,-39.89432,23.198994,7
c62301,-37.14045,-27.301844,11
c62303,26.534563,26.53033,1
c62305,10.236462,-8.295994,0
p5429,50.0566,-11.953548,14
c62319,-23.935009,-20.13558,11
c62323,17.42413,-63.631687,0
c62325,46.42282,-14.457725,14
c62336,-27.242105,1.6653825,9
c62351,47.08688,-38.44486,3
c62352,47.21259,-38.4556,3
c62354,-4.67479,-9.208524,13
p5434,-46.066875,29.867582,7
c62362,-43.721146,28.079872,7
c62363,13.452538,-11.946638,14
c62373,34.832367,-20.73923,14
c62377,20.281166,8.445654,0
c62384,-13.679457,-20.84974,3
c62393,-46.693367,20.53116,7
c62395,29.216644,21.5583,15
c62406,20.856907,-6.1461725,0
c62417,5.3051023,10.117757,0
p5439,-8.895424,-45.52537,3
c62423,-0.43872157,60.249844,9
c62428,-55.212227,20.071598,7
c62430,0.0088823335,42.313927,15
c62433,-3.4325013,0.8458044,0
c62443,-12.8190155,-29.581602,2
c62447,-14.162226,53.879974,5
c62451,-19.198622,20.541817,11
c62452,-1.1844614,10.378425,9
c62459,-30.152477,15.663675,3
c62463,-8.88238,18.127974,9
c62466,-41.4289,33.786106,2
p5442,-39.991154,19.163465,11
c62468,3.8929965,8.737854,0
c62476,8.019679,1.5556712,0
c62480,20.034294,-7.08937,0
c62481,-15.147594,9.545217,9
c62482,-15.729798,24.17661,2
c62484,4.172447,-9.068794,0
c62488,-0.697345,14.818806,2
c62489,4.749759,9.055857,0
c62492,12.256891,42.276672,15
c62493,-15.739491,21.502312,2
c62494,-43.242844,34.584995,13
c62512,-41.220604,33.82899,2
p5444,20.388798,8.753661,13
c62524,16.82126,11.037877,13
c62525,-41.511745,8.688855,11
c62526,5.2370667,-11.732384,0
c62529,-8.517765,16.207548,9
c62531,41.118336,-20.297722,14
c62532,-30.932919,29.403872,2
c62539,2.3916705,45.71891,15
c62541,12.339257,42.643665,5
c62545,-4.1893377,16.390131,9
c62549,0.13827999,20.636238,15
c62556,10.805193,-0.49135178,0
c62560,-4.2179103,42.85508,9
c62561,-1.8419915,37.108944,15
c62562,-11.098105,-12.971167,3
c62568,-1.434976,6.7989964,0
c62585,-11.459249,37.294464,11
c62589,51.786793,-16.146753,15
c62592,27.683199,2.3333857,13
c62597,16.568485,-63.495922,0
c62599,-37.988506,9.998899,11
c62613,-35.21633,24.332722,2
c62614,-41.651436,24.61089,7
c62620,-0.0480414,20.377983,15
c62623,-39.738037,27.120926,7
c62627,-49.02782,-0.06870277,2
c62632,8.871767,27.10975,15
c62633,30.809414,-8.267766,13
c62635,-44.923172,-1.779978,11
c62640,-37.295895,13.3100395,2
c62644,47.200855,-38.454712,17
c62650,1.8234695,0.73605436,3
c62651,-1.3946776,-47.51224,3
c62669,-43.07061,34.60345,7
p5455,-10.93111,36.68372,11
c62674,-38.01477,26.214153,2
c62676,-55.805634,-1.9491425,2
p5456,-45.801495,14.4108305,7
c62679,-4.421742,7.0905213,0
c62684,-2.6439922,10.009726,9
c62685,69.53315,0.5996765,2
c62695,8.913914,-49.47917,3
c62697,41.87924,-13.607979,14
p5461,14.717138,-63.83611,3
c62702,20.331717,8.94115,13
c62709,-11.425329,31.979347,3
c62723,35.51175,31.257105,1
c62734,48.474247,-9.421103,13
c62743,5.1111197,33.56301,15
c62747,33.43903,-6.8188643,13
c62751,20.331322,8.996216,13
c62757,-0.76606387,-13.409008,3
c62764,38.912964,38.27531,1
c62765,-58.77833,23.701153,7
c62767,-9.918926,-17.290382,3
c62769,33.33841,-16.64668,13
c62782,37.873653,45.86839,1
c62787,43.81733,-21.529467,14
c62788,46.757084,-18.864836,13
c62797,6.7140403,1.7519628,0
c62806,12.380074,42.82324,13
c62814,21.40955,-3.933115,0
c62822,0.07238529,47.79347,15
c62824,-26.721365,32.974792,2
c62825,43.3285,-36.932117,14
c62826,43.465538,-37.05734,14
c62836,-37.12323,32.392796,2
c62848,2.4831364,15.420436,15
c62854,-37.448467,32.280277,2
c62858,37.016033,38.08075,1
c62867,-29.581123,-29.67393,11
c62869,-50.40985,0.24167371,2
c62870,-14.631779,54.573193,5
c62874,-2.6011057,10.018471,0
c62875,-11.515338,31.519995,11
c62880,30.711224,-19.853617,14
c62883,2.1341486,-1.7217181,0
c62889,-31.54664,28.093414,2
c62897,39.533653,-4.7478714,13
c62905,-14.7163725,-2.3094509,3
c62907,-29.449318,-2.650109,11
c62917,37.42672,37.912846,1
c62922,-3.3106515,57.50627,5
c62930,-21.44378,42.755928,11
c62936,22.707064,25.418953,15
c62948,-8.018262,-0.5883278,3
c62949,19.668943,38.64705,1
c62951,71.2327,0.72136486,15
c62957,-25.542295,17.658243,2
c62964,-22.9684,-24.148499,11
c62970,0.705481,-47.82105,3
c62992,-3.4180362,5.6939697,0
c63000,3.0679326,-51.26307,3
c63008,-36.403008,21.295538,0
c63021,32.915676,-15.451548,13
c63025,48.428604,4.9009156,5
c63026,-31.2444,2.73452,2
c63030,-30.721989,31.950645,2
p5487,4.2179017,-24.633547,3
c63033,23.245787,24.415808,15
c63046,-5.326145,40.527664,9
c63050,-34.190895,-38.75658,2
c63054,-6.575189,32.512268,2
c63061,-39.64362,16.209848,11
c63074,12.217546,-22.384111,14
p5490,36.190754,-12.84345,10
c63087,15.530122,37.922935,13
c63097,19.60885,38.563107,0
c63105,-27.191263,-11.255111,11
c63106,-13.740966,6.0924172,9
c63109,-6.727062,-18.819132,3
c63110,-40.162853,-8.106232,11
c63113,2.9190176,-55.33576,3
c63115,-20.895523,-25.67045,3
c63120,-4.0511703,-25.596706,3
c63129,33.105927,-12.740884,13
c63135,17.208559,-11.241307,14
c63138,-45.028934,32.752544,13
c63139,-15.145189,3.0051756,9
c63147,-25.598402,-4.304367,11
c63149,-32.040688,12.341358,3
c63160,40.058765,-27.010727,14
c63172,10.678554,18.43954,0
c63173,22.366089,38.02633,6
c63180,-24.018461,2.1801646,11
c63181,-44.295033,32.972958,13
c63186,42.711926,23.800907,1
c63188,43.764656,-37.067913,14
p5502,-18.572947,-29.560682,2
c63196,0.5958433,-36.028328,3
p5503,52.47811,-9.679654,13
c63205,51.497234,-11.857236,13
c63206,51.276703,-12.431094,14
p5505,9.062124,7.6820254,0
c63217,-19.21558,13.127366,9
c63226,11.429961,7.0307975,0
c63231,-27.07082,8.025631,9
p5507,-37.959618,12.568289,11
c63240,-13.075218,56.3373,5
c63247,7.579309,15.496105,0
c63251,-0.049237873,31.291729,11
c63252,-26.442469,26.232424,2
c63258,51.416103,-13.358273,1
p5511,43.666203,-49.215385,17
c63273,-39.96532,-8.21651,11
c63277,-35.921818,13.711005,11
c63279,47.650707,3.9168127,14
c63285,7.4309735,-10.790863,11
c63287,-17.808558,-31.196898,3
c63290,41.85064,-27.920689,14
c63302,-9.237389,19.67009,3
c63307,-31.236328,18.153301,3
c63313,-38.749935,-15.904803,11
c63316,-32.637646,31.232513,2
c63322,13.942437,-10.096482,0
c63323,31.658182,35.802113,1
c63327,-17.6352,-11.322359,11
c63329,13.857024,60.57242,12
c63342,17.13092,-12.438255,13
c63348,13.096695,60.824776,12
c63352,24.967054,15.798345,0
c63354,23.7951,14.174625,0
c63356,7.4313483,-14.221514,11
c63367,-16.847876,14.481115,9
c63374,-30.554634,11.089987,3
c63377,-26.084522,-2.1655602,11
c63381,2.4746122,-3.2600987,0
c63382,23.917778,15.314521,0
c63392,9.972465,-17.098188,0
c63399,10.966089,-12.149883,3
c63409,-38.323715,34.353405,2
c63414,56.08198,23.069632,6
c63420,23.811825,15.278221,0
c63421,6.843357,23.114897,15
c63422,28.111425,-1.9117838,13
c63424,25.834908,44.78365,2
c63425,-4.17294,52.7513,0
c63426,-50.500675,-2.2360442,11
c63428,-34.05001,11.195422,0
p5526,-29.203447,-5.170346,11
c63437,-3.1109865,54.065002,5
c63440,-28.267946,-3.5538502,11
c63442,-22.325653,-24.587116,11
c63448,-32.144215,-32.241947,2
c63450,43.18104,-48.72308,17
c63453,0.12654294,4.727278,0
c63454,-23.995577,2.1839058,9
c63459,-11.685157,38.261177,11
c63465,-34.9769,-19.746237,11
c63466,70.700005,0.9431686,2
c63474,-30.462263,0.58572036,9
c63475,-29.434708,-2.5576775,11
c63503,-5.527635,-47.489906,3
p5534,-3.145265,44.35627,9
c63508,6.9411197,10.770705,0
c63512,-26.319605,11.260251,11
c63514,1.2058911,4.669063,0
c63516,-34.166164,-13.337834,11
c63517,-24.02245,-6.0715084,3
c63518,32.277203,-14.215381,13
c63519,-40.89802,-15.494415,11
c63531,-35.574757,-34.20197,11
c63536,-2.703834,-41.66765,3
c63539,12.403549,-47.887394,3
c63540,45.376236,-51.09369,17
c63542,-44.779552,-29.100088,9
c63552,19.70776,38.491272,1
c63554,19.489445,38.496555,1
p5539,-16.938406,20.408264,9
c63576,-39.641582,24.678791,7
c63582,-54.626396,17.825304,7
p5540,-7.471363,-7.2572813,14
p5541,10.348373,29.047915,15
c63596,-4.2940807,52.687172,9
c63617,28.793152,43.943684,1
c63622,38.34856,37.325104,1
c63627,-52.746338,-3.0146039,2
c63632,0.062140424,4.6245823,0
c63636,-5.1195297,39.480453,15
c63639,-33.091667,-38.4981,2
c63642,47.65974,5.1660485,6
c63644,47.554672,5.1130104,17
c63648,-29.008179,22.196503,2
c63661,13.670187,61.535385,12
c63665,14.692624,63.46304,12
c63666,16.064297,65.068474,12
p5547,-25.957916,-9.509915,11
c63678,1.4560628,-5.942788,0
c63703,4.7644544,-50.072052,3
p5548,-2.1042514,9.84498,0
c63706,27.93756,2.3226087,13
c63714,-37.67282,-7.942727,11
c63717,-22.329296,-41.633804,2
c63721,18.131395,-14.963274,0
c63728,-30.159382,14.785542,3
c63731,-53.602386,23.044092,7
c63736,18.57132,-37.930515,14
c63737,24.315722,1.0717926,13
c63750,-11.604686,-41.069584,3
c63755,25.641756,-1.8445975,13
c63757,36.769188,43.54441,1
c63761,18.180223,24.069174,15
c63768,33.107765,-21.503565,14
p5555,62.153908,-28.678654,16
c63773,69.54351,0.59460485,2
c63792,-27.704773,-17.777271,11
c63798,-56.05814,21.850468,7
c63819,12.030873,20.584288,2
c63822,1.5068928,58.08626,5
c63845,-12.97323,26.15688,3
p5557,61.495316,-28.391476,16
c63884,10.385423,-18.554636,0
c63885,35.10205,12.874459,13
c63897,15.377232,16.248772,0
c63899,12.129337,3.0798361,0
c63905,0.11992844,11.009737,9
c63911,30.40885,-57.76496,3
c63912,-3.7048259,42.99859,9
c63914,-20.976051,-19.330782,11
c63915,-20.813286,-19.179598,3
c63918,-20.783428,-19.053503,3
p5561,-20.779238,-19.080261,3
c63927,-42.496403,35.084156,2
c63932,-16.703754,20.125942,9
c63933,-35.787155,-4.1434994,11
c63941,-21.666195,13.737879,11
c63953,29.350569,6.901314,13
c63964,33.35233,9.505143,13
c63970,50.484173,-6.744262,15
c63975,-12.510033,-16.793535,3
c63980,51.822247,-11.135836,1
c63981,10.466438,4.51074,0
p5565,5.8634076,-54.207996,17
c63989,69.683716,-13.039903,4
c63996,69.68097,-13.038748,4
c63998,69.72675,-13.061065,4
c63999,69.6834,-13.044031,4
c64003,69.696335,-13.043158,4
c64006,69.6859,-13.055896,4
c64010,33.84811,-45.54144,14
c64014,-22.437605,25.45853,2
c64019,8.395925,14.996994,0
c64020,8.01268,14.477527,0
c64021,8.431883,14.879755,0
c64027,54.187145,-6.242063,1
c64032,-27.183083,36.53432,9
c64033,-16.431702,21.255505,2
c64034,24.80111,24.072172,15
c64040,12.105691,28.371187,15
c64041,-18.906084,15.523717,3
c64043,-54.57694,0.4912226,2
c64052,54.064133,2.7679539,11
c64058,48.43957,-2.9374683,13
c64065,10.010912,3.0692616,0
c64071,25.361738,-9.439,9
c64078,16.571188,-63.515846,5
c64079,16.616135,-63.55549,4
c64080,69.922646,-13.641404,4
c64089,9.781078,-0.97392863,0
c64103,-27.427399,-11.401951,11
c64105,-30.270838,-16.856281,11
c64108,15.21437,-17.051445,14
c64113,-27.475689,23.33524,0
c64114,-32.80925,25.714657,2
c64134,0.5674988,-47.164288,3
c64136,6.742373,-9.0949545,0
c64140,30.408777,5.983769,13
c64141,-9.860107,17.007551,15
c64147,4.8171635,7.741785,0
c64153,38.930065,37.5473,1
c64163,-23.165226,6.028754,9
p5573,45.949356,-17.155533,14
p5574,-7.2090683,44.00953,5
c64174,-54.107166,-1.6570151,2
c64176,-9.686289,8.372446,3
c64178,13.997314,37.27103,15
p5575,39.299824,-25.834341,14
c64187,-44.483017,-14.585736,13
c64200,34.69572,-10.996867,13
c64207,2.3690534,-47.82381,3
c64211,38.137135,46.652046,1
c64214,37.511814,46.065876,1
c64218,-15.522248,54.696976,5
c64219,-18.969849,53.69083,5
c64221,-4.095991,42.999615,9
c64222,-1.8420568,36.184807,3
c64227,-49.71296,20.415325,7
c64229,24.066229,11.57075,0
c64235,12.77713,9.344246,5
c64242,30.89376,9.7527075,13
c64244,-2.7181098,40.263367,15
c64253,33.130898,-0.4936508,13
c64255,6.6168604,2.2288353,0
c64257,-8.051854,-36.50298,3
c64297,43.829475,-37.03571,2
c64298,-9.049507,-14.165298,15
c64311,-0.9968531,3.0849774,0
c64314,-39.56884,-29.45393,11
c64319,19.436808,12.310618,13
c64321,-19.644896,3.1162982,9
c64329,-38.607384,0.3830064,9
c64331,-52.82903,21.725256,7
c64335,-32.89921,10.292341,0
c64343,-20.245604,23.048737,11
c64347,6.876361,23.117155,15
c64350,-36.89109,38.291706,7
c64352,5.0200925,5.675436,0
c64353,-4.3522143,37.57928,3
c64354,10.8201885,22.955156,11
c64357,-54.09441,21.676828,7
c64365,-29.030207,-26.327099,11
c64366,-17.101059,-21.24376,3
c64370,33.24471,13.074344,13
c64372,31.53747,0.6909223,13
c64375,-35.05314,12.569755,11
c64376,28.557108,-28.046232,14
c64383,0.072833695,3.1518958,0
c64387,-0.52209634,-35.9227,3
c64388,-51.39417,-1.6293477,11
c64389,4.9511266,8.74992,0
c64396,-2.531802,10.22952,11
c64397,55.535316,26.200201,6
c64399,-33.017815,31.732044,2
c64400,56.69821,23.840229,6
c64402,0.63100106,-9.856435,11
p5586,36.56188,-30.096518,14
c64411,-35.53473,11.57024,11
c64424,23.728941,15.014225,0
c64432,30.60867,9.046914,13
c64433,47.642933,-16.537773,14
c64435,5.4243593,0.14906743,0
c64436,16.035255,-63.46394,0
p5588,-29.443516,20.643745,3
c64446,8.343648,-1.3706623,0
p5589,7.387338,-27.232632,3
c64450,-31.709837,-13.88333,11
c64453,-20.48697,14.133084,3
c64457,-0.21672256,-38.785805,3
c64460,-29.221037,1.3847728,9
c64471,2.435776,-7.177074,0
c64472,-48.301086,-2.3526227,11
c64482,35.959568,8.89501,13
c64486,4.4517756,-49.81184,3
c64496,32.753277,10.058189,13
c64500,-25.094816,-9.726877,3
c64514,-44.310493,-0.53963715,11
c64515,-27.750257,-7.997629,11
c64519,-50.221603,19.770218,7
c64522,-54.42448,0.07819986,2
c64529,30.258802,8.898143,13
c64530,0.039932158,-45.251446,3
c64533,-11.537763,31.508022,11
c64534,-33.668865,11.073683,0
c64536,-49.614986,14.3524065,9
c64539,-5.5226684,37.60362,11
c64543,-12.963823,56.449154,5
p5599,5.1936464,-48.483364,3
c64554,-24.054266,-3.2959921,11
c64561,-15.072879,23.982683,3
c64566,8.543922,14.97403,0
c64572,-12.197617,32.73668,11
c64582,41.584373,-12.7023115,13
c64594,-19.445549,-6.251011,0
c64600,21.023268,-19.229832,15
c64607,0.9173597,-47.524754,3
p5604,32.954502,28.714178,14
c64616,-50.42519,15.68363,7
c64620,-46.97423,15.652257,7
c64633,-30.535755,-15.854048,11
c64651,-3.1989753,57.57881,5
c64660,19.739338,41.852127,5
c64666,42.042114,39.484722,1
c64668,0.29714233,9.003736,3
c64677,11.573911,5.1084104,0
c64680,23.356895,-0.08047978,13
c64682,30.74751,8.449919,13
c64691,5.8970428,1.544162,0
c64699,33.42999,42.946545,1
c64706,48.022682,4.4331703,5
c64714,23.412058,36.4723,14
p5610,0.20942588,-47.77973,3
c64728,3.103689,-49.39169,3
c64730,-30.16882,24.98778,7
c64735,-45.091187,14.780827,7
c64737,-34.208836,12.653852,11
c64741,28.707796,11.271755,13
c64743,-28.940132,-13.2105055,11
c64746,-38.627132,0.3754176,9
c64771,-20.269403,45.096703,5
c64776,-53.136692,-1.0180167,2
c64777,54.172176,-6.287341,1
c64778,25.021694,-24.783241,15
c64783,-30.725964,-15.811658,11
c64789,1.6382508,-50.259483,3
c64792,-50.988693,20.405464,7
c64795,-23.76912,-0.29794955,2
c64797,-2.4530315,-48.42138,3
c64802,-26.643454,21.312784,3
p5616,30.973309,3.1142375,13
c64807,22.259377,5.180902,13
c64810,-1.9432571,-49.62999,3
c64825,56.002586,25.655376,6
c64826,55.985916,24.703344,6
c64827,56.10975,24.360601,6
c64831,3.8590732,-0.65840805,0
c64842,22.72104,12.924624,13
c64860,-28.834988,18.216938,0
c64861,-29.420055,15.744972,2
c64863,34.210403,-11.976838,13
c64867,-26.505785,-7.6348715,11
c64869,-42.61237,-8.894932,9
c64871,-55.17329,23.235863,7
c64873,28.38734,-3.1450634,11
c64875,-3.296307,57.526356,5
c64879,29.477028,14.186705,13
c64880,25.856556,-18.045752,2
c64886,18.32572,-49.752132,3
c64890,25.140665,14.947949,13
c64904,45.37729,-11.835823,13
c64916,-26.588081,20.872519,3
c64917,57.616135,-43.373425,15
c64920,-20.390228,11.486632,11
c64922,-30.220558,-4.0148106,2
c64924,-26.878532,-6.347794,11
c64930,-51.87849,-1.5388386,3
c64931,-2.57211,-48.82596,3
c64938,4.8210645,-30.743303,3
p5624,23.245274,-15.305239,3
c64946,-2.606459,-1.3555602,0
c64961,33.09241,35.41408,1
c64968,28.971895,-1.565056,13
c64981,39.420826,38.313892,1
c64982,34.130672,-11.880676,13
c64996,-24.210888,0.44516695,9
c64997,-46.009174,4.20029,13
c65004,36.89005,-42.164265,14
c65005,33.996006,62.790684,14
c65011,36.881813,-42.171406,14
c65020,3.69467,-2.333927,0
p5630,-40.04336,16.439165,11
c65035,-46.385532,-27.055363,3
c65038,25.582644,-5.3426943,11
c65045,27.680172,-1.6816642,11
c65056,31.176863,11.363205,13
c65077,32.97132,28.817768,1
c65079,2.4485261,-7.054922,0
c65081,24.941683,-24.828295,14
c65082,0.9345876,36.678795,15
p5638,2.5752027,6.9533772,0
p5639,-4.63396,5.0570993,9
p5640,53.8233,2.6476054,11
c65109,64.833275,12.593408,8
c65112,65.39741,12.382864,8
c65119,5.8822436,7.8772206,0
c65122,-19.396675,-17.755657,3
c65125,-23.291517,25.409246,11
c65131,-22.24143,26.048477,2
c65135,-48.327976,21.298079,7
c65136,-23.359846,25.488216,2
c65144,43.465538,-37.05734,14
c65145,43.722992,-37.112366,2
c65155,19.842453,39.119778,1
c65157,46.521713,-38.671104,3
c65177,-20.309546,-26.618687,2
c65178,0.4424918,9.396412,9
c65180,-40.100487,16.143763,11
c65181,-16.759485,-28.340414,3
c65186,-10.660344,27.420496,1
c65193,2.2540424,-46.327675,3
c65201,-52.450935,-0.07068662,3
c65207,-23.880423,-5.87602,3
c65213,-17.981277,10.958105,9
c65216,36.573162,-28.879265,14
c65226,10.741612,11.567503,5
c65229,34.03426,-14.929393,13
p5654,28.163025,30.322464,1
c65232,12.036466,-18.235569,14
c65233,33.92783,2.091643,13
c65236,-51.0478,20.566158,7
c65239,21.52361,16.029158,13
c65242,-25.736736,-3.2859232,11
c65244,30.628334,10.780853,13
c65249,-16.567183,-40.140354,9
p5660,32.676918,-8.117858,13
c65270,-51.71875,-1.4059675,11
c65275,-43.568115,-11.508749,11
c65277,-27.936047,11.182372,11
p5664,33.77441,31.79402,1
c65283,47.07502,-5.377131,13
c65296,-31.591192,11.773295,3
c65299,29.299938,1.6995832,13
c65301,-31.601301,17.595066,7
c65302,40.573032,39.748108,1
c65305,-29.205793,-26.53109,11
c65309,-44.025814,-30.05305,2
c65317,1.608416,-44.137157,3
c65322,0.11435473,-41.6257,3
c65323,12.372833,-9.779626,0
c65328,32.716877,-2.2359233,13
c65329,32.398117,10.303883,13
c65338,-51.015266,-1.6272047,11
c65341,4.177961,-50.481968,3
c65344,51.428837,-11.861307,13
c65348,-27.275097,-11.789817,11
c65349,-7.1047525,52.532276,9
c65350,46.777607,-38.265076,11
c65353,2.7882109,-14.395895,3
c65365,-5.7534537,43.18611,9
c65369,3.7606475,-50.00472,3
c65375,-15.99363,-21.00402,11
c65378,-51.353546,21.632462,7
c65379,-28.56941,8.81373,3
c65390,-50.288555,17.363628,7
c65394,-8.883676,-15.3084135,3
c65395,-13.363829,16.560127,3
c65402,1.6027169,-1.1869347,0
c65408,25.98302,16.975195,9
c65425,-54.76166,21.838934,7
c65427,-46.898613,15.045723,7
c65428,-27.692781,0.16710229,9
c65430,-17.912477,1.4918088,9
c65431,-17.895813,1.5444435,9
c65448,-0.5939897,-24.986074,3
c65461,-41.0009,19.281773,3
c65466,14.84229,64.09588,12
c65469,13.3218355,61.4412,12
c65476,56.15969,-43.272793,2
c65480,-36.227116,1.9488862,9
c65481,69.536705,0.6073192,2
c65482,5.0963244,-21.585278,0
c65497,-35.00586,3.9076636,9
c65498,16.87942,-63.031612,7
c65499,-24.755276,7.3550115,9
c65500,8.517127,14.897992,11
c65504,-37.6726,19.777592,7
c65509,-19.874763,25.7596,9
c65510,19.705843,9.701733,13
c65515,-21.04148,45.307846,5
c65519,-3.3074822,-2.8520331,3
c65529,-25.161715,-4.0235896,11
p5678,17.681824,-45.389767,14
c65542,43.03309,-17.227179,17
c65570,11.548406,-17.28593,14
c65574,14.933076,-58.887028,3
c65575,31.66023,0.7232014,13
c65576,4.9493957,-3.7497733,0
p5682,-4.1728077,0.008541404,0
c65578,71.12466,1.0558434,3
c65581,-13.933612,35.780556,11
c65589,-3.2535923,-49.59576,3
c65590,-4.3198385,-44.307537,3
c65593,3.129237,-49.02149,3
p5683,-31.441599,-43.958397,2
c65600,-49.883972,14.345105,7
c65607,5.042638,-6.8145976,0
c65617,-1.5927942,-48.28151,3
c65618,35.869423,-4.729319,13
c65625,30.43565,-3.117325,13
c65641,-0.4739792,60.143867,14
c65671,-26.773203,-11.796287,11
c65672,-23.64442,43.584488,11
c65680,37.65384,0.96741575,13
c65682,-53.353348,18.128616,7
c65693,16.402544,-15.824613,0
p5688,33.769867,31.84419,1
c65696,40.854424,-14.106571,11
c65697,6.446163,5.2791705,0
c65705,25.51736,4.3176327,13
c65710,4.8976326,-57.491585,13
c65717,-3.437042,31.376934,3
c65720,16.266125,-63.28326,0
c65728,-41.46263,-22.501492,11
c65730,-0.5194598,-27.711243,3
c65739,-35.27516,29.485252,7
c65741,-11.129304,-15.773745,3
c65743,9.776777,-25.150682,14
c65746,-36.365005,32.91565,2
c65749,-42.839905,34.750114,2
c65758,-35.087646,-28.650131,11
c65759,-53.498882,-0.8465314,2
c65788,30.226074,-58.128567,15
c65793,-7.181743,-47.854927,3
c65799,5.319165,5.7364235,0
c65804,-53.05147,23.429846,7
c65808,-1.8606434,-9.137724,0
c65823,27.92865,-6.4407434,1
c65826,24.81083,-7.9351954,9
c65829,-4.92893,13.404142,13
c65838,44.987198,-11.766084,0
c65842,-41.10492,28.809662,2
c65845,26.515898,15.604606,13
c65847,51.078663,-10.734113,13
c65869,6.605363,5.166092,0
c65872,33.430325,9.514178,13
c65874,12.81307,13.782928,0
c65878,-50.894234,-0.52699214,3
c65887,-2.561373,38.120926,3
c65892,-30.676794,5.986704,9
c65899,-7.991673,38.47124,9
p5698,13.461976,19.010921,9
c65905,24.599977,-22.738962,15
c65906,-0.6832075,1.6558837,0
c65911,18.376823,-40.22264,14
c65940,-37.213272,-14.852953,11
c65942,3.9177117,-2.7807972,0
c65944,-27.504969,-10.824739,11
c65957,-54.148857,20.742983,7
c65958,-21.909073,-30.082844,3
c65970,23.141384,-9.938765,13
c65979,13.986235,-37.92927,14
p5705,2.4919877,-54.356712,3
c65985,-53.268955,-0.8150055,2
c65987,-47.452156,-4.882294,2
c65989,-50.348423,-2.4531388,2
c65991,-43.847313,-14.742657,11
c65992,-35.676914,-19.21619,11
c65996,-51.542274,16.74429,7
c66005,7.0545683,-4.9940057,0
c66009,15.63617,-61.947037,3
c66010,17.952467,-62.984642,0
c66012,15.127134,-17.634396,14
p5706,15.261275,-17.389784,14
c66017,19.347296,8.79056,13
p5707,-11.010857,36.702755,11
c66024,30.033382,9.951825,13
p5708,-14.958489,0.2314621,3
c66026,-39.100704,20.513144,11
c66037,-28.294662,3.5833526,9
c66042,39.959282,40.13074,1
c66045,33.89634,14.091693,13
c66051,-6.4110017,3.2436876,9
c66054,-5.754702,-7.3098736,0
c66057,-26.767647,2.1877813,3
c66060,-26.72706,1.0746145,0
c66068,-9.69217,31.149971,0
c66069,-44.911034,-12.938457,11
c66071,-32.766598,-11.098053,11
c66073,-12.421915,10.686968,9
c66075,44.828045,-8.007436,13
c66079,49.615215,-9.348943,13
p5715,49.68271,-11.096596,13
c66103,69.55137,0.5851202,2
c66104,-57.30171,13.995125,7
c66105,-46.964153,17.46302,7
c66130,-20.823597,10.130583,9
c66132,-49.535885,2.6905224,2
c66135,-7.1016955,2.213675,9
c66139,-39.829865,-9.79066,11
c66145,-26.537928,-4.6569805,11
c66151,17.752018,-21.239676,14
c66155,-20.1454,-26.700598,2
c66157,18.391197,-4.6700864,0
c66175,-11.626485,-0.6187347,9
c66185,26.022694,-24.936562,14
c66186,-15.232692,0.26407516,9
c66188,-9.383449,30.726084,11
c66200,6.469272,35.029053,15
c66204,-7.6153264,-44.442074,14
c66206,-37.81805,-35.59573,16
c66210,-5.4104605,18.619614,3
c66226,38.317356,-23.398691,14
c66230,-32.45052,-17.859495,11
c66231,31.753242,-18.27014,14
c66232,24.831886,1.1002567,13
c66234,35.544693,-8.124461,13
c66236,-44.23723,28.222126,7
c66239,1.8160411,-51.877743,3
p5725,8.290741,-48.84818,3
c66245,36.88938,-42.164555,14
c66247,-3.6958458,-29.387794,3
c66251,36.93974,-42.162605,8
c66257,29.924065,-32.41765,16
c66259,39.38316,-28.506037,14
c66270,4.5419507,-39.702988,3
c66271,21.903164,-27.31608,3
c66277,0.3228295,-1.3162045,0
c66281,4.2205715,-48.285934,3
c66283,4.245475,-48.490086,3
c66295,-19.755543,-22.556715,11
c66299,-0.4155275,-47.870625,3
c66312,1.9774626,-47.516613,3
c66313,0.6112965,-46.490925,3
c66314,0.19080362,-47.60962,3
c66316,-19.324495,50.387775,5
c66317,1.9435204,17.564478,3
c66318,-0.7345539,-47.51349,3
c66319,22.764217,-24.18108,14
c66321,-2.0625768,-49.648563,3
c66324,-2.7558043,-10.298992,3
p5737,3.7479484,2.9223876,0
c66336,2.364605,-7.262035,0
c66342,-9.8497,-9.50278,0
c66357,-13.119219,6.1856823,9
c66362,-40.12525,-3.38397,14
p5741,35.13591,-20.101114,13
c66368,-1.8977898,-3.6779256,0
c66371,0.3964397,-41.686287,3
c66372,32.438747,12.291043,13
p5742,-56.064236,22.607399,7
c66379,0.8188004,-22.436367,0
c66385,27.848505,17.020113,13
c66393,-25.868565,26.709766,2
p5743,6.6307926,-36.65325,14
p5744,-3.2194588,57.54303,5
c66401,30.72113,7.853969,13
c66402,43.465538,-37.05734,14
c66405,-3.4826562,-36.89452,2
c66406,-57.326912,25.962711,7
c66408,8.798471,-31.888336,9
c66414,-6.7229004,-11.382019,3
c66419,18.574648,-15.015492,13
c66420,21.0605,-19.247816,13
c66427,-56.4906,24.013529,7
c66428,49.001682,-7.033956,13
c66431,3.5240397,-21.710339,3
c66433,53.639458,-9.745667,1
c66434,51.927006,-9.885365,13
c66445,-22.261356,48.224403,5
c66449,-52.322792,15.889987,7
c66450,-27.626463,-12.608735,11
c66461,-54.889088,22.710993,7
c66486,33.84962,-45.53957,14
c66489,-11.332936,32.08165,11
c66493,-28.276352,26.453482,2
c66496,-7.2566576,-42.794895,3
c66498,-6.291095,-16.604483,3
c66499,-2.6610448,-4.718179,12
c66504,-1.4130853,7.5637555,0
c66508,-0.30540723,8.139212,0
c66512,10.6774645,24.313818,14
c66513,-0.768439,37.528362,15
c66521,29.692812,17.859753,13
c66523,30.722086,8.734319,13
c66530,3.1776114,-17.775295,3
c66546,27.491123,8.235872,13
c66548,30.662962,-8.33524,13
c66551,45.99308,-51.731487,17
c66552,38.95343,41.42556,1
c66555,39.11331,41.45047,1
c66567,-18.067772,12.789416,9
c66568,-30.937647,14.311065,3
c66569,22.191618,25.293781,15
p5760,-11.349649,-47.29364,3
c66581,-49.950603,1.4002161,3
c66583,-50.022594,1.2624075,3
c66584,-53.786163,-1.1086235,2
c66586,-2.0274897,10.930332,9
c66588,-20.620132,-27.371927,3
c66593,-14.411767,56.39026,5
c66607,-52.478123,20.995014,7
c66608,-18.729393,11.359195,9
c66618,-52.381973,-1.2088687,2
c66620,-18.71352,11.251301,9
c66630,9.5493555,14.1717005,0
c66645,26.837831,5.6232176,13
c66662,-42.492214,0.010707615,11
c66663,-41.852142,8.823547,11
c66673,30.856215,-3.5042083,13
c66677,40.079666,20.250486,15
c66686,51.364136,-10.547936,13
c66688,11.975778,3.1930585,0
c66693,-5.770761,-5.4160886,9
p5769,9.7069235,-41.249237,2
c66699,-41.196133,26.360996,7
c66706,3.4577332,-34.985764,3
c66711,61.54517,10.400656,8
c66713,61.530384,10.349328,8
c66714,8.297841,15.7400465,9
c66717,7.9826155,15.540507,11
c66719,37.000675,41.67801,1
c66730,23.743898,-12.195724,13
p5770,-15.535823,20.09728,11
c66737,-23.746456,43.199512,11
c66738,37.827827,42.15284,1
c66739,-0.03304727,-12.579991,3
c66740,-2.4508154,-7.908884,3
c66745,-17.027874,11.232029,3
c66748,-10.381943,10.555568,9
c66749,21.760408,17.221348,3
c66750,14.419716,9.537237,0
c66754,-45.83221,-13.52732,11
c66756,-45.760864,-13.443858,11
c66762,61.934288,10.103679,8
c66765,5.5045123,-3.6906352,0
p5771,-32.018234,-7.31282,11
c66776,-40.258877,-3.7498548,3
c66782,61.694916,10.263572,8
c66787,-40.22011,15.893275,11
c66794,12.885231,-63.949806,13
c66802,-20.47452,6.352274,9
c66803,14.528836,9.648479,3
c66808,40.0082,40.1858,1
c66821,-5.6638637,-5.456535,0
c66827,-24.466095,-14.969359,11
c66830,-42.815895,22.158485,7
c66832,-45.54978,-7.968193,2
c66836,-33.5396,12.511161,11
c66837,-21.361055,21.191233,9
c66844,0.17766358,5.813325,0
c66847,-15.523486,2.7724903,9
c66852,-45.07729,-12.904863,11
c66853,26.985174,5.7459183,13
c66855,-12.10431,27.690025,9
c66860,31.495598,3.911907,13
c66864,2.438691,33.066513,15
c66868,-40.004913,16.372957,11
c66879,50.579372,-12.073834,13
c66882,-25.761402,21.465593,1
c66885,0.120579876,17.550985,9
c66887,-35.582413,5.9072456,9
c66888,1.1458647,37.045525,15
c66890,-19.487808,6.274616,9
c66893,-53.645832,16.514713,7
c66897,11.752398,-25.075134,9
c66907,-34.073116,-3.2213962,11
c66910,-43.5519,4.0826583,11
c66914,-33.171463,-9.404487,11
c66918,-35.124825,12.903592,11
c66924,-15.847437,54.62791,5
p5779,1.5094564,-52.804947,14
c66926,-35.272373,16.438717,11
c66930,-35.296288,12.709222,11
c66931,19.951715,35.471153,14
p5783,7.7018633,15.876034,0
c66934,-15.410998,-12.123974,11
c66936,-43.856304,8.904191,11
c66944,19.957066,8.94334,13
c66945,13.069987,60.55462,12
c66946,14.099221,61.813473,12
c66949,13.971522,62.069767,12
c66952,15.791023,62.448082,12
c66953,17.726622,62.795967,12
c66955,13.369582,60.678528,12
c66956,16.124546,62.644123,12
p5786,12.282383,57.525795,12
c66963,12.404709,-41.2904,2
c66964,41.24603,-30.512016,8
c66965,13.129284,-11.313013,9
c66974,22.14528,15.116558,13
c66978,2.6688244,-4.387206,0
c66980,4.740686,10.003676,0
c66986,-51.90112,17.221334,7
c66987,-50.94942,20.661886,7
c66988,-10.292111,-41.713898,3
c67002,-25.443956,0.10446487,3
c67006,7.646245,-29.095139,9
c67011,20.693008,9.15622,13
c67012,13.185541,8.008493,0
c67021,-1.7067691,-40.671074,3
c67025,17.742,-63.28078,13
p5794,28.237701,30.292334,1
c67030,25.36773,-2.8299463,13
c67050,-20.444471,0.18922938,9
c67054,43.785393,35.878685,1
c67055,-28.082235,-1.092253,11
c67058,8.673955,11.752979,0
c67060,11.447121,50.5862,15
c67066,7.784817,15.536626,0
c67069,-42.436268,0.13755578,11
c67072,-56.525314,15.743695,7
c67089,-57.293507,17.570526,7
c67099,25.264498,-3.039887,13
c67100,-26.088322,-31.048574,11
c67108,6.454143,35.046738,15
c67109,21.85997,-26.06302,14
c67120,-24.003843,11.771412,9
c67132,-40.158943,16.032991,11
p5805,32.28079,27.119268,11
c67136,19.871847,40.82578,1
c67137,31.090681,44.16736,2
c67141,-13.304921,27.630732,2
c67144,-35.266212,4.9204817,9
p5807,-2.363772,36.112545,3
c67155,-53.15926,18.921877,7
c67161,-3.3633704,-49.59266,3
c67163,-43.864014,8.76826,11
c67172,-5.8048816,-45.334164,3
c67182,-2.458485,-23.371685,3
c67187,-34.024952,5.8891277,9
c67190,-46.053295,-27.70374,9
c67193,-55.354496,21.583307,7
c67197,-1.8426567,54.7426,15
c67201,-46.533558,17.287449,7
c67206,25.269583,-23.903233,15
c67207,32.605118,-24.152288,3
c67220,-42.87733,-4.821355,11
c67222,-38.028675,13.036188,2
c67225,-1.1310827,10.881483,9
c67229,3.9766884,-20.990664,3
c67239,-37.242855,2.6712303,11
c67249,-28.126308,-10.713282,11
c67251,15.006715,62.59196,12
c67258,14.432248,62.08375,12
c67262,36.173603,-4.3737907,13
c67267,-54.100235,16.27637,7
c67269,-2.5841944,44.659393,9
c67273,-47.494213,26.081795,7
c67277,10.878571,-6.6057277,0
c67278,42.16397,37.074978,1
c67281,14.358418,-39.390697,14
c67286,47.14013,-8.960045,13
c67290,-40.25824,15.824947,11
c67292,-2.560655,36.108795,3
c67294,-21.000504,9.712828,9
c67295,7.2868214,8.520773,0
c67298,38.556744,38.173477,1
c67300,-29.60666,22.035597,2
c67302,11.447322,50.587,15
c67316,18.377031,-39.96428,14
c67317,-27.453714,8.079636,9
c67326,11.447474,50.586815,15
p5820,-8.952427,-43.542892,3
c67336,30.24056,-56.184948,9
c67342,-13.935006,2.4478822,9
c67351,71.14515,1.0482366,3
c67356,-29.196575,1.4542315,3
c67358,-17.385141,15.064705,9
c67361,4.8937807,17.332617,2
c67370,-14.7811575,0.22889341,9
c67371,-7.2138476,-47.851414,11
p5826,-19.574598,-22.403496,3
c67380,-10.79674,32.040867,11
c67391,19.93235,8.997431,13
c67396,57.63134,-43.374798,7
c67398,38.75822,37.16252,1
c67400,0.17630515,-17.108946,3
c67402,20.011076,8.996666,13
c67403,12.611876,17.413551,13
c67406,1.8190967,-41.266945,3
c67409,18.218822,-14.928438,3
c67410,-24.317768,-18.600573,3
c67412,5.30992,-11.068528,0
c67413,9.984404,-16.877693,3
c67419,-48.539253,28.545574,7
c67424,15.282241,-13.263777,0
c67432,-56.261276,22.904282,7
p5830,-1.142176,14.727176,0
c67440,-28.568848,16.982855,3
c67442,7.3092833,8.471785,0
c67446,-22.47406,47.98238,5
c67447,-17.491606,-20.207752,3
c67451,-42.839905,34.750114,2
c67453,-23.498665,-29.894753,3
c67457,-22.552084,25.863934,2
c67463,-14.995094,-27.116869,3
c67469,-18.56681,-21.386036,3
p5835,-42.890846,25.428207,7
c67473,-21.547808,6.7325873,9
c67476,6.394734,4.3602176,0
c67477,-27.920082,-1.225502,9
p5837,37.3294,45.81165,1
c67479,-43.678673,28.397575,7
p5838,9.119222,-44.342304,3
c67483,36.286922,0.6898494,13
p5839,36.081806,0.75046325,13
c67485,28.88852,18.840462,5
c67502,14.649342,-11.254157,13
c67504,50.671783,-7.3637695,13
c67505,46.010426,-12.300184,14
c67509,8.005691,16.1692,11
c67515,-16.257742,-17.94151,3
c67522,-32.22917,14.095421,3
c67523,-0.3404944,7.20357,0
c67526,-41.06791,-15.462696,11
c67532,7.4916787,-46.649925,3
c67537,-20.35254,17.124344,0
c67541,4.434456,-45.075882,3
c67542,34.16625,38.65021,1
c67545,-9.950952,53.76691,5
c67547,45.54011,-11.173382,13
c67553,-37.45053,32.272842,2
c67557,-37.553185,32.15834,2
c67558,-37.562958,32.291775,2
p5845,2.279377,-11.7538395,0
c67579,69.686905,-13.041627,4
c67591,-1.2275044,-40.766415,3
c67593,-20.686277,-32.613014,11
c67599,-45.71804,-13.371882,11
c67604,-51.754173,-1.525433,11
c67609,-58.79597,21.633476,7
c67618,-7.9686966,-14.286356,0
c67621,14.292608,-28.619104,14
c67625,-29.377525,-7.289148,11
c67630,44.27627,37.680737,1
c67634,-34.993633,-17.4983,11
c67635,-19.620079,23.72401,9
p5848,39.44942,28.702177,10
p5850,2.0435483,-1.3524466,0
c67644,11.333187,-17.486248,0
c67650,16.00608,-60.14656,0
c67653,24.560276,-22.279146,15
c67655,15.390366,-13.831908,0
c67658,-41.359417,-8.340369,9
p5853,39.421894,28.723366,10
p5856,19.084352,42.244823,5
c67670,18.976824,42.344406,1
c67677,31.123201,-3.825194,13
c67683,19.889845,8.85098,13
c67697,18.870771,42.794853,5
c67701,-41.495167,29.463491,7
c67703,29.775238,8.483051,13
c67707,-0.92330575,32.13443,5
c67714,19.437922,8.706454,13
c67726,33.302803,-35.328117,14
c67731,33.30296,-35.328278,14
c67739,-2.565644,36.351204,3
c67740,45.884155,-10.2844925,14
c67745,5.1452436,-54.28496,14
c67747,-0.13215253,-40.40667,3
c67748,-0.17658418,-15.570015,14
c67749,-0.7825395,-16.318361,3
c67750,-43.18443,2.1119423,2
c67767,18.15159,9.592257,13
c67779,36.806534,32.893448,10
c67787,-13.828314,-14.915843,3
c67788,2.3938658,-52.654655,3
c67789,33.851685,-45.538982,14
c67791,-35.514233,13.709916,0
p5863,-31.73507,-23.067038,11
c67792,64.98784,12.403037,8
c67794,-15.9526615,-12.928065,3
c67796,-8.428907,-23.217083,9
c67804,-22.851992,-1.2590733,9
c67807,-17.066427,0.9226629,9
c67808,-28.774708,-10.155494,11
c67817,10.242309,-33.305023,3
c67818,1.1268997,-38.129066,3
c67821,4.1823964,-50.70784,3
c67835,-36.528824,4.014859,9
c67841,-4.6747394,-30.088913,14
p5865,8.887726,-22.10402,3
c67846,31.452517,4.0683236,13
c67848,32.99216,10.842763,13
c67850,-3.6958694,16.839241,3
c67860,-41.43555,26.173294,7
c67869,6.7770524,-1.2226082,0
c67898,-17.657612,7.39816,9
c67902,71.14515,1.0482366,3
c67910,20.088394,9.014087,13
c67912,0.33403432,-48.197464,3
c67922,-29.847067,6.44816,3
c67931,-45.530994,-13.190042,11
c67935,31.053812,-11.727548,13
c67939,-43.42479,27.71299,7
c67945,-2.1471918,51.125137,15
c67948,29.197214,19.815195,13
c67953,6.2942877,-13.76839,3
c67955,43.756706,-15.726618,14
c67957,15.344776,-9.386805,0
c67959,-45.205254,27.121384,7
c67963,-2.8017306,58.070564,5
c67974,-8.844892,30.334433,0
c67981,-56.71337,19.391197,7
c67989,66.354164,13.739134,8
c67992,-30.85626,9.0096245,3
c67994,-53.632137,20.107721,7
c67996,-31.181698,-17.424925,11
c68000,12.8444395,32.962906,9
c68001,-3.424104,57.2112,5
c68002,-3.1289825,57.812893,5
c68006,-14.101832,35.87118,9
c68012,42.172913,37.046562,1
p5875,31.949438,-0.7410261,0
c68015,-0.07456842,54.484688,15
c68022,43.085335,36.23628,1
c68024,52.37729,-6.2027807,15
c68025,49.01396,-8.652536,13
c68029,0.8852098,5.4216223,0
c68030,-53.23804,20.00818,7
c68031,7.886253,16.15753,0
c68037,23.255999,41.236916,13
c68042,0.5933167,29.960442,11
c68043,2.5399575,32.34149,15
c68044,3.5617144,33.323795,15
c68058,2.151551,-11.644358,3
c68069,-30.479645,16.25748,3
c68071,-1.8679713,50.964382,15
c68074,41.211506,43.183758,1
c68076,-2.6603105,13.351103,9
c68083,-32.895023,12.968384,11
c68124,12.440109,-10.602041,0
c68126,24.041481,-6.7322426,0
c68132,-13.467862,-10.12562,3
c68133,24.067797,-6.707064,11
c68134,40.15559,-28.998442,14
c68156,33.185856,26.609146,13
c68176,-0.5090278,-24.082714,3
c68184,32.034077,47.3625,1
c68186,-2.6647272,58.337845,5
c68191,21.418869,-17.68312,14
c68192,47.439335,4.4294147,3
c68197,47.75654,4.3370347,14
c68202,33.58632,-1.8426862,13
c68209,31.024931,-11.574877,13
c68214,21.72622,9.28962,13
c68216,29.75042,18.009264,13
c68218,-0.8529414,59.82887,5
c68221,21.739656,-4.961231,0
c68226,33.598408,27.081812,1
c68229,47.84188,4.620762,14
c68230,-43.3218,-12.02528,11
c68237,5.4968367,-1.8596957,0
c68240,42.733208,-12.618811,0
c68251,42.22048,-18.404102,14
c68252,37.50382,38.17249,1
c68255,47.74781,3.3086479,13
c68257,47.213326,3.7911756,13
p5884,-14.867288,27.127,2
c68264,-9.149075,17.740906,15
c68265,34.269184,27.20427,1
c68268,-47.129066,17.437513,7
p5886,-28.938242,18.229734,0
c68271,-28.917223,18.336779,0
c68273,-43.30705,9.50425,11
c68277,14.221571,-12.479645,0
c68280,65.359924,12.287372,8
c68283,64.50482,12.751747,8
c68287,66.50411,12.353277,8
c68290,-29.198692,-10.515764,11
c68295,1.3323053,37.3513,15
c68296,-38.709244,-7.0036235,11
c68298,-8.808219,11.800291,0
c68302,-23.581837,16.713993,0
c68312,-44.788258,9.266807,11
c68315,-46.945004,33.977547,13
c68319,3.631561,34.021217,15
c68327,-16.571865,4.102274,9
c68333,-25.467854,-16.851675,3
c68336,-30.193893,19.131298,7
c68348,20.608154,42.36632,11
c68362,-14.287673,-4.670677,3
c68366,-19.936016,4.294677,9
c68372,12.587584,-33.777504,3
c68379,-14.883257,20.247362,9
c68382,-34.677334,22.133038,11
c68385,-11.2633505,37.466816,15
c68391,-21.33451,4.344644,9
c68396,-26.853312,5.7780805,3
c68403,14.604641,9.739584,0
c68405,-24.538027,-1.4951648,11
c68406,-3.4157286,-3.9048932,3
c68414,-54.634804,22.100014,7
c68421,-45.959885,-13.261488,11
c68428,-42.633762,27.636074,11
c68436,-24.03431,-23.618015,3
c68441,-16.620085,-3.0739496,9
c68447,-28.552654,18.294416,0
c68449,4.2355127,-5.6090717,0
c68451,-30.122719,15.735429,0
c68453,-5.8465667,35.76876,3
c68456,36.876446,-0.637524,13
p5898,39.431057,28.710655,10
p5899,20.612036,41.405094,1
c68459,-15.370055,18.209988,3
c68469,16.66942,2.0421386,13
p5900,-38.588448,37.241093,7
c68478,-43.633373,-15.150945,11
c68495,-38.31503,37.507584,7
c68500,12.116867,-24.596922,9
c68502,-38.981266,37.113804,2
c68508,22.536768,39.50139,5
c68511,-39.032776,37.268635,15
c68513,5.182967,-53.625435,9
c68517,-3.2909176,-3.7761614,0
c68519,-9.676541,7.462534,9
c68520,32.888397,28.586601,13
c68525,-10.413617,7.200609,9
p5903,16.743889,-51.630703,6
c68533,-40.052868,16.734041,1
c68534,29.123543,0.2689269,0
c68535,36.75713,46.079105,1
c68538,-3.3676667,37.714775,15
c68541,-7.5696077,-9.213354,3
c68542,-44.927628,-12.814045,11
c68546,-9.947874,1.7158239,0
p5904,27.183958,1.3642046,13
c68549,13.541173,11.622311,3
c68555,0.2975695,29.598946,11
c68564,52.38386,-6.3809223,15
c68570,16.073017,-64.03347,9
p5912,35.37546,32.945576,10
c68577,13.365707,39.68702,13
c68580,40.236732,3.917211,13
c68585,-29.76879,18.748165,0
c68598,-35.736305,11.413412,11
p5919,43.87073,-49.248653,17
c68601,45.324394,-50.85629,17
c68607,65.34016,12.26532,8
c68609,-35.038624,12.747175,11
c68612,-38.7248,37.369434,0
c68617,21.783178,24.773762,15
c68618,3.6274002,7.7025485,0
c68621,-3.2685277,15.506303,9
p5921,42.410095,-13.201535,13
c68624,-29.838549,2.3292916,3
c68633,-38.738216,40.15082,15
c68636,9.674596,14.151701,14
c68638,-40.92842,26.911734,7
c68646,-3.5244777,37.633064,15
c68647,-24.815765,-4.666746,11
c68653,16.384705,65.21542,12
c68660,15.349888,63.555523,12
p5925,12.193529,57.406376,12
c68663,-10.229543,4.540375,9
c68665,-61.287003,19.651701,13
c68671,-39.955723,-3.8459136,11
p5928,-1.5418168,8.830933,0
c68689,-14.626508,4.337164,9
c68710,16.659866,-63.54629,3
c68711,13.4508915,-46.787952,14
c68721,11.44767,50.58705,15
c68724,11.447801,50.587032,15
c68730,11.4478035,50.586384,15
c68744,-15.729582,-29.199842,3
c68748,-22.471035,44.287548,11
c68750,45.351048,-50.903263,17
c68758,-41.003033,20.732346,7
c68759,-44.997665,14.809321,0
c68766,20.577438,8.295016,13
c68771,-19.839546,0.7330666,9
c68777,-22.066454,-1.3831686,3
c68778,10.847192,-28.855175,3
c68783,-53.259712,15.251422,7
c68789,35.72539,48.166363,1
c68796,38.444435,42.606846,1
c68800,-56.12555,19.314684,7
c68805,11.129263,-27.412384,0
c68806,21.561863,40.14438,1
c68807,-38.70404,5.5520673,9
c68810,45.313084,-50.772972,17
c68811,-9.093133,-0.30422488,9
c68817,-53.958504,16.168865,7
c68821,-29.388063,-12.052709,11
c68839,54.458508,-9.106809,1
c68841,-11.268335,-2.2151923,0
c68843,-28.562197,-0.4247898,3
c68854,-3.6372688,32.771416,3
c68862,-9.753844,4.470548,9
c68871,1.0076984,42.16488,15
c68889,-31.346628,15.217446,11
c68892,-0.6084522,-0.717169,0
c68900,-39.578915,10.428197,11
c68901,45.34529,-50.499557,17
c68906,19.972322,8.812669,13
c68912,-3.6009912,-10.356687,3
c68916,-1.7343361,51.94445,15
c68927,-13.178278,27.918224,2
c68929,45.348534,-50.707775,17
c68940,-41.344444,-17.817642,11
c68952,15.948977,63.78623,12
c68956,15.909748,60.09836,12
c68957,12.120792,61.7184,12
c68958,16.711628,61.866344,12
c68963,71.14515,1.0482366,3
c68964,-9.145781,-19.459751,3
c68971,53.317547,-9.1196995,1
c68972,-29.028805,-11.809728,11
c68973,52.03784,-6.568917,13
c68977,-22.714594,11.82897,9
c68979,57.619114,-43.37367,9
p5953,-36.18329,22.464851,11
c68989,-42.982407,5.977175,11
c68994,-19.587555,-9.013303,0
c68998,-33.158634,-4.9020944,11
c69004,5.3625393,-53.48039,9
c69006,19.89484,9.164945,13
c69013,-41.03905,24.892101,7
p5955,-10.476924,2.1517255,0
c69026,-29.387821,-12.285231,11
c69027,-11.436508,37.325413,11
c69033,33.27487,-35.36773,14
c69034,33.34976,-35.2267,14
c69036,33.35094,-35.225067,14
c69038,33.35054,-35.225864,14
c69043,12.147861,-17.46059,0
c69045,10.496766,-16.705875,0
c69048,5.248821,9.961848,0
c69049,-11.240635,21.50873,1
c69061,-47.502483,18.555256,7
c69067,14.435991,18.802713,13
c69068,-26.823633,-28.825659,2
c69072,-9.792433,7.8943386,9
c69074,-54.56588,21.86313,7
c69078,71.14515,1.0482366,3
c69079,39.16182,-30.744728,14
c69091,30.510075,14.598948,13
c69095,-44.263985,-29.55556,11
p5960,61.76644,-28.209976,16
c69098,37.777733,44.657757,1
c69108,-15.226962,27.563774,2
c69117,62.334644,-27.864527,16
c69119,61.943817,-26.772732,16
c69126,61.45997,-26.97018,16
c69130,-33.700394,13.626365,3
c69135,59.472862,-28.8167,16
c69137,60.483463,-28.366728,16
c69140,60.31854,-28.406042,16
c69142,59.03806,-28.705826,16
c69152,59.008762,-29.1506,16
c69162,38.06557,42.483513,1
c69165,-53.324528,18.968233,7
c69166,-3.903232,30.182165,15
c69167,9.924231,37.553368,15
c69182,10.9202175,17.874687,0
c69190,-12.672756,-0.88437104,9
c69202,-2.7388728,-2.6778758,0
c69207,27.101913,18.134563,13
c69209,27.23091,-5.083554,11
c69212,27.964956,-18.423662,14
c69225,-13.224057,3.34272,9
c69227,-26.905123,-16.325426,11
c69230,-14.984514,14.821968,9
c69231,-36.374687,4.5663004,9
c69237,-17.199635,0.82258123,9
c69238,-2.938668,36.962727,3
c69244,-31.55149,14.99662,3
c69246,-54.09026,6.030584,2
c69251,1.4807446,32.18774,15
c69255,-36.514263,0.059084736,9
c69262,-10.298108,-15.505615,3
c69266,5.511014,-1.1583077,0
c69268,71.14515,1.0482366,3
c69271,-58.988796,20.237825,7
c69275,43.155903,36.527367,1
c69279,53.67917,-9.138608,13
c69292,54.12524,-6.327168,13
c69306,-4.9716253,-14.066312,3
c69313,14.8592825,-9.419195,0
c69314,47.951454,-14.971522,14
c69317,19.811863,9.285716,13
c69322,10.543599,-14.155055,3
c69332,-9.491888,15.224773,9
c69333,27.24271,-15.878669,13
c69335,1.7065159,-17.474167,3
c69336,-58.573185,22.279133,7
c69340,-35.90788,-20.884632,11
c69341,-20.606138,40.490646,11
c69342,-36.267563,2.7507503,9
c69344,-39.709167,-21.75186,11
c69355,2.800729,41.856075,15
c69362,66.88578,-11.132818,4
c69385,-0.9507502,-49.445824,3
c69386,-1.4078417,-49.041428,3
c69388,26.43302,-16.853493,13
c69395,15.819952,-12.740816,13
p5975,40.483376,-22.467384,14
p5976,46.30141,-15.056914,14
c69409,13.795035,-20.494097,14
c69426,2.329472,-1.7033342,0
c69431,-57.15154,21.91747,7
c69438,-50.153866,-1.4813955,2
c69439,1.5636985,2.7461886,0
c69441,-47.117535,17.542683,7
c69442,-47.105797,17.427757,7
c69447,-1.8955882,-9.546079,0
c69452,-44.83207,28.36489,7
c69464,27.747942,9.640946,13
c69480,-29.869371,-21.775614,11
c69495,13.720983,39.772633,1
c69497,27.754673,-34.17184,14
c69506,-55.69884,23.416721,7
c69540,-43.227295,11.891622,11
c69544,-28.00153,-2.4127412,11
c69549,43.764656,-37.067913,14
c69550,-0.78653485,59.887135,5
c69553,-0.48689714,60.15042,13
c69554,-0.58190495,60.025433,5
c69558,-0.7364795,59.921684,5
c69568,31.310577,11.195376,13
c69571,-46.098732,34.05689,13
c69574,23.321482,24.52927,15
c69575,30.190052,8.398002,13
c69582,-35.731762,11.187288,11
c69584,-42.691986,6.3529134,11
c69633,-21.636112,2.5935795,9
c69648,-13.361167,50.33887,5
c69649,10.673968,-35.526066,14
c69661,-36.107933,1.3263897,9
c69663,1.0831754,-21.16259,14
c69683,31.580133,44.630222,1
c69692,-35.937218,17.06966,7
c69693,-40.004642,-3.9381702,11
c69701,-44.23833,25.954386,7
c69703,-30.71274,14.160216,3
c69705,0.97601205,-13.890889,3
p5990,-17.990984,2.1144736,9
c69739,-44.811455,14.639408,11
c69743,3.9736495,2.7573466,0
c69744,-11.54299,-0.62113774,9
c69756,-13.093597,-49.467052,3
c69759,43.14627,-13.395818,14
c69760,22.488317,-0.18562281,9
c69761,28.251871,-34.052193,14
c69764,-18.80959,2.7959495,9
c69765,-0.9237978,-0.07689183,0
c69766,31.89416,-5.5319424,13
c69767,-49.19829,13.764391,13
c69774,-36.327053,-2.7458875,3
c69781,-11.1116085,-0.56340086,0
c69788,65.2335,13.651407,8
c69793,-27.50489,12.486569,0
c69795,-11.327785,-0.66727465,9
c69797,-57.257385,17.864008,7
c69800,-7.4440317,42.15976,3
c69803,-24.107515,-44.9078,2
c69817,-35.575657,11.437317,3
c69823,-12.127919,32.73357,0
c69825,3.4905457,33.417057,15
c69832,2.066479,-1.4707806,0
c69834,23.78375,-14.791866,14
c69839,43.03337,37.017128,1
c69842,51.706314,-10.546715,13
c69843,47.967503,-16.005064,14
c69847,43.737953,-8.865914,13
c69849,-15.59854,27.562881,2
c69855,31.561419,-6.9591146,13
c69858,34.0579,27.153492,13
c69867,5.431746,39.81123,15
c69870,-23.276278,34.621925,11
c69881,2.2853703,1.8669671,0
c69882,-24.605825,1.369807,9
c69893,-10.050789,-18.011093,3
c69896,25.333033,-8.09824,13
c69898,-0.60827106,60.05894,5
c69921,30.70723,-16.208532,13
c69932,21.434376,-6.0427923,13
p6007,-46.07456,32.679317,7
c69940,25.855972,-6.2840095,11
c69947,31.311596,0.6523759,13
c69948,2.5697308,-5.0362887,0
c69951,31.31206,0.35129958,13
c69952,-39.57042,16.178106,11
p6008,0.4697579,-47.661545,3
p6009,-4.7117844,36.550003,3
c69969,-34.889656,11.569115,3
c69971,0.58224964,52.686043,9
c69974,-13.510414,-8.164154,3
c69976,-36.034595,11.082014,11
c69981,38.63238,39.27823,1
c69986,-37.26404,31.94912,2
c69993,18.419685,-8.06112,13
c69996,4.2335644,-47.340904,3
c70001,-30.801126,-11.0041685,11
c70003,30.5866,-0.4182523,13
c70006,-18.729916,12.419126,9
c70008,-43.75258,9.028586,11
c70010,33.976326,12.896818,13
p6012,49.96298,13.609555,10
c70015,9.350882,3.0967708,0
p6017,32.34479,-22.615025,14
c70019,-34.02106,-25.189503,11
c70024,-26.9914,-27.308716,11
c70031,-53.51483,20.755127,7
c70038,-28.423956,15.048542,3
c70044,20.090971,8.819292,13
c70048,-60.08152,25.317516,13
c70049,5.2838216,3.3192625,0
c70050,37.454815,45.460365,1
c70053,-39.593693,-14.366405,11
c70054,39.39947,36.926838,1
c70061,36.71663,8.484639,13
c70076,-4.8773084,42.0551,9
c70078,29.724693,5.612803,13
c70084,-45.694298,-13.357601,11
c70086,-21.865732,4.5532336,9
c70088,-3.054058,54.217747,3
c70095,34.65076,-17.237907,14
c70099,38.94552,43.043636,1
c70111,39.2045,-2.086512,13
c70120,49.995857,13.582393,10
c70121,28.756819,40.61366,1
c70127,6.0582404,-1.4427656,0
c70136,28.382696,40.53531,1
c70142,-17.14078,20.632122,11
c70152,-45.670124,-13.347524,11
c70155,-6.750923,31.738214,15
c70157,71.14515,1.0482366,3
c70162,43.558193,-37.068253,14
c70168,30.994389,-38.234,14
c70171,35.629753,31.423294,1
c70175,3.715893,0.26970437,0
c70180,0.20187385,-17.13665,14
c70181,-4.9653873,-10.137531,3
c70186,-7.2481713,-9.451617,0
c70193,-25.010271,-1.6541237,11
c70195,-17.290878,15.123929,9
c70206,34.14779,-12.054257,13
c70209,34.467133,5.2904725,13
c70210,-12.156293,4.0387754,9
c70211,-51.477135,26.09008,7
c70217,-6.3776107,40.61936,9
c70218,-17.961843,0.7184471,9
c70220,46.702084,3.5121458,0
c70226,-4.000251,-1.0284464,0
c70227,27.601063,8.244779,13
c70229,31.531345,3.890759,13
c70231,-32.440605,-20.635881,11
c70232,-1.7046252,-2.2983887,0
c70237,11.752463,-1.7883024,0
p6034,39.44998,28.7002,10
c70244,-44.44837,5.1503234,11
c70251,-31.803911,18.870604,3
c70252,-20.897856,-13.105333,11
c70259,-14.420115,-8.195748,11
c70262,-20.765972,-13.088908,0
c70271,-1.4260062,-14.408908,0
c70272,37.07714,40.16486,1
p6044,-36.20729,-29.15807,11
c70286,-2.159018,-16.181717,3
c70287,45.196552,-49.677788,17
p6045,29.579845,26.363396,1
c70297,-56.338856,23.316555,7
c70306,-53.741356,16.623482,7
c70313,-42.26827,6.30531,11
c70315,38.922283,39.12792,1
c70325,-27.503578,-38.04766,2
c70330,64.43713,12.781051,8
c70332,65.110214,12.380787,8
c70336,-21.655142,34.88324,11
c70337,-39.294746,12.15009,11
c70338,-0.13976489,9.645524,3
c70342,45.011147,-50.05672,17
c70345,34.26132,-11.731951,13
c70346,-33.351837,13.230079,11
c70350,-41.281273,19.931725,7
c70361,1.3413752,13.395927,0
c70368,21.958576,42.075596,1
c70372,9.450045,-11.453019,0
c70376,13.268024,64.74112,12
c70384,-26.288155,33.554276,2
c70386,-24.936766,-16.761372,3
c70394,50.559086,-9.455427,13
c70395,-40.648438,24.768496,7
c70404,-31.907156,16.481556,9
c70406,-14.522384,4.531142,9
c70407,-15.893577,-32.97131,3
c70411,-29.033728,-11.002945,11
c70425,-15.276118,18.419434,9
c70427,44.813423,-49.623726,17
c70433,-31.874043,19.258495,0
c70436,20.552923,19.440456,3
c70438,-14.312797,49.17704,5
c70446,45.1312,-48.540886,17
c70448,-38.896946,23.337826,7
c70450,-21.704601,-1.0347111,9
c70455,-40.740757,26.779648,7
p6060,-31.080025,15.930566,3
c70458,7.688254,14.063723,0
c70462,11.447843,50.58711,15
c70466,11.446727,50.5859,15
c70468,11.447843,50.58711,15
c70469,11.447879,50.5871,15
c70471,11.447843,50.58711,15
c70477,7.7017574,13.89008,0
p6064,36.13753,29.807774,10
c70489,4.0789933,14.066329,0
c70493,-29.92969,-5.12951,11
c70496,-17.611092,13.9027195,9
c70500,3.179735,2.7274737,0
c70503,-6.7084384,-8.281937,9
c70504,44.81523,-49.064842,17
c70505,-39.971886,-4.0900617,11
c70507,44.50608,-49.011,17
c70508,-39.78797,23.246637,7
c70509,49.99666,13.581785,10
c70510,-41.384773,26.691172,7
c70517,71.14515,1.0482366,3
p6068,57.54683,-43.368393,14
p6069,-4.482183,-38.323536,3
c70520,16.590244,-63.072594,3
c70536,-4.7199173,57.28619,5
p6070,0.7601032,2.9210622,0
c70542,-45.876606,2.5631196,2
c70563,-53.89607,21.292719,7
c70570,57.602814,-43.37243,9
c70572,-15.995769,-32.995903,3
c70574,36.78194,44.483273,1
p6073,-3.6321325,43.3642,15
c70584,-11.490731,3.8109658,9
c70589,-12.729722,-6.6886487,9
c70593,-3.7054136,38.650608,15
c70600,-6.9643884,-41.555958,14
c70612,1.5859579,39.49498,15
c70618,36.5988,29.357624,10
c70621,33.972782,-7.341975,13
c70624,-4.6385083,-38.51234,3
c70625,16.26264,-62.937893,14
c70635,3.262042,-12.598785,3
c70644,-33.816982,-22.52751,11
c70653,13.8152895,62.25354,12
c70656,12.755021,63.155342,12
c70666,-11.074688,-24.986189,3
c70668,-27.632984,25.778008,2
c70670,7.9201064,-47.652695,13
c70671,33.42677,-11.834984,13
c70672,71.14515,1.0482366,3
c70675,42.71928,-13.202971,0
c70680,21.904436,21.587593,15
c70683,36.00761,36.809963,1
c70686,-12.45917,-4.9070106,3
c70693,-43.922783,-9.261335,11
c70700,-43.87325,1.4022042,3
c70707,-24.283005,23.263346,11
c70715,-30.174444,-13.274911,11
c70722,6.0444613,2.5821009,0
c70724,35.74573,48.18257,1
p6083,2.3437672,24.449467,15
c70728,3.7614245,-13.531522,0
c70738,-48.464573,18.729008,7
c70744,-39.654354,27.223763,7
c70746,-31.502459,13.821472,3
c70748,-34.901447,1.8140864,9
c70753,-57.95723,23.187248,7
c70762,-15.879061,10.714852,9
p6084,37.898632,45.722908,1
c70771,-30.680014,31.340366,2
p6086,61.911095,-29.03412,16
c70773,62.882355,-27.026075,16
c70774,63.241093,-27.59551,16
c70775,63.39385,-26.913609,16
c70781,63.50312,-26.726677,16
c70789,-18.447182,-0.32152063,9
c70791,-29.886166,9.771537,3
c70798,24.704367,12.643374,13
c70802,71.11851,1.0416902,3
c70825,9.483359,-11.444774,3
c70847,40.322968,8.226706,13
c70850,-20.215172,-1.1943673,9
c70861,3.0025222,-0.96694034,3
c70863,29.594765,6.6014385,13
c70865,0.74702287,3.317028,13
c70870,-8.572727,34.20657,0
c70878,18.395388,-14.701561,0
c70885,8.113636,4.2612357,0
c70898,-24.739754,-28.991247,3
c70902,-2.0674884,37.271164,15
c70903,-25.613922,-9.013366,3
c70906,-33.046524,-16.85398,11
p6095,-25.216398,-5.1359982,11
c70909,-13.365695,-18.415054,3
c70920,4.110723,4.1698265,0
c70964,49.347008,-9.664497,0
c70968,17.404274,-63.06923,15
c70975,12.847956,14.866872,15
c70981,0.9705832,2.6785188,0
c70989,-36.575893,22.141714,7
c70992,4.7616205,2.4911616,0
c71000,-22.379107,43.40278,5
c71020,-14.702092,4.596576,9
c71025,-44.279892,33.62352,11
c71030,-7.7939305,38.387344,0
c71033,-10.750036,-7.364788,0
c71036,-29.376516,-19.543371,3
c71037,8.014139,4.587593,0
c71039,-39.902195,23.08957,0
c71045,44.241703,23.282497,6
c71047,-11.351436,0.471292,9
c71048,-20.690338,10.159568,9
c71052,-8.981711,1.4346917,0
c71053,1.9220824,-16.582829,3
c71059,-14.941815,6.720046,9
p6106,8.469826,-1.7223127,0
c71065,-1.7418883,-2.4331985,0
c71066,15.325583,-14.960646,0
c71067,-0.43524122,-21.147282,0
c71069,-22.062653,-10.199547,11
c71071,-21.478748,-10.419761,3
c71072,1.1285968,-4.2688794,3
c71080,-26.711693,3.6904054,9
c71085,-35.251507,-12.578729,11
c71089,-42.64488,-1.0193425,11
c71091,18.444513,-43.606995,3
c71103,-3.878898,-11.663311,3
c71106,5.3435283,-45.13015,3
c71114,-37.539757,29.56814,7
c71117,-20.041786,3.045432,9
c71123,8.848996,-49.126022,14
c71136,32.219196,-14.753224,13
c71146,43.21247,-37.221077,0
c71154,63.683815,14.767687,8
c71161,-31.10898,18.201155,3
c71166,4.570794,-31.063404,3
c71169,12.863187,-12.586541,3
c71173,19.059544,42.560806,1
c71175,-17.950161,55.18289,5
c71183,-1.7603794,26.972239,3
c71189,0.24544878,-8.409123,3
c71191,-9.508134,-11.536444,3
c71193,5.4190507,-25.58257,3
c71205,-17.995575,52.909924,5
c71207,-54.124714,24.450607,7
c71209,12.638853,15.069097,0
c71211,37.718643,42.811573,1
c71212,-42.611626,-6.544933,11
c71218,-42.59286,-6.557903,11
c71221,36.274925,30.788588,10
c71225,71.14515,1.0482366,3
c71227,37.711166,-13.391824,13
c71237,-23.79839,-3.6134999,11
c71246,-2.6443927,13.379617,9
c71250,34.2346,41.92021,1
c71251,-19.462135,44.789085,5
c71257,26.625675,44.303673,2
c71259,-13.453528,50.574493,5
c71280,-42.647137,29.148165,7
c71282,-23.67317,-1.1390857,3
c71288,-15.614971,44.374523,5
c71304,-35.846317,11.22583,11
c71309,7.1446753,2.068556,0
c71310,-24.731882,33.437496,2
c71312,43.764656,-37.067913,14
c71315,-15.64083,2.653503,9
c71317,-15.733049,2.6470966,9
c71330,-15.269456,27.014708,9
c71334,4.7308865,-12.100242,0
c71335,-60.078556,25.519457,13
c71336,-29.471498,-15.037132,11
c71340,39.370625,44.729523,1
c71342,-10.510939,-0.26283872,9
c71344,20.490171,42.424835,1
c71346,22.353172,-30.27481,14
c71352,-11.748821,37.38913,11
c71357,-12.498055,3.9192574,9
c71358,-42.810387,25.766748,7
c71369,29.736082,-6.6585574,13
c71373,-36.299393,13.338786,11
c71396,-3.7711363,37.56235,3
c71403,-16.123594,44.064976,3
c71404,-22.528122,45.136326,11
c71405,-8.711757,37.146267,15
p6128,34.299637,11.26686,13
c71419,-4.2274003,34.695087,15
c71421,34.670464,11.468604,13
c71430,14.98964,-26.26771,14
c71433,-0.047625914,59.99648,7
c71435,-41.309093,25.061422,7
c71439,-4.7003837,41.509914,9
c71446,30.567549,-16.619576,13
c71449,47.720303,-16.079775,14
p6130,19.912395,40.998936,5
c71450,30.130554,-15.981909,14
c71457,-41.37318,26.74328,7
c71466,-51.930817,19.832075,7
c71538,30.446651,3.697386,13
c71543,35.000156,35.15471,1
c71551,33.857727,-45.535923,13
c71555,-28.903337,19.553434,13
c71559,14.296706,-26.871157,14
c71562,43.764656,-37.067913,14
c71565,-34.30448,10.8969555,0
c71570,-22.540028,44.977207,11
c71571,0.99820757,31.988842,11
c71574,-47.8372,13.195283,7
c71582,-21.919596,-8.383615,3
c71583,-3.711445,43.900543,9
c71584,-37.819523,-12.290873,11
p6134,36.753677,32.70665,10
c71588,-30.907148,9.04454,3
c71589,-11.402065,-11.448668,3
c71592,0.543247,-46.06313,3
c71594,12.180591,-32.534058,3
c71597,-42.162186,25.562302,7
c71604,21.806248,2.9999027,13
c71608,28.359266,8.236839,13
c71609,38.508305,45.8906,1
p6135,30.724174,11.766494,13
c71616,3.4927073,39.00273,15
c71618,-42.394928,3.1495476,11
c71624,-7.1334324,-32.34105,3
c71629,20.597166,39.338154,5
c71636,-44.82101,-12.7889805,11
c71642,20.84818,41.424934,1
c71651,-56.4652,18.778574,7
c71664,17.52739,-16.804552,9
c71673,-36.604378,9.895512,11
c71680,-41.661488,-4.934812,11
c71685,-13.717742,52.976494,5
c71687,-37.895855,12.269477,11
c71700,-8.745793,-36.165215,3
c71703,3.074385,-45.67078,3
c71708,-37.602077,19.65067,7
c71712,-4.621073,16.467808,9
c71723,-18.444206,15.355786,9
c71729,-34.00529,-25.611547,11
c71732,31.873072,10.926826,13
c71735,31.813835,2.8088644,13
c71737,-1.4829444,14.660494,0
c71739,-13.857178,-8.369363,3
c71742,-9.894264,-27.244886,3
c71752,-36.584435,9.992393,11
c71753,-46.713684,16.424377,7
c71758,-53.386765,-1.1054121,2
c71761,-41.87085,25.206688,7
c71768,71.14515,1.0482366,3
c71769,38.160473,46.26815,1
c71770,38.088097,45.90885,1
c71776,-42.815475,-0.035446018,11
c71795,42.408653,5.48298,13
c71796,38.316444,42.492104,1
c71804,-35.938328,12.001888,9
c71806,-4.900873,-0.6488529,0
c71808,55.934555,24.43973,6
c71810,56.19214,24.02851,6
c71817,-4.4800787,41.0718,9
c71825,29.460426,11.793461,13
c71828,-16.945318,-18.819597,3
c71829,65.27665,13.627153,8
c71830,65.28085,12.199679,8
p6148,39.447388,28.705301,10
p6149,-25.503328,-9.3718605,11
c71874,29.41016,-31.307993,14
c71877,-6.2645116,5.2634616,0
p6152,32.99318,28.714478,1
c71883,-13.0601425,-9.104395,3
p6154,25.867155,33.49461,1
c71889,-15.546164,3.0629027,9
c71891,36.536682,-14.453432,3
c71892,28.559126,7.9498997,13
c71893,-54.947475,18.368145,7
c71901,-4.636054,40.991787,9
c71904,-31.00343,-10.875372,11
c71911,50.96344,-11.058371,13
c71920,-3.8271902,30.312662,3
p6159,52.198315,-12.501583,1
c71924,-19.925592,-14.788847,3
c71927,-42.31153,3.019921,3
c71932,-25.958973,32.882683,0
c71939,-21.777992,34.96508,9
c71943,10.07956,-10.417888,3
p6164,-21.827572,34.96746,9
c71951,-24.286497,0.67956287,9
c71966,64.55676,13.353468,8
c71970,65.659645,12.048903,8
c71975,65.240265,12.38999,8
c71976,64.87067,12.450162,8
c71978,65.503876,12.390136,8
c71979,-15.333833,54.655178,5
c71981,64.13808,12.955161,8
c71982,-8.604962,-2.6870885,0
c71990,-43.44138,16.611408,11
c71992,7.4550943,-31.379093,9
c71994,-33.255936,26.738705,11
c71997,-30.613953,-12.843325,3
c71999,-44.556873,16.657625,11
c72006,-12.45147,-11.059452,3
c72011,-22.190956,12.31809,11
c72029,-36.272243,10.066784,11
c72037,-17.665945,14.430201,3
c72044,-36.68675,10.965434,11
c72050,-36.178226,13.6555605,11
c72053,-45.898132,-11.159938,9
c72056,33.44883,-16.526876,13
c72057,-42.805813,10.558008,11
c72061,-42.951336,14.730552,11
p6171,38.038975,-29.408522,14
c72064,-13.428216,-50.04311,11
c72078,45.34879,-50.912834,17
c72088,-33.709015,11.327566,0
c72091,-35.14755,18.228905,3
p6179,39.432644,28.710087,10
c72109,-35.547436,13.422722,11
c72110,-41.293385,25.042078,11
c72120,-53.338448,23.6459,7
c72125,-16.85455,6.993986,9
c72127,-17.326181,35.421127,15
c72130,-16.90676,6.846477,9
c72135,-9.436102,0.15624562,9
c72139,-5.5222416,10.719788,9
c72143,-38.87962,1.6286497,9
c72144,-27.53936,23.384779,2
c72145,-9.207992,-47.732872,3
c72147,-12.462376,21.74197,9
c72151,-51.00484,20.001715,7
c72152,-53.398064,19.1678,7
p6184,39.376205,28.749804,10
p6186,39.408115,28.73627,10
c72162,71.14515,1.0482366,3
c72170,-24.174452,36.369877,5
c72171,-21.623184,0.5666613,9
c72172,-31.351677,7.9967675,0
c72174,-31.93293,-1.9025664,11
c72179,-51.914814,-0.5388193,3
c72181,-15.559624,-5.709884,3
c72199,-13.987481,-34.33398,3
c72204,-45.973377,-28.564814,9
c72208,-15.333723,-19.285028,14
c72211,-8.942721,-42.726234,3
c72214,28.238804,-0.39219534,0
c72221,30.870382,-56.04834,3
c72222,18.20876,-41.18006,0
c72231,-27.909218,-1.1339158,11
c72235,-7.474205,2.2909577,9
c72237,-18.46589,3.8236907,9
c72238,-18.472305,3.9944155,9
c72245,-15.741743,-41.825115,9
c72247,38.528194,-6.2365828,13
c72251,-25.925283,34.06958,0
c72252,-18.567562,6.9492736,9
c72253,15.724675,-65.06201,9
c72255,-17.325598,4.194018,9
c72259,5.2936754,0.4326787,0
c72262,-33.634212,-22.114374,11
c72267,-18.637823,3.6338525,9
c72276,14.145565,62.2869,12
c72278,14.63975,65.194214,12
c72279,15.629981,64.95754,12
c72280,16.2219,64.22159,12
c72281,15.7180605,62.12829,12
p6194,2.9460354,18.456371,0
c72294,1.6543225,-39.70882,3
c72306,-27.078,-6.395038,11
p6199,39.45951,28.695704,10
c72307,7.21108,28.962988,15
c72315,-14.7095,5.4834704,9
c72323,-53.09484,-1.0861447,2
c72332,-33.988976,30.326006,2
c72334,-32.39214,-17.044666,11
c72338,12.979973,-10.215688,0
c72341,-25.294016,-7.0442166,11
c72344,-13.048872,-5.266515,3
c72345,-32.65803,-38.1427,2
p6201,39.37177,28.778368,10
c72351,38.93007,29.298098,10
c72363,-1.1496797,-9.066289,0
p6203,61.976997,-28.76128,16
c72371,63.169987,-26.702564,16
c72374,63.094116,-26.597206,16
c72386,63.04133,-27.158054,16
c72393,11.447699,50.586678,15
c72394,11.447699,50.586678,15
c72398,11.447699,50.586678,15
c72399,11.447699,50.586678,15
c72400,11.447699,50.586678,15
c72404,11.447699,50.586678,15
c72412,37.374825,41.25826,1
c72428,-30.638836,-14.600921,11
c72430,-54.799633,-1.4768542,2
c72434,-27.07494,33.38977,2
c72437,60.3734,-28.432808,16
c72441,59.676193,-28.781103,16
c72443,59.530758,-28.941914,16
c72445,59.376602,-28.904745,16
c72448,-44.163074,22.450968,11
p6212,18.761694,-35.505672,14
c72454,-2.9272404,0.39878747,0
c72456,9.026579,3.4601002,0
c72457,-36.629528,-0.21497814,11
c72464,18.15867,-36.527348,14
c72470,-0.24772365,3.1656058,0
c72472,-37.95834,-8.136371,11
c72487,18.384895,-14.70333,0
c72494,-10.547744,5.3154497,9
c72503,-23.560925,-41.596775,2
c72513,1.3320751,-4.1376038,0
c72514,2.8267632,-11.935198,3
c72518,-37.109882,-22.453588,11
c72521,4.544066,17.157145,2
c72527,-40.330334,-23.819387,11
c72528,30.255835,-10.971032,13
c72533,-42.49672,35.084297,2
c72534,-42.850216,34.735874,2
c72538,-21.951483,-4.3648443,3
c72545,-31.76135,11.670875,11
c72551,33.488155,2.902806,13
c72567,52.897804,-11.414482,13
c72579,-16.306345,6.72698,9
c72580,-37.01603,-18.957176,11
c72582,12.245334,15.608192,0
c72585,9.088265,-4.9989486,0
c72607,53.473034,-11.980466,16
c72608,41.431107,-10.62547,13
c72611,52.74677,-8.517904,13
c72612,23.057796,23.151752,15
p6220,-27.312073,-12.327741,11
c72615,15.824196,-63.818264,9
c72619,-29.445889,-16.130642,11
c72623,71.14515,1.0482366,3
c72637,3.6006057,3.5675886,0
c72639,28.646612,-0.18392195,0
c72641,3.8924296,15.901513,15
p6221,-31.552797,0.76052743,11
c72644,-11.415438,17.556406,9
c72645,40.87888,19.101645,13
c72654,-7.9024096,2.2855744,9
c72659,28.300287,8.325414,13
c72668,61.075268,-29.592386,16
c72669,-42.946735,-14.597493,11
c72678,-31.289412,10.493749,3
c72680,-27.97765,-0.7560169,11
c72682,20.150192,5.406715,13
c72688,16.259077,-64.911766,9
c72698,-18.114338,4.811052,9
c72713,65.65252,11.11107,8
c72714,-51.43867,-1.7747624,11
c72718,-21.699188,34.739033,11
c72721,-45.309845,-11.446758,9
c72722,5.1008735,16.805199,0
c72725,8.108657,-50.87199,3
c72727,-53.055767,-3.0387475,2
c72730,16.6287,-63.587486,3
c72733,0.11786336,-23.166521,3
p6224,-7.7066126,-15.479562,3
c72741,1.6174096,-16.938276,3
c72756,-13.526759,56.382664,5
c72761,-0.69893086,-12.441688,0
c72765,-3.4936473,7.541195,9
c72766,-57.742855,0.56537825,2
c72769,23.273226,-17.65,3
c72770,-5.953659,-11.299987,3
c72786,-41.43703,18.312155,13
c72793,-1.394788,36.44242,15
c72795,-23.890238,4.1574006,9
c72797,4.016817,-48.158237,3
c72801,-19.003597,-8.10346,11
c72804,-22.776815,18.614098,13
p6229,20.38645,17.28685,9
c72825,-9.801318,-20.707064,3
c72826,-26.740059,-0.96967596,3
c72827,71.14515,1.0482366,3
p6231,35.890297,33.991177,1
c72829,5.803644,-51.830124,3
c72831,-22.928854,4.152641,9
c72840,-20.235346,15.017408,3
c72841,-12.12779,7.495015,9
c72842,-12.579662,-40.659096,3
c72845,-19.37832,-0.017232522,9
c72848,-29.059454,18.284292,0
c72853,-8.752252,21.997145,15
c72855,-40.9332,26.19035,0
c72856,-52.602192,-1.329111,2
p6233,23.494347,-30.164513,7
p6234,40.37202,-21.9278,14
c72865,-36.852627,6.33752,9
p6236,19.220325,-39.65621,14
c72873,16.577236,42.673153,9
c72875,32.970535,-7.4852357,13
c72877,34.73652,30.174854,1
c72881,-54.373928,-1.1635228,2
c72885,-29.499376,-28.533566,11
c72889,-24.791328,-6.12205,0
c72890,-23.632921,5.12708,9
c72893,30.96221,6.304076,13
c72896,-35.626217,12.948757,11
c72909,-39.08819,-4.721008,11
p6239,21.646454,-3.7378256,14
c72913,-35.126717,5.8398466,3
c72914,31.851078,4.314066,13
c72915,-11.195972,-5.054013,9
c72923,-36.47211,10.043016,11
c72934,20.591223,17.28623,9
c72943,-5.24126,-48.295547,3
c72947,31.329403,4.5084653,13
c72952,71.14515,1.0482366,3
c72953,20.80451,17.368793,3
c72955,23.788383,26.372173,15
c72957,-36.32148,22.214575,7
c72959,-54.018932,0.03785658,2
c72961,63.225933,-25.599575,16
c72963,-30.683496,17.600616,3
c72974,-33.986984,20.767056,11
c72976,-36.307808,12.386104,11
c72977,-34.903694,10.236472,11
c72978,-33.66089,16.276974,2
c72981,23.05579,14.384924,0
c72983,-4.0473876,-25.954662,3
c72985,33.622337,10.86711,13
c72988,27.309366,9.11183,13
c72991,-54.62348,-0.9605628,2
c72994,34.734364,-32.24897,14
c72998,58.14069,25.136726,6
c73003,-4.5371614,-2.2888489,3
c73004,-17.27203,-13.675389,3
c73019,0.54351145,9.597293,11
c73025,2.6071255,10.52988,0
c73031,20.035883,-17.64964,9
c73037,3.5030818,-42.957237,3
c73038,9.64983,-47.52021,3
c73041,31.62545,-2.0669875,13
c73042,-3.253882,57.5853,5
c73052,50.578068,-7.5303793,13
c73056,-20.67359,-18.5003,3
c73061,-11.499442,54.87007,5
c73071,20.682774,17.40843,3
p6251,-11.863304,32.74723,15
c73078,0.7447896,29.679235,11
c73085,-11.800271,32.577175,11
c73089,-35.018677,10.344233,11
c73090,-36.062878,-28.692139,11
c73091,-20.434515,18.876842,13
c73098,-0.45130578,-34.892494,3
c73101,39.99936,19.04215,1
c73104,-3.246454,57.570274,5
c73109,43.70113,-37.040543,14
c73114,-18.4068,3.8751795,9
c73120,31.672127,8.93061,13
c73126,-3.8998497,-20.927864,3
c73128,31.77229,12.875398,13
c73136,-23.170067,34.7071,15
p6253,32.920208,28.764297,1
c73145,31.532282,45.433403,1
c73146,-20.372728,41.30878,11
c73150,-28.879858,-10.987249,11
c73155,-3.1606314,-50.88817,3
c73159,-53.821194,20.117228,7
c73164,-43.422073,29.397945,7
c73165,-13.380539,3.4588354,9
c73167,-45.32741,27.966095,7
c73177,-36.676872,6.025787,9
c73186,-4.445947,53.365932,5
c73188,0.63552934,29.016085,11
c73193,-11.42595,32.60789,11
c73195,36.781803,0.8884296,13
c73196,-6.2992344,5.28991,0
c73198,-28.081448,-12.589414,11
p6259,-8.858956,-3.8620903,0
c73206,19.569109,-40.09364,3
p6262,-18.411947,21.595737,2
c73225,-2.990178,57.256004,5
c73229,-18.511711,2.5448668,9
c73234,43.558193,-37.068253,14
c73235,43.764656,-37.067913,14
c73240,32.730484,6.164557,13
c73246,-41.478645,-0.46294725,11
c73250,35.176933,35.660213,1
c73255,-10.59763,3.6191711,9
c73260,-42.151363,6.2829843,11
c73262,-15.528007,2.1495318,9
p6263,34.949677,35.564404,1
c73266,-21.68911,4.514756,9
c73272,10.312916,-13.080225,3
c73275,3.5228522,33.63607,15
c73276,-16.807686,-23.720877,13
p6265,-43.73471,27.580969,7
c73286,-18.265419,7.328502,9
c73296,6.1276603,-6.1878543,0
c73302,4.16625,-1.7257049,0
c73319,-43.453503,27.53936,7
c73327,0.40337425,38.773396,15
c73328,-41.88111,25.416843,7
c73337,39.531326,10.8952265,13
c73344,5.2270317,-7.9366674,0
p6268,-31.182028,12.47221,3
c73347,-30.579363,-7.582793,11
c73350,-22.651426,10.207625,9
c73352,-6.5574927,-6.875481,0
c73353,-3.9952466,34.698357,15
c73355,0.56521755,-8.291642,0
c73359,12.3717575,-17.206532,14
c73370,30.994389,-38.234,14
c73372,71.14515,1.0482366,3
c73373,-20.151838,-3.664934,9
c73385,-23.529497,11.133093,0
c73391,-18.411915,21.579407,2
c73392,-17.393017,13.557342,9
p6274,3.9247854,-48.756157,3
c73401,34.165394,13.5237255,13
c73403,-20.740316,-5.9216557,11
c73404,29.962906,41.930508,1
c73419,22.83361,-30.489532,14
c73428,-3.7840424,-51.09676,3
c73432,-21.141724,17.314598,3
c73436,29.455956,-57.007328,3
c73438,-18.011938,24.324228,9
c73442,0.0084385965,-23.15869,3
c73443,-34.103226,-22.513983,11
c73447,60.380783,-29.396963,16
c73449,31.633142,11.443096,13
c73451,-25.75733,-35.913635,2
c73464,28.145338,-6.515101,13
c73467,6.5350766,-49.279575,14
c73476,14.419747,-43.297905,14
c73486,9.691417,-3.4096415,0
c73489,-9.534951,-12.779977,0
c73494,3.0399654,43.13401,15
c73497,34.891075,39.427513,1
c73499,-4.9326196,-16.14298,3
c73501,15.914326,-12.438078,0
c73505,-35.35944,34.570675,2
c73512,-9.657265,1.7828693,0
c73513,-3.4975803,-19.539297,13
c73521,11.671025,16.216045,2
c73524,12.686704,-7.8178673,0
c73531,2.876252,-19.34196,3
c73537,-11.758057,37.631336,11
c73544,29.05931,-4.3237076,13
c73545,-47.643723,13.166133,7
c73547,4.3659115,1.9666163,0
c73553,4.3659115,1.9666163,0
c73557,-6.0047765,-21.685905,3
c73563,-20.785505,3.5519943,9
c73565,-36.068157,24.003832,11
c73576,46.392117,-49.817055,17
c73578,41.13365,18.522137,13
c73585,53.5811,-10.058711,13
c73594,-25.971998,1.8737557,3
c73597,45.449623,-7.2758946,13
c73600,-36.58475,1.5581008,9
c73603,46.56566,-50.78214,17
c73612,-17.724777,48.672176,5
c73616,6.714052,-12.26368,0
p6287,53.826637,2.647711,11
c73623,13.281641,39.605694,11
c73624,-21.360243,3.8826191,9
c73625,-37.246273,10.743365,2
c73630,-13.507688,3.5233955,9
c73636,-23.237316,2.7953906,9
c73645,44.999943,-51.740253,17
c73647,-5.826719,-3.1545732,9
c73652,65.68421,10.806429,8
c73663,-46.957546,24.800797,7
c73668,-48.468597,15.166851,7
c73669,-20.953436,3.991539,9
c73673,-28.592035,-10.284111,11
c73674,-8.336513,-48.954018,3
c73684,-57.590893,23.0655,7
c73686,64.236145,13.651071,8
c73691,-37.901478,38.56924,7
c73692,-35.551594,38.837395,0
c73696,7.7915626,12.540128,10
c73700,-1.5404806,13.059023,3
c73702,45.333572,-50.895317,17
c73709,27.434584,-30.354517,14
c73723,33.235287,62.20076,15
c73730,44.958675,-50.7744,17
c73733,-32.19282,-40.18919,2
c73735,-32.38779,-40.061043,4
c73746,-15.210623,19.986977,3
c73747,-20.226097,12.736519,3
c73757,-28.397442,9.080837,3
c73759,-42.025284,26.145298,7
c73762,-38.10427,24.469284,7
p6300,38.038975,-29.408522,14
c73777,-30.9915,-0.69340354,9
p6304,30.89007,47.889275,3
c73802,-5.633355,-29.260378,0
c73803,-41.275337,26.739271,7
c73807,-52.338398,-0.83496433,2
c73827,-34.45435,-38.682976,2
p6308,-30.886953,3.3715174,2
c73833,7.8109136,-6.8639035,0
c73842,-41.075584,-15.401215,11
c73844,-41.031067,-15.31942,11
c73845,-24.035213,36.250782,15
c73847,10.192124,-8.504189,0
c73855,-21.818117,1.7808667,9
c73865,-35.05916,-34.53885,11
c73869,-21.551865,0.5169961,9
p6311,-38.144768,24.341467,7
c73887,-12.249301,-13.175826,3
c73888,-28.524868,9.001275,11
c73891,-16.034735,-7.0754237,3
c73897,-8.802411,-3.894273,0
c73904,31.08779,15.385956,10
c73909,-29.199621,-14.342178,11
c73914,-29.82401,-10.088477,11
c73920,-34.079674,-17.133945,3
c73923,-10.515587,50.685432,5
c73925,-39.116543,2.7678316,9
c73929,1.2924075,-50.25121,3
c73935,-18.885134,3.8038049,9
c73936,-13.978046,14.555741,3
c73944,4.9831824,-2.320452,0
c73947,-6.253283,-43.169876,3
c73950,65.2226,12.223504,8
c73952,-32.807533,-22.614143,11
c73953,-13.975126,14.700494,3
c73958,-29.060734,23.925545,9
c73960,-30.766518,3.733222,9
c73964,56.602596,24.239431,6
c73966,56.441677,24.296381,6
c73971,-0.6132597,19.74056,3
c73977,12.488717,63.25338,12
c73978,13.76583,62.080227,12
c73992,-38.573586,25.764637,2
c73998,43.568157,22.948288,6
c73999,-44.300865,32.117424,2
c74000,17.20702,-64.717476,9
c74003,54.01542,-9.915147,14
c74012,-23.243263,-21.41694,11
c74016,-45.74961,32.685627,7
c74023,32.985535,-1.4063064,13
c74026,-20.647621,-12.340193,11
c74027,7.7630634,-17.664629,13
c74034,11.6408825,3.1985939,0
c74038,4.7033205,-3.7636473,0
c74039,62.036083,-25.906326,16
c74040,32.634426,-11.298294,13
c74045,-13.45368,31.470139,0
c74046,0.8949085,-45.979996,3
c74060,2.1217446,41.57346,15
c74072,-43.58951,11.86041,11
c74076,-38.18723,7.8996525,9
c74081,-34.58752,1.4695517,11
c74084,-28.179232,4.328238,9
c74086,-29.444601,30.949757,2
c74101,58.746418,-28.760143,16
c74104,59.1176,-28.95642,16
c74107,58.68594,-28.794504,16
c74110,60.87874,-27.810015,16
c74113,-17.286545,3.22495,9
c74117,-33.055153,19.892698,11
c74118,2.6271741,-4.601387,0
c74123,36.79582,-0.6064105,13
c74124,-5.133617,-10.143734,3
c74131,18.137938,6.104505,13
c74133,-35.053997,15.0439625,3
c74140,6.795267,-26.763624,3
c74150,13.206156,-16.79698,9
c74158,8.983506,-4.992527,3
c74163,-3.3349228,-17.718523,3
c74167,31.46532,18.25554,13
c74173,-37.751446,-20.206656,11
c74174,-36.35896,32.92053,2
c74182,-25.432587,-8.993836,3
c74187,-29.44987,-6.037449,3
c74192,-43.785416,27.019665,7
c74193,-39.138752,-8.019535,11
c74202,57.616665,-43.373512,15
c74206,-13.101098,-7.8009925,3
c74207,-18.726345,35.50752,9
c74231,66.899155,-11.184198,4
c74232,66.92771,-11.274604,4
c74233,66.87212,-11.129847,4
c74234,66.88321,-11.130374,4
c74235,48.666386,-10.758009,13
c74240,49.881813,-14.247121,14
p6337,51.32191,-12.277227,13
c74246,-37.640106,4.810153,9
c74259,-24.910204,-19.118149,11
c74261,-25.17902,-19.161963,11
c74263,20.833057,-34.477802,14
c74265,2.4245398,2.156113,0
c74266,33.857605,-45.535988,13
c74274,-2.5411031,58.331013,5
c74285,-26.979414,16.799887,3
c74297,7.7338977,16.921556,0
p6340,-3.9031458,2.487324,14
c74307,34.49989,-11.905534,13
c74311,-6.6982703,15.21409,4
c74322,28.958826,-4.378964,9
c74326,16.569016,-63.608658,5
c74331,-45.051468,2.1322088,9
c74337,-43.42171,27.71248,7
c74339,-0.4509074,-5.8481374,0
c74345,44.575527,-19.146427,14
c74357,56.21367,25.991695,6
c74362,55.888863,25.569746,6
c74367,-26.85007,-39.07303,2
c74371,-8.393677,6.6888757,14
c74372,-15.447349,4.262425,9
c74374,-25.432796,34.576138,0
c74385,2.554507,42.110603,15
c74391,-11.573153,9.287325,3
c74395,-30.91935,28.548092,2
c74396,71.14515,1.0482366,3
c74399,49.998676,13.579673,10
c74403,-27.960573,-20.03814,11
c74404,-41.866528,29.581032,2
c74408,44.087803,23.273996,6
c74409,-25.935368,-31.049412,11
c74414,-11.594957,55.22798,5
c74415,13.18173,32.906013,9
c74421,30.422066,-10.757477,13
c74422,-40.088146,-4.395702,11
c74433,43.70113,-37.040543,14
c74444,-17.743633,54.9657,5
c74453,36.879173,0.795081,13
c74455,-37.938194,-18.489212,11
c74459,-57.64413,0.54665804,11
c74460,-27.871681,-21.682964,11
c74462,17.23707,5.8373313,13
c74463,49.999165,13.577604,10
c74468,36.802048,0.7502305,0
c74472,-12.855716,-5.10528,3
c74481,-11.915163,-10.557191,3
c74484,18.295809,16.256083,11
c74487,-4.6611047,46.434635,15
c74494,-53.39704,-2.7647033,11
c74501,-29.167559,18.376627,3
c74502,71.14515,1.0482366,3
c74503,-54.183105,-1.3057315,2
c74504,-52.94316,-0.76021,9
c74511,-20.037256,-42.99352,2
c74515,23.720423,-30.4801,14
c74526,21.42196,-13.136776,14
c74532,15.562319,43.17876,1
c74535,23.333132,5.21802,13
c74547,31.027903,7.317862,13
c74551,-18.37472,4.688936,9
c74552,-28.678417,-28.290525,11
c74554,36.851784,-2.2094693,13
c74560,3.527502,-12.909564,3
c74561,-16.18666,-18.455023,3
c74566,-34.77501,-10.675011,11
c74569,-23.57128,47.044586,9
c74571,-36.85638,10.490614,11
c74574,-12.443582,4.6125464,9
c74576,-2.1580753,51.25304,5
p6350,9.831,-51.194893,3
c74586,-25.129875,3.7133517,9
p6352,39.3523,28.74094,10
p6353,39.431187,28.710659,10
c74592,43.465538,-37.05734,14
p6354,-4.931602,-32.071617,14
c74596,-7.6208344,13.262258,9
c74615,-42.69657,-14.242601,11
c74616,-45.008602,18.62499,7
c74620,-11.225749,4.137299,9
c74624,-32.69698,13.1224,11
c74627,41.91354,-21.249237,13
c74630,26.378931,-4.8677316,13
c74641,-54.198177,5.0438194,0
c74642,-49.959297,-1.5353024,2
c74643,-8.325068,-18.202374,3
c74649,12.861848,6.969607,0
c74651,17.097565,5.8348355,3
c74652,10.436831,-13.252683,3
c74666,6.516421,33.371864,15
p6358,-3.2017918,57.671066,5
c74676,-1.4837518,16.221428,3
c74679,56.188255,26.011656,6
c74682,56.45349,26.403719,6
p6360,-25.619913,-32.960545,2
c74699,51.287827,-10.892679,1
c74703,-56.264313,24.270668,7
c74707,17.756912,0.65345776,3
c74709,-16.734854,10.463659,9
c74712,-49.736855,-1.7139642,11
c74715,30.463339,-56.984406,3
c74716,-11.503917,54.857918,5
p6363,-20.453417,-41.757248,2
c74725,-10.960713,13.165465,9
c74726,6.2646313,-15.499703,3
c74735,-37.420265,-14.067004,11
c74737,38.14127,37.183697,1
p6364,-23.38701,13.070693,9
c74742,-2.0972128,-21.425295,3
c74744,-20.30109,18.970934,3
c74745,-15.337765,18.180384,3
c74747,-19.987667,12.971669,3
c74749,-23.30039,13.110374,11
p6365,36.878258,12.296558,13
c74760,27.880772,13.582438,13
c74761,34.340015,10.3021555,13
c74767,5.936378,-43.180573,3
c74768,-32.626263,-17.298592,11
c74771,-22.019815,14.861782,3
c74774,-9.316274,37.123337,15
p6366,-11.8718,32.59225,15
c74780,-36.082264,12.113639,11
c74785,0.71291625,29.629782,11
c74786,10.942033,17.88024,13
c74791,-11.923197,31.814629,0
c74792,-11.448295,32.123554,11
c74794,-10.607716,-46.079994,3
c74800,-11.938114,32.671177,15
c74807,4.3841248,-56.244144,4
c74809,-31.813917,33.934902,2
p6368,0.49037305,-47.561512,3
c74816,-3.3128994,-5.4126263,0
c74817,-20.517519,6.5171914,9
c74828,-43.76232,16.371103,11
c74840,-44.15715,33.02286,11
c74844,-21.064695,45.027985,9
c74850,-0.80207884,40.44312,15
c74862,-28.908905,-8.678638,11
c74866,-16.023098,-7.9731545,3
p6376,-4.306153,-31.862448,15
c74874,28.929644,18.692984,13
c74887,-32.796535,11.480579,11
c74892,-1.6993611,59.14911,5
c74894,-0.66131324,37.934265,15
c74897,-31.467394,32.686012,2
c74900,-44.618946,16.754759,7
c74904,-27.805729,-11.747399,11
c74906,-17.566969,47.907104,5
c74910,-30.456854,12.371762,3
c74917,-43.61873,27.004951,7
c74921,53.716854,-9.826644,14
c74922,50.442062,-11.184559,13
c74925,-15.546049,4.6340337,9
c74930,43.558193,-37.068253,14
c74941,8.449106,-17.066494,9
c74942,-40.137814,-4.2811127,14
c74945,-7.130286,46.234703,5
c74950,-55.759277,-2.1915064,2
p6384,0.8234354,-54.506886,3
p6385,36.756454,9.612477,13
c74966,35.951187,-23.661604,14
c74967,-45.948006,33.927914,13
c74968,20.702494,16.433222,13
c74983,-41.969685,25.62778,7
c74987,-43.613716,27.19123,7
c74993,-5.974064,54.40343,5
c75002,-18.090584,-25.866293,11
c75007,2.5873632,-22.124483,3
c75013,-23.821527,-3.426186,3
c75022,23.852472,-22.169792,14
c75023,-39.04806,9.225273,11
c75032,0.68418103,-54.722057,17
c75036,-31.635328,11.804472,3
c75037,-14.922371,8.62104,3
c75050,5.953277,-11.337502,0
c75052,-42.117268,-10.814227,3
c75072,-28.62682,-10.439374,11
c75073,-45.40509,-4.978807,11
c75077,-39.879658,5.1855145,11
c75089,-4.150347,43.17,9
c75098,15.526622,37.932453,1
c75099,18.499529,41.04844,5
c75100,-32.512302,6.126055,9
c75102,-0.78048706,41.07486,15
c75109,-45.049522,1.0505965,2
c75118,-11.100775,20.727097,9
c75125,29.281538,-9.035413,13
c75127,22.58722,-11.4383,3
c75128,22.09404,1.4957861,13
c75129,-8.989523,-35.556023,3
c75131,-40.59941,7.7228093,11
c75134,-43.5532,11.854581,9
c75139,52.57965,-13.694187,13
p6403,39.271423,28.863098,10
c75169,45.02991,-51.88476,17
p6404,27.172977,-11.2582655,13
c75175,10.107207,-9.622894,0
c75177,-9.956241,6.3865595,9
c75187,-15.24282,54.742504,5
c75188,-9.991493,6.439568,9
p6405,-35.392883,5.5398283,9
c75194,-11.113975,18.612226,0
c75199,-13.498487,10.4219265,9
c75200,-26.821644,0.47699007,3
c75202,65.67649,10.872545,8
c75211,-35.210773,37.795372,7
c75212,-22.327393,35.158195,11
c75216,-5.881307,38.774895,3
c75219,-23.766754,-2.3983152,3
c75221,-16.9797,11.258387,3
c75226,-34.01934,20.952818,11
c75228,-55.514645,-0.59057695,2
c75229,34.30162,1.4881247,13
p6408,-21.657635,-1.8386731,11
c75247,-31.229546,32.434044,2
c75250,9.015896,2.128446,0
c75251,-27.169767,-34.302494,2
c75264,16.336168,-18.070974,9
c75265,9.364496,0.31173012,0
c75267,45.54131,-52.021194,17
c75269,44.027794,-51.050175,17
c75276,-6.2445846,10.991663,0
c75278,-35.324623,37.753136,7
c75282,14.8581705,62.697796,12
c75288,45.818058,-50.790173,17
c75292,-36.239952,-18.243526,11
c75303,-21.779442,15.245944,9
c75308,-19.926668,-2.4254637,9
p6412,-35.648922,5.595978,9
c75312,45.248966,-51.342903,17
c75313,-40.63856,25.142054,7
c75314,-27.78128,-8.037291,11
c75318,-20.028418,12.897142,9
c75319,7.6207895,16.900105,2
c75328,45.53516,-51.921627,17
c75331,-9.195212,10.267944,9
c75334,21.641705,-7.0098057,13
c75343,4.9442754,-17.293636,3
c75344,4.3277693,-29.233524,3
p6419,-5.885158,-43.42248,3
c75347,-54.055202,-0.6259979,11
c75361,-38.895203,9.532731,0
c75362,-1.0609683,12.397841,0
p6424,-35.72602,5.526368,7
c75367,-57.622707,22.479836,7
c75382,-37.080196,-9.3083515,11
c75395,-15.810659,-2.9842184,9
p6429,37.432194,34.797165,1
c75398,-19.582348,-14.180815,3
c75408,-47.285538,3.028396,9
c75412,-16.462982,-5.837961,3
c75424,-6.8230286,-28.429287,3
c75427,-35.51963,4.75059,9
c75428,2.1692505,3.564857,0
c75430,22.235464,-43.165512,14
c75436,1.7049419,13.209436,0
c75437,-42.202446,33.434444,11
c75444,-32.203335,14.169137,0
c75446,-1.366202,10.905306,9
c75456,-14.9429,-44.74179,9
c75464,-8.649937,-49.34055,3
c75466,9.325031,-50.532635,14
c75471,-36.103024,5.191033,9
c75472,-19.60283,5.372488,9
c75474,-35.2793,5.0423336,9
c75479,-7.4463363,-19.773945,3
c75480,-10.823828,16.87412,9
c75483,15.16245,-63.95845,9
c75484,15.701253,-63.507706,6
p6431,-31.212238,28.376356,2
c75487,-56.022236,20.26381,7
c75489,-1.0922272,12.395821,9
c75490,7.5485783,17.52636,0
c75492,-35.4693,5.040136,9
c75497,-13.381401,4.198644,9
c75500,64.29527,11.607662,8
c75511,-35.099026,5.733367,3
c75524,17.861324,63.571815,12
c75528,2.8820357,10.425924,0
c75530,2.5012345,3.5371287,0
c75532,55.796284,24.578295,6
c75540,-4.8655586,14.980871,3
c75542,-44.453106,16.598618,11
c75546,50.12374,-11.144846,13
c75548,16.538721,-63.537403,3
c75549,-38.95246,9.065084,9
c75550,-47.641247,21.578602,7
c75554,33.857464,-45.536186,13
c75555,13.92555,-45.11483,14
c75563,44.338898,23.256054,6
c75566,-20.560688,4.9063973,9
c75575,-35.131634,5.447177,9
c75577,-31.557657,32.29944,2
c75579,-37.125374,5.2366304,9
c75582,49.99854,13.580261,10
c75584,16.672737,20.841736,13
c75590,37.441223,5.6159577,13
c75592,-34.957764,6.302614,3
c75600,7.4624424,3.8948793,0
c75602,15.430408,-63.540855,3
c75604,-46.17012,-15.397147,3
c75605,35.97145,35.31079,1
c75611,-32.05812,13.609606,11
c75627,15.839271,-63.0654,14
c75628,-45.9903,-15.1132555,11
c75636,-36.608353,4.9205904,9
c75637,-34.823177,1.5827507,2
c75639,-50.313107,19.501423,7
c75645,65.01058,12.538344,8
c75647,64.50251,12.587931,8
c75652,-24.719639,3.5195577,9
c75660,-29.399973,-15.145279,11
c75664,71.14515,1.0482366,3
c75669,-23.340433,-45.56138,3
c75670,-21.03681,0.15328678,9
c75672,31.181376,-56.933693,3
c75673,-37.22724,-14.858745,11
c75679,-34.238342,3.6628504,9
c75687,30.681898,-18.104982,13
c75693,4.2136602,-22.892439,3
c75696,15.301841,16.394274,0
c75698,-10.826552,5.1882157,9
c75700,-23.562954,-40.263794,2
c75705,25.259722,-34.40799,14
c75706,13.353609,-63.9329,2
c75707,-30.274523,12.163782,3
p6449,2.9223485,-40.988373,3
p6450,35.37486,-21.582016,14
c75717,37.971745,44.661095,1
c75725,3.873729,-20.778944,3
c75728,-34.616383,3.7097938,13
c75733,40.930977,-3.8038366,13
c75734,2.9651012,-40.92038,13
c75762,50.0886,-10.982953,13
c75765,66.90116,-11.208024,4
c75766,66.86995,-11.132522,4
c75772,66.91387,-11.205207,4
c75773,66.87664,-11.109382,4
c75774,66.91406,-11.157686,4
c75780,66.924904,-11.131217,4
c75783,40.131207,12.152489,13
c75785,9.712733,16.980816,0
c75786,-3.3355453,-6.1304708,13
c75788,-38.973747,9.086433,9
c75790,8.25502,-10.199629,0
c75808,71.14515,1.0482366,3
c75814,-9.118434,49.26621,5
c75817,12.643633,44.904705,9
c75819,15.510276,43.19409,1
c75820,40.46413,19.312614,1
c75821,20.46882,3.6962454,0
c75823,43.558193,-37.068253,14
c75824,43.764656,-37.067913,14
c75825,39.271965,34.72102,1
c75832,-38.93217,9.132781,9
c75834,-26.058865,-10.958914,11
c75839,-30.87463,-22.135511,11
c75841,-33.15269,-4.2725854,11
c75843,3.0035293,-41.171722,3
c75847,29.05227,-4.297209,13
c75851,2.381801,-17.554409,13
c75852,-16.118689,1.211571,9
p6457,19.178514,35.234554,14
c75854,3.5172582,-11.834474,0
c75866,20.906315,-7.862327,11
c75868,-53.87534,2.5463653,2
c75874,16.117544,-14.861778,14
c75880,13.701524,-19.02322,13
c75893,36.693363,-28.82081,14
c75896,-30.943132,-28.467876,11
p6459,-12.898683,-5.039379,0
p6460,38.339993,-23.19433,14
c75903,2.8660724,16.816698,0
c75910,31.240498,-57.178207,3
p6461,34.833908,-21.493034,14
c75921,-13.462774,18.168898,9
c75926,-29.122343,-22.185797,3
c75934,57.61681,-43.373486,2
c75935,3.7316504,16.62527,0
c75946,31.187475,-57.24554,3
c75997,-38.883663,9.061012,9
c76002,-36.55531,4.4106464,9
c76029,-36.571583,-8.13096,11
c76032,-7.071596,-32.466946,14
c76037,-25.188978,3.6583545,9
c76046,31.64895,-57.37848,3
c76053,15.355157,-15.43854,13
c76057,16.135218,-28.19854,14
c76058,-11.707487,-10.362594,3
c76063,17.074556,-15.37212,13
c76065,27.768242,23.112076,15
c76066,22.259243,39.75022,13
c76069,20.945076,-36.603317,14
c76070,7.003734,15.860208,1
c76073,-1.8267566,51.607365,15
c76077,-35.12666,-13.242158,11
c76080,-22.834766,47.71069,5
c76082,-35.76678,11.317123,11
c76089,27.83613,23.090904,13
c76090,-29.762524,-18.362642,11
c76094,3.0635345,41.88637,15
c76095,-41.613033,-12.621909,11
p6473,24.202463,-32.130554,14
p6474,32.38929,38.05349,1
c76105,-19.129501,22.177402,2
c76109,-51.48457,26.06281,7
c76115,-5.0787277,-10.059308,3
c76117,-31.72139,-11.238613,11
c76123,71.14515,1.0482366,3
c76128,-13.7921,2.676746,9
c76135,-12.097298,36.600243,11
c76139,34.992805,-3.3280962,13
c76140,-50.17385,-2.4384966,11
c76144,-35.746563,11.110168,11
c76150,-36.168514,-25.03652,11
c76163,20.051409,-7.3017545,11
c76167,-33.115654,-4.212252,11
c76168,-36.094357,-18.383457,11
c76173,49.9983,13.579617,10
c76181,31.022785,-57.120472,3
c76194,53.195522,-7.382445,15
c76199,50.573303,-11.105461,13
c76207,-38.191326,6.041275,11
c76217,1.2639768,42.07259,15
c76222,57.06704,23.502111,6
c76225,-11.662126,55.24331,5
c76227,-12.450832,26.903378,2
c76230,38.339096,-7.4142876,13
c76233,71.14515,1.0482366,3
c76237,12.693925,44.58947,9
c76238,53.529915,-6.09812,15
c76240,53.348576,-7.1475663,15
c76241,-24.754173,-12.480778,11
c76251,-4.4427104,-5.4763036,3
c76254,-36.14484,-18.185732,3
c76259,-12.239261,32.81217,15
c76264,-13.41157,32.167316,0
c76274,-38.18583,4.4803424,9
c76275,4.472521,34.553467,15
c76282,3.8681197,-12.032126,0
c76285,-0.61988556,41.27578,15
c76287,-44.00288,-22.276644,11
c76300,24.99707,24.767065,15
c76306,-31.416138,23.836193,1
c76307,43.558193,-37.068253,14
c76308,43.70113,-37.040543,14
c76310,-2.2513907,-25.762558,3
c76314,4.9453506,35.672985,15
c76330,-35.75152,11.072377,11
c76334,-1.3517712,59.414635,5
c76335,-55.38601,21.517447,7
c76338,40.510696,-3.6937945,13
c76339,-26.992628,-4.416192,11
c76343,-30.340736,-16.252617,11
c76344,-44.057545,16.524338,7
c76350,-15.102854,1.2932951,9
c76351,36.67134,-4.5323496,13
c76353,-36.335964,6.9799223,15
c76354,71.14515,1.0482366,3
c76356,-50.540066,20.312105,7
c76358,15.0858135,0.5666696,3
c76362,-42.41531,6.337553,11
c76366,32.390713,19.093565,13
c76372,-10.535897,40.221222,15
c76376,14.098479,-46.497047,3
c76377,-23.64074,-46.088226,3
c76379,21.119335,-34.73217,14
c76381,-19.03945,12.5397,9
c76394,-15.604694,-30.748976,11
c76395,-51.959343,16.66415,7
c76396,-14.344697,-4.6276083,3
c76399,15.726714,2.438721,0
c76403,0.47002783,-49.77261,3
c76412,-4.999984,-46.536964,3
c76420,6.3489447,-45.07306,14
c76425,-11.329707,24.293793,3
c76432,-0.11011329,-45.321102,3
c76433,-43.247597,-22.676928,9
c76438,-11.887563,19.736887,9
c76440,-25.927883,-39.095547,2
c76443,-26.455732,-25.02733,3
c76446,-45.12286,23.031527,0
c76453,-49.016155,12.431925,3
c76456,-15.624896,-30.744574,11
c76467,13.306398,-14.525217,0
c76468,0.14690118,10.834481,9
c76469,20.617123,3.7312827,13
c76471,-40.80588,-22.384567,11
c76484,-34.542103,3.4786234,11
c76487,2.7685864,28.44707,15
c76488,-44.595646,-6.885443,2
c76493,-53.83801,3.7853625,2
c76498,-40.207382,9.603175,0
c76510,-20.208263,6.481233,9
c76512,-7.5801096,39.78509,9
c76513,14.3434,7.4073057,13
c76517,12.647876,44.79464,9
c76522,1.7275875,28.72848,15
c76526,11.49879,-12.3629265,14
c76536,19.204245,41.443443,5
c76541,-52.246284,22.523449,7
c76544,-37.58921,3.8770704,11
c76550,51.54886,-8.978015,13
c76554,-38.801422,9.767525,0
c76560,-52.891117,-0.4673074,9
c76565,29.994257,41.96036,1
c76570,-19.804785,42.60551,9
c76576,71.14515,1.0482366,3
c76578,-28.233168,-1.2141731,11
c76580,14.356668,7.4038267,13
c76593,-29.98759,-38.222244,3
c76609,3.4572577,-14.076674,3
c76612,-0.4226582,-4.828849,3
c76616,-17.701551,36.843384,2
c76620,-21.923359,14.703606,3
c76622,-22.199917,12.842968,11
c76623,-12.805024,11.808639,9
c76624,-19.499844,7.678441,9
c76625,-3.7927074,-7.2063527,3
c76626,-29.857006,7.5424466,11
c76636,-12.826694,11.890126,9
c76644,-39.686424,12.037985,11
c76647,-6.2873964,-29.557907,3
c76651,28.251143,10.718773,13
c76653,-18.246788,50.256527,5
c76656,-15.681253,0.6332972,9
p6500,-13.454629,-7.2590985,3
c76666,-0.24366698,-50.917095,3
c76667,16.870205,7.822055,0
c76669,-32.037323,7.018496,9
c76672,11.925591,-17.541939,0
c76677,26.61862,8.232174,13
c76679,-50.79697,-2.8012328,11
c76680,-42.700912,6.468009,11
c76687,-18.065926,35.6838,15
c76693,56.95094,23.831211,6
c76695,57.346798,23.432854,6
c76697,32.50527,44.203236,1
c76699,34.704185,40.137753,1
c76716,10.434227,-11.641304,11
c76718,-13.686678,-7.1696424,9
c76719,-30.855247,-15.629634,11
c76720,-2.5321927,7.688796,0
c76743,-0.6156046,-37.291847,3
c76745,-44.028755,-15.68258,11
c76754,4.787953,-57.679977,11
c76762,46.929813,-21.225342,15
c76764,3.307261,-43.166096,3
c76766,4.9781785,-17.097082,3
c76768,50.963512,-10.832112,13
p6513,51.019924,-12.734028,14
c76776,20.615946,13.100707,13
c76777,52.021847,-7.9045553,13
c76779,7.2357802,-8.584752,0
c76783,27.839077,5.005291,13
c76784,45.316402,-51.310753,17
c76785,-44.02968,-15.848692,11
p6516,0.6018514,-48.17905,3
p6518,-10.181847,-43.85401,3
c76799,-22.866817,6.9644427,9
c76802,-44.299274,5.682008,9
c76803,6.043351,41.123047,15
c76804,-33.121468,4.519492,9
c76806,46.207863,-50.49292,17
c76808,-53.266235,23.54521,7
c76810,-43.237206,11.825213,9
c76813,35.625504,35.36413,1
c76817,-44.009106,-15.599593,11
c76828,31.015104,0.9390091,13
c76842,-16.040897,3.9589248,9
c76847,45.989887,-50.700417,17
c76849,3.456155,-18.050627,14
c76852,16.823511,7.8307505,0
c76853,-35.602886,38.833385,0
c76863,-26.895315,-18.072672,0
c76872,-41.30225,30.969992,7
p6529,-37.343266,34.44573,2
c76875,12.481852,58.218346,12
c76877,19.915085,-6.386978,11
c76899,45.714264,-50.818504,17
c76900,56.29176,-43.276325,14
c76909,-45.318535,23.55737,7
c76929,-30.47842,-43.48743,2
c76934,-24.51227,-46.280117,2
c76936,-11.08437,9.339264,9
c76941,-30.527227,-43.48894,2
c76944,-53.05953,22.623411,7
c76948,46.43273,-50.730236,17
c76950,-36.441914,5.3065615,9
c76954,11.226042,-45.98234,14
c76955,9.7966385,-2.355215,3
c76956,23.041002,-39.015938,14
c76966,11.215534,-45.993256,14
c76969,10.840718,-45.780937,14
c76973,-34.099457,4.5330267,9
c76975,-35.52254,-34.147556,11
c76978,-23.547476,-47.698895,9
c76981,-18.02289,24.314674,9
c76982,-23.573215,-47.634403,3
c76999,-42.9375,21.102396,7
p6533,36.90078,32.094063,10
c77013,4.090481,11.407279,10
c77016,-13.2311735,22.7896,13
c77017,1.0616884,-51.861675,14
c77018,-28.794691,-12.678977,11
c77019,-21.94528,-31.675087,3
c77024,-20.737589,-46.178955,3
c77027,-1.2616338,11.111685,3
c77031,-11.142628,-47.77654,3
c77033,5.6683097,-13.073486,3
c77034,24.743454,50.624794,3
c77037,8.063458,31.660585,15
c77046,-31.73828,6.1937103,9
c77050,-31.886799,6.2835293,9
c77052,-34.964252,1.9441521,9
c77054,-2.511055,38.814095,15
c77056,-34.993168,1.9771122,9
c77058,-38.921917,21.070166,11
c77060,-19.052256,5.6108394,9
c77062,-32.290607,6.322318,9
c77065,45.633804,-50.84407,17
c77070,-20.542738,-9.353543,0
p6535,38.038975,-29.408522,14
c77074,-1.4423177,-38.8561,3
c77077,18.387697,13.59148,9
c77080,20.64828,13.071751,13
c77083,36.886192,32.521538,1
c77085,-14.333564,-22.07186,3
c77087,-41.01605,-13.571,11
p6538,-16.634775,27.18345,2
c77094,-12.025618,-8.214841,3
c77095,-36.677162,5.057533,9
c77098,-7.6962295,41.689816,15
c77100,-23.23961,14.356274,11
c77105,-35.327976,4.845431,9
c77116,38.75518,0.8537634,0
p6542,0.7119033,-9.832038,0
c77125,-46.37434,18.044865,7
c77126,-23.601318,-0.45588192,3
c77129,38.521656,37.310738,1
c77130,15.55795,37.942787,0
c77132,-35.26733,12.455439,11
c77135,-39.14622,12.149462,11
c77138,-21.705605,-0.127792,9
c77150,-11.613304,37.36533,11
c77152,39.388557,-2.8814585,13
c77153,43.179733,-21.673796,14
p6543,-13.067476,-0.23685348,9
c77155,41.17302,-23.729216,14
c77160,-34.685246,-15.652829,11
c77163,-1.0664173,59.647755,5
c77171,-13.769753,11.472835,9
p6547,32.194042,-18.494297,14
c77187,-43.544003,9.176766,11
c77189,-19.909758,-25.910095,3
c77191,-17.90642,-8.398973,11
c77192,13.471738,-34.49815,14
c77193,2.876541,3.7275124,0
c77194,-20.265162,4.1819973,9
c77197,-45.09969,23.45909,7
c77201,-37.841873,4.6617675,9
c77212,-4.900081,-0.55369365,3
c77216,-16.73476,27.17753,2
c77218,-4.5807023,-16.792303,3
c77221,-47.717407,-18.086319,11
c77228,-32.485657,-37.16118,2
c77229,26.403849,30.471613,10
c77236,36.49806,0.0019846123,13
c77238,31.214624,19.542747,13
c77245,-38.156036,8.057233,11
c77260,57.61774,-43.37354,0
c77267,-35.27138,37.785694,0
c77271,-53.35813,20.904352,7
c77281,-57.597256,15.748292,7
c77290,-18.702414,14.866698,9
c77298,-36.20896,-16.105171,11
p6559,-33.033203,-22.78903,11
p6560,2.918211,6.424404,0
c77309,-2.6893795,-24.224861,3
c77310,10.118169,-8.288461,0
c77312,-26.085672,33.01904,0
c77313,-32.668903,-22.338646,11
c77315,-41.738365,-14.917038,11
c77321,-11.33477,37.448463,15
c77322,-11.1857605,0.05661068,9
c77326,-29.6359,-11.465867,11
c77332,-37.40157,29.48281,7
c77336,-19.444778,11.611042,9
c77342,42.280582,-21.706068,13
c77364,-25.84722,33.003952,2
c77365,-6.501947,-2.471998,3
c77375,-18.510174,26.380512,2
c77379,-31.418545,-13.546226,11
c77380,-22.501173,13.416372,0
p6566,39.441803,28.708414,10
c77389,31.868214,44.94821,1
c77390,-38.6906,4.4207845,9
c77393,16.675306,-63.360012,7
c77411,16.167059,-16.280865,9
c77412,43.465538,-37.05734,14
c77418,17.131502,-12.55585,9
c77421,5.3077087,-17.219255,3
c77423,15.523757,-62.895466,3
c77430,64.38991,12.6743355,8
c77431,65.824,10.716484,8
c77434,65.331085,11.1591015,8
c77438,64.72436,12.506467,8
c77439,65.095795,12.404492,8
c77440,-25.049665,33.35166,11
c77448,-25.005344,33.359028,2
c77453,-9.862286,-15.305034,0
c77463,-38.00052,-28.818182,2
c77473,9.368276,-5.5485463,0
c77476,3.58778,22.715834,15
c77480,-22.656803,6.9360704,9
c77485,15.412298,-2.9772625,0
c77495,5.198361,-12.875706,0
p6577,32.350292,27.09939,13
c77503,-26.996801,21.609812,3
c77506,-29.721132,20.969515,3
p6578,20.522676,-38.02036,14
c77533,-9.116768,49.24506,5
c77536,12.647508,44.836403,5
c77543,53.137913,-7.9169097,13
c77550,-21.124262,35.064476,9
c77551,-38.95868,9.117988,9
c77560,0.56170595,19.65015,7
c77563,2.6754138,7.09383,0
c77583,66.89978,-11.193564,4
c77590,66.89839,-11.1907,4
c77591,66.90295,-11.227899,4
c77594,66.89009,-11.217066,4
c77595,66.89409,-11.182728,4
c77602,-26.966074,31.807503,0
c77605,-41.229893,-15.3009815,11
c77606,-9.657638,-14.711296,3
c77610,-9.982177,53.758617,5
c77611,-45.76248,32.86842,13
c77612,41.044117,19.161068,15
c77621,-34.235844,4.6454325,9
c77629,-14.383697,-9.3647,11
c77630,43.558193,-37.068253,14
c77634,16.72864,-5.2777076,0
c77636,-1.1635122,-20.111149,2
c77639,-20.85501,-24.728518,3
c77642,25.190598,-21.147186,13
c77650,-20.630598,7.446728,9
c77658,-25.974836,33.235813,2
c77662,-52.17368,4.297667,2
p6587,-40.05944,16.625765,11
c77666,-14.812833,8.305722,9
c77667,-25.609705,33.232388,2
c77674,27.902206,11.696657,0
c77675,-28.466772,-11.825556,11
c77677,3.5077815,-48.734016,3
c77683,65.05149,12.491411,8
c77701,-57.588158,0.49014163,9
c77702,40.10239,12.11153,13
c77712,-38.288437,-15.431927,11
c77724,-43.700027,4.095723,11
c77744,-29.4374,-20.974592,13
c77751,22.986938,13.769795,13
c77752,6.1376286,-40.8036,3
c77753,-35.060734,2.9720628,9
c77763,25.3821,24.124075,15
c77764,8.157175,46.477737,15
c77768,-20.373634,11.700543,11
c77779,-25.115,33.356174,9
c77789,36.91882,-42.15127,11
c77790,1.7585318,40.960426,15
c77805,2.8665783,40.240116,15
c77806,-36.029808,4.5665646,9
c77809,-41.854156,-13.089017,11
c77812,-28.700884,17.02166,3
c77815,51.746647,-7.788095,15
c77819,-55.090473,-1.7305746,2
c77820,-34.75621,4.610088,9
c77825,-7.0291824,46.22426,15
c77827,31.06142,-56.606987,3
c77832,-0.86618286,40.825104,15
c77837,-13.951822,-8.1100855,3
c77841,-43.665813,-11.306708,9
c77848,-6.60138,-4.933688,9
c77851,8.815572,-26.595541,14
c77862,-45.22785,-0.4679402,2
c77876,-37.19109,13.62548,2
c77878,25.655811,34.98962,1
c77885,33.482487,2.683252,13
c77892,43.88981,-16.508865,14
c77898,2.8332217,15.1775875,0
c77902,-31.803516,31.045944,2
c77904,-36.84738,1.3601601,9
c77911,28.172419,45.67296,2
c77912,28.050303,45.74913,3
c77914,-38.658573,-21.640753,11
p6606,24.188972,-32.119267,14
c77915,12.71708,-14.405332,14
c77917,38.35808,37.93212,1
c77925,18.66448,-7.7702723,0
c77928,38.599358,-28.592413,14
c77929,20.97276,-7.762949,11
p6607,5.2261424,9.885439,0
p6609,1.0105394,-53.113945,3
c77960,15.952041,-63.96454,3
c77970,-3.9856517,43.258904,9
c77976,71.14515,1.0482366,3
c77984,62.896923,11.212937,8
c77985,-42.965107,-0.09590601,11
c77988,-23.1546,0.42730775,9
c77993,-13.934132,-1.4978579,3
c77996,0.4900302,-54.860676,9
c77997,9.413128,-10.548169,0
c77998,-31.834291,-13.797444,11
c78003,28.375292,20.845097,13
c78005,-3.2092123,57.49737,5
c78007,-1.6045512,59.28285,5
p6616,3.580561,-38.12986,9
c78016,-43.567196,-16.629555,11
c78021,28.27071,21.046343,15
c78027,-45.159145,18.956377,7
c78028,-1.8005506,40.035854,15
p6618,-0.27437323,-48.72615,3
c78031,4.957594,33.106823,15
c78035,-12.13766,31.35997,3
c78036,-12.772211,32.543,11
c78048,-10.865957,32.168404,3
c78049,1.6719956,31.203638,15
c78054,1.7340077,-55.335415,0
c78055,51.332874,-10.294213,13
c78066,-26.75088,3.245472,9
c78068,-26.003239,9.968906,11
c78069,-11.979516,32.94897,15
c78073,-11.605241,32.0693,11
c78079,-15.335915,6.8937893,9
c78084,-0.7457303,59.91934,13
c78086,40.773933,-3.7356052,13
c78095,56.981873,24.474205,6
c78102,-18.701164,5.104,9
c78104,-19.920609,2.1878572,9
c78109,-11.736595,-16.617199,3
c78114,-25.204142,5.031591,9
c78115,-20.377003,8.170726,9
c78120,28.055054,8.636612,13
c78121,30.469145,3.7158904,13
c78126,-32.812664,25.703917,0
c78131,36.438915,-42.39923,8
c78135,-38.142822,-18.542242,11
c78137,0.33026198,-52.6111,14
c78143,1.7537962,-42.125576,3
c78145,-42.45152,-11.403222,11
c78149,-1.5938505,8.8033695,9
c78152,-42.569023,22.87454,7
c78159,-51.74921,0.106142655,11
c78162,-42.424503,-11.516847,11
c78164,-21.746378,1.419766,9
c78170,-42.42996,22.520199,7
c78175,-15.410278,9.591836,9
c78177,-31.015976,30.2121,2
c78181,-13.597014,25.245481,2
c78191,32.482914,-56.01526,3
c78192,-54.662544,21.743124,7
c78197,-51.35661,14.782313,7
c78198,49.997303,13.577947,10
p6628,-11.137747,-52.904594,3
c78204,31.792507,1.0505819,13
c78215,14.793484,12.993314,0
p6630,-44.4894,28.702482,7
c78220,-42.51322,-11.696268,11
c78222,31.26416,-56.699482,3
c78223,35.386612,8.107433,13
c78224,-55.19949,22.491714,7
c78231,15.1494055,12.668511,0
c78232,-43.72017,3.5688767,11
c78243,49.997597,13.578813,10
c78244,31.447666,-11.488899,13
c78245,29.38695,26.14899,0
c78247,24.562675,12.7107525,13
c78250,35.9378,-16.605171,13
c78252,28.605886,1.7847416,11
c78259,-14.200298,7.055141,9
c78262,-43.891674,28.786926,2
c78266,5.437784,9.2209835,0
c78269,38.054394,45.543415,1
c78270,-14.223674,35.52211,11
c78275,-48.84328,21.991127,7
c78293,-37.41668,3.5625079,9
c78295,4.0204735,-29.627434,3
c78298,32.367584,-9.339271,13
c78300,30.504051,-11.245722,13
c78303,27.331717,14.040536,13
c78308,-12.343319,-15.509993,3
p6634,3.6858053,-15.215689,0
c78312,63.07995,11.028406,8
c78316,1.4043847,28.616787,15
c78324,-11.12578,37.771366,15
c78326,-37.701088,3.0574105,9
c78328,-0.029788831,53.992672,3
c78330,-36.270878,5.335007,9
c78332,-34.01548,-22.96399,11
c78333,6.282923,-19.839222,3
c78337,-12.806611,-8.804369,3
c78338,49.996723,13.579446,10
p6638,-26.020164,1.6308188,9
c78347,-1.4107918,-8.78134,3
c78350,-47.7642,21.733456,7
c78351,3.4883182,-11.77418,0
c78366,-19.535225,52.58936,5
c78369,63.14266,11.107094,8
c78373,-30.117754,-38.28004,11
c78374,-1.9388953,14.742261,2
c78377,-27.540428,-16.600594,3
c78378,-4.022174,-14.483223,3
c78379,29.963728,46.176006,1
c78381,56.183125,24.509119,6
c78388,0.40483478,13.246259,2
c78398,22.088528,13.866559,13
c78408,36.63785,11.479809,13
c78409,1.2028016,29.586842,11
c78410,29.859367,-10.867323,13
c78412,53.822453,27.45672,6
c78437,7.6615906,4.451913,0
c78446,16.699564,-63.51371,3
c78463,27.79831,5.0437636,13
c78469,-1.6324917,13.044825,3
c78477,-38.04809,8.259323,15
c78478,-33.217297,0.89716905,2
c78479,15.835238,-1.6751138,9
c78484,-19.23688,3.8469348,9
c78488,19.672903,-5.9907513,11
c78490,-34.091278,4.6231756,9
c78494,-35.421158,1.8263049,9
c78499,22.958118,14.469444,13
c78501,-23.573706,43.034348,5
c78502,34.678772,26.980879,3
c78504,3.7027836,-15.224217,3
p6652,-5.3246765,2.3961322,0
c78506,-19.476465,52.608112,5
c78507,-44.71648,5.3725696,2
c78513,-44.653862,28.166204,7
c78514,-45.71357,28.528301,7
c78515,-2.8538303,12.503783,3
c78521,6.2709436,-36.992527,14
c78526,15.192852,-1.7614025,14
c78529,-8.225908,17.564611,3
c78530,30.846127,-57.7044,3
c78533,2.4947934,15.209239,0
c78534,-41.486134,-14.074252,11
c78539,44.52809,-51.653893,17
c78549,-33.097645,-17.346474,11
c78550,-1.3564526,-30.842861,3
c78551,45.524628,-49.918694,17
p6656,12.20889,57.45274,12
c78562,-14.819816,-12.752932,3
c78567,-4.640751,-20.332327,3
c78571,-22.640947,6.0083895,9
c78574,46.394543,-49.148663,17
c78580,-42.28689,22.61666,7
c78582,-22.52728,-17.802109,3
c78584,-9.117832,-19.278862,3
c78586,14.380185,19.031342,13
c78590,-4.048414,-19.790714,13
c78592,-21.09671,-26.41864,2
c78595,-44.532215,16.859186,7
c78598,-25.962189,9.304543,0
c78601,-3.8245804,57.876255,5
c78606,-31.060223,3.3591123,2
c78607,-23.228903,14.2524185,11
c78614,-56.380943,-0.10159575,2
c78617,-25.220291,21.112715,9
c78619,-12.577264,1.9563339,9
c78620,-31.042744,12.67069,3
p6662,38.038975,-29.408522,14
c78628,0.82807755,-16.045408,3
c78629,-40.134182,9.560052,3
c78632,-9.21562,-19.368734,3
c78633,-31.174053,3.2938988,2
c78636,-3.052507,-50.782387,3
c78647,-14.640738,7.416852,9
c78650,2.7725472,15.333317,0
c78651,-41.79193,-13.17846,11
c78659,-42.393913,-12.088098,11
c78662,7.048347,15.456749,1
c78663,6.9230824,15.823001,0
c78665,-55.67116,19.692984,7
c78687,16.47657,-63.53982,3
c78688,26.959267,-13.689748,14
c78690,-18.737566,-19.37338,3
c78697,3.0421574,15.162253,3
c78698,31.235846,10.289425,13
c78703,-41.05977,-15.301194,11
c78708,-31.415714,0.522441,2
c78710,-31.592413,-1.2325478,9
c78723,-18.775608,23.747755,9
c78724,7.7389107,-46.40334,3
c78726,13.108878,-10.868985,0
c78744,5.075848,-6.799014,0
c78745,4.4350047,-8.9397545,0
c78749,10.797877,-12.169182,3
c78751,-16.24427,-6.9686484,3
c78758,-44.69145,16.94203,7
c78761,-30.921928,13.441983,3
p6675,-41.552044,-13.564353,11
c78781,30.472437,-0.041986987,13
c78789,-32.679333,-22.3303,11
c78790,-11.010256,37.9223,15
c78800,14.335843,61.67563,12
c78802,13.724682,64.41396,12
c78803,14.460722,61.910797,12
c78807,16.613232,62.4315,12
c78818,15.252426,63.604973,12
c78823,-11.657048,37.367573,11
c78824,8.109457,-8.525101,0
c78826,-29.458572,18.778736,2
c78827,5.358598,-39.55498,3
c78829,-9.214773,-5.7597136,9
c78834,-26.175234,-24.596277,3
c78845,44.05802,35.64104,1
c78852,25.799215,17.203487,13
c78853,31.679276,11.121862,13
c78858,-44.475124,28.19671,7
c78859,-47.281548,27.971512,7
c78863,6.7924747,16.006186,0
c78864,-26.954027,-3.163501,11
c78869,0.67826515,-19.913393,0
c78871,33.8576,-45.536255,13
c78875,-44.671314,1.5537006,3
c78876,42.48172,-15.15546,2
c78877,41.742634,-17.77936,14
c78878,12.110398,-18.264849,0
c78880,26.24143,22.801128,15
c78882,41.83396,-18.824942,14
c78891,56.03219,24.780952,6
p6684,54.398384,26.784033,6
c78896,-49.543053,21.38466,7
c78897,-55.928978,19.610685,7
c78899,-0.9661367,36.463387,15
c78906,6.309762,-19.756104,3
c78908,-17.89754,2.355114,9
c78917,3.828271,-30.824509,9
c78923,-11.502722,-29.745024,3
c78931,10.669416,12.988999,0
c78940,-33.09392,11.980927,3
c78941,-2.758484,-32.752884,3
c78944,-35.041954,5.7118764,3
c78947,6.631263,5.2502146,0
c78957,25.936165,15.510278,0
c78959,36.234432,36.40388,1
c78961,-49.738857,21.375776,7
c78973,-30.94898,-20.39616,11
c78977,-25.853224,7.947464,3
c78996,16.243969,-6.0287952,13
c79000,6.825872,-4.872259,0
c79010,12.761554,-10.571642,0
c79013,30.029047,8.14232,13
c79020,4.666912,-14.866215,3
c79023,36.907486,10.927395,13
p6699,11.213032,-6.4545984,0
c79026,7.255702,6.140292,0
c79027,30.5934,-57.850727,3
c79028,-28.636303,-11.108441,11
c79030,-7.3574853,39.298542,9
c79032,-53.207436,2.9902391,2
c79039,-6.616267,13.894348,9
c79047,52.66635,-11.37171,13
c79057,7.442765,16.830019,15
c79067,-9.767196,53.609467,5
c79069,-10.1778145,53.753994,5
c79071,41.020508,18.930073,1
c79076,53.19602,-6.8203444,15
c79077,14.427527,-49.491096,13
c79084,-11.860684,37.0602,11
c79087,29.582487,14.027855,13
p6703,66.71292,-13.374271,4
c79093,-16.233055,-9.751083,11
c79096,66.90696,-11.193723,4
c79099,66.86325,-11.083125,4
c79104,-44.210064,-17.944878,11
p6705,35.66957,32.194603,1
c79105,-8.099743,-30.533594,11
c79110,-44.77628,8.791834,7
c79111,24.694407,12.9045,13
c79114,4.5902023,-14.910953,0
c79131,-26.395727,-17.086273,11
c79134,-12.98784,-11.888708,3
c79136,66.84837,-11.110989,4
c79137,66.90362,-11.156207,4
c79138,66.93672,-11.298769,4
c79142,66.91466,-11.222957,4
c79147,66.909676,-11.214292,4
c79158,41.273365,-30.186113,14
c79159,39.117207,-14.973781,13
c79161,-30.881802,-14.868931,11
c79166,0.92843777,-46.355114,3
c79168,0.47575584,-47.46476,3
c79179,-25.189701,2.3367417,3
p6707,22.163486,-12.161661,0
c79184,22.8396,13.398876,13
c79185,-40.607937,23.855276,7
c79186,-27.033945,-3.1818404,11
c79193,-26.85689,3.3139489,9
c79199,-41.257538,24.387175,7
c79208,2.9293733,20.481361,9
c79210,-6.5326595,13.75894,9
c79213,22.511126,13.596571,13
c79219,-37.685715,27.925789,7
c79222,-11.438353,55.231087,5
c79224,-17.568342,55.12392,5
c79225,-3.1832616,57.511944,5
c79235,-23.694557,18.06744,0
c79236,-39.72745,-13.04536,11
c79244,37.911575,44.381905,1
c79251,-44.757942,25.76505,7
c79253,6.719795,41.345604,15
c79254,-19.450277,52.36796,5
c79255,31.36107,13.71185,13
c79271,51.7597,-7.8210044,13
c79275,-33.64347,3.474461,9
c79286,-35.54596,4.129747,9
c79300,-13.233147,-46.733646,3
c79310,-19.083525,49.01975,5
c79313,-46.145103,5.3497467,7
c79324,-17.027676,-41.59807,9
c79327,0.58481854,-54.802563,11
c79333,-0.22536337,-14.757694,3
c79334,20.496098,-15.466017,5
c79343,3.2494445,-36.498253,0
c79344,-38.4317,-13.706319,11
c79354,-28.358381,12.889179,11
c79362,20.990314,-37.16082,14
c79372,6.297127,-44.196846,3
c79373,28.194384,20.698107,13
c79381,-3.7332144,-37.24993,3
c79388,-27.656353,-0.90114456,11
c79391,15.409692,3.946442,11
c79400,33.822826,62.65942,5
c79401,33.53576,62.43473,5
c79409,-36.11991,1.8432157,9
c79413,-4.033639,37.11484,15
c79419,-26.166357,49.02816,5
c79420,-45.984394,-11.543082,11
p6722,-6.051771,-24.193298,8
c79421,-44.7778,25.779118,11
c79422,-21.118254,9.603958,9
c79425,-12.953492,4.0643964,9
c79430,33.96753,11.568303,13
c79436,-44.1776,23.965912,7
c79438,-45.294056,5.3730216,2
c79441,-47.35948,6.829779,9
c79442,39.241795,43.1258,1
c79446,-42.974007,-14.053838,11
c79450,-36.11132,3.3115642,9
c79452,-8.8510275,-37.145084,3
c79459,49.998978,13.57893,10
c79460,-13.610268,35.75593,11
c79466,-42.15416,0.8724482,11
c79467,-22.52956,3.8996506,9
c79468,-44.24015,27.42278,7
c79480,-56.40559,20.764801,7
c79491,-60.623386,20.804625,13
c79498,-3.26836,57.665253,5
c79501,-49.43914,2.6903362,3
c79503,-41.54093,29.402607,2
c79506,-20.173182,1.9553019,9
c79512,5.265483,-39.423073,14
c79515,-16.077583,-14.12021,3
c79518,-20.688656,1.3548852,9
c79529,54.541233,-9.752198,1
c79531,52.289215,-7.6805277,15
c79532,-55.097168,-1.0486462,2
c79543,-18.563929,4.7986455,9
c79545,-9.703695,42.523685,13
c79547,43.558193,-37.068253,14
c79557,-4.0840893,53.625984,5
c79558,-33.743675,13.412956,11
c79559,-12.456493,32.564835,0
c79565,-11.035028,32.154495,3
c79567,-19.936815,-2.3519895,3
c79571,-1.9887573,26.546072,15
c79577,3.5823429,34.074135,15
c79578,-0.07061966,17.561182,3
c79580,33.562153,-2.6184993,13
c79581,38.526592,0.68808526,13
c79585,-1.060096,37.386456,15
c79588,-19.024656,2.8558655,9
c79589,-19.85664,2.194045,9
c79590,-43.93408,1.3240712,3
c79598,57.30041,25.858595,6
c79602,36.534576,-2.4753215,13
c79607,-35.393547,9.853987,11
p6738,35.533825,-16.422422,14
c79614,-15.139881,53.852684,5
c79616,-22.327257,8.92671,9
c79617,-53.555218,2.777827,2
c79619,-26.140743,-21.327589,11
c79620,-26.791582,-2.599456,11
c79622,34.697147,-16.871004,0
p6739,29.918358,-24.42388,14
c79625,-43.887234,0.48056278,3
c79629,-37.358395,7.257282,2
c79631,36.396336,5.7796817,13
c79640,-20.151253,5.5217605,9
c79645,-44.3276,8.73509,11
c79650,-51.67811,0.1467061,11
c79656,-13.538132,-13.706283,3
c79663,-43.385,22.926277,11
c79664,-54.337337,5.3390565,3
c79665,-5.8515024,40.37059,9
c79672,-2.9274044,43.156933,15
c79673,5.3522687,35.227203,15
c79675,-29.447252,-14.871516,11
c79678,-47.869152,1.8393885,3
c79679,0.28017187,29.523617,11
c79691,-17.384573,-27.33855,3
c79698,42.21956,-5.792092,13
c79706,-22.069323,-8.463992,3
c79708,-20.577438,8.186908,9
c79709,-36.202835,-13.96016,11
c79715,-46.589943,17.203123,7
c79720,31.085842,-56.556644,3
c79737,52.241714,-6.1917005,15
c79745,37.64603,45.260586,1
c79753,-17.833387,4.0376215,9
c79754,35.25209,-2.3015292,13
c79757,37.46994,42.67456,1
c79758,-21.328745,8.053175,9
c79760,15.829024,-16.185907,13
c79762,30.142138,33.894314,1
c79764,-16.826982,-28.384928,3
p6755,-7.435142,-45.814106,3
c79769,1.8378214,-32.178493,3
c79776,-47.099255,19.393953,7
c79778,-46.951305,-2.452739,11
c79787,-0.10026247,-18.723228,3
c79791,6.5852804,4.2070813,0
c79795,-38.61851,0.83330995,9
c79802,-43.6697,-11.336537,11
c79807,-36.406113,-13.605016,11
c79813,-39.460045,-15.588609,11
c79824,31.02525,-56.903946,3
c79826,-7.548213,-45.827118,3
c79827,7.97516,0.97457516,0
c79828,24.542347,16.008404,0
c79832,-50.039494,2.6704469,2
c79837,-5.6386256,-25.471523,3
c79847,42.285748,22.822336,1
c79854,-24.328703,-17.227148,3
c79862,0.7954269,29.603739,15
c79870,41.961758,22.547766,1
c79874,-41.186943,-13.387621,11
c79878,-12.832278,33.143703,11
c79889,-24.46922,-10.310326,11
c79892,53.7415,2.2659063,3
c79898,-8.628195,-35.925205,3
c79899,2.449966,24.515846,15
c79946,40.802174,22.889723,10
c79950,47.282307,5.4477315,14
c79956,-39.434494,36.00299,7
c79966,50.234142,-12.741385,14
c79974,-8.780361,-37.0875,3
c79979,-23.484394,-13.187241,3
c79989,-39.897068,-6.761926,2
c79993,-26.178795,-7.9188585,11
c80013,-55.02337,1.5104456,0
c80038,12.756802,1.1339153,0
c80047,-6.4887547,-22.128443,3
c80054,9.220314,-1.3336176,0
c80059,30.055042,-24.532858,9
c80074,58.437916,-28.889614,16
c80080,-19.130398,48.98484,5
c80081,59.48669,-28.953218,16
c80091,58.869537,-29.386759,16
p6778,-11.876369,37.05337,11
c80102,44.865917,-50.773212,17
c80109,43.71449,-49.588665,17
c80112,38.367447,39.29511,1
c80115,19.966335,-6.6210027,0
c80123,-3.2390742,39.684372,15
c80124,-56.245224,-0.29826108,2
c80125,44.82531,-49.43433,17
c80128,-36.336216,12.277921,11
c80134,32.93901,61.97964,5
c80136,-35.85961,7.1727824,9
c80141,45.235924,-50.132206,17
c80143,13.086324,60.66143,12
p6784,-26.369326,-0.41310826,11
c80155,-19.451881,10.275932,3
c80156,-25.197899,16.412708,13
c80163,-22.54959,-17.914871,11
c80168,-17.266,11.364755,3
c80169,24.93376,10.702195,13
c80170,-5.6769094,-21.230635,3
c80179,-39.564777,35.737713,7
p6791,-2.0171568,-3.6507733,0
c80189,14.023044,-10.915343,14
p6792,37.424576,34.80194,1
c80197,-27.226612,5.0544906,9
c80198,-26.212584,6.665501,9
c80211,-36.227352,4.7785454,9
c80213,-0.83293027,-10.62882,0
c80216,-1.0106806,42.383514,15
p6795,-14.646933,-34.97793,2
c80224,-5.728495,-25.235811,3
p6796,-38.08271,10.86349,11
c80226,-42.314545,6.6270137,11
c80230,-33.314404,-10.874161,11
c80236,1.8811467,-23.120152,13
c80237,-10.14988,8.588213,9
c80239,-7.375148,-3.9001727,9
c80243,3.079378,33.539932,15
c80248,15.1561365,-9.486059,0
c80251,18.20343,-12.045841,0
c80254,-30.840874,-20.138117,11
c80255,-2.5896022,-2.6216025,0
c80258,13.701904,-7.0780506,0
c80281,1.7667829,-17.085716,3
c80290,-26.963448,13.367207,3
c80293,-28.775824,5.8828974,9
c80298,-25.057535,10.569818,0
c80303,-2.562566,-20.570335,3
c80305,-42.49576,15.34843,11
c80308,-5.3934426,-41.119812,3
c80320,1.6842766,3.7128978,0
c80324,-51.334515,-0.54731107,3
c80325,-32.378937,13.200213,3
c80326,-23.132032,8.117849,3
c80332,5.3335834,-16.730925,9
c80335,37.871277,42.6208,1
c80337,-34.78661,-3.224401,11
c80338,-56.034245,2.9563603,11
c80347,-4.453647,2.5338666,0
p6804,-30.809341,28.812208,2
c80349,-41.31171,-13.348044,11
c80358,-40.40703,24.310884,7
c80361,-6.312008,-19.90575,3
c80364,15.757176,-63.018105,17
c80372,66.36627,13.738089,8
c80379,-29.60398,-0.24702714,11
c80381,-42.429615,9.390023,11
c80384,37.578766,-25.369183,3
p6806,19.85417,-9.843978,14
p6807,2.6244342,7.0792494,0
p6808,-4.2454014,-41.580795,3
c80416,14.523614,62.218094,12
c80419,-34.007797,24.600943,2
c80426,42.73201,22.6715,1
c80433,17.003601,-63.41479,7
c80438,49.997673,13.579888,10
c80439,-3.7018406,-11.09999,3
c80440,-44.409336,5.018206,11
c80448,4.1849775,-27.09317,3
c80452,6.1863585,16.488655,0
p6810,9.486406,40.15814,15
c80458,18.166113,-7.546102,13
c80459,-28.42412,33.31208,2
c80461,-40.204765,27.294157,7
c80463,56.356403,23.800264,6
c80467,56.590584,24.042875,6
c80469,-36.861702,6.541283,9
c80480,-40.209988,6.550821,11
c80488,42.190353,22.490643,10
c80494,50.00035,13.582133,10
c80499,61.82835,-27.900051,16
c80500,61.533215,-27.21783,16
c80532,31.598959,-56.997215,3
c80533,9.477745,40.17597,15
c80535,2.5802526,-18.526625,3
c80539,-16.177347,-15.292143,11
c80540,-43.712124,3.4479995,3
c80545,7.9365053,-12.22224,0
p6814,3.266878,-39.216682,3
c80553,8.025795,-12.334,0
c80555,30.982265,-57.192432,3
c80575,14.901583,26.507303,15
c80581,11.613859,-12.186949,0
c80586,-0.7574158,-43.818565,3
c80588,-13.178275,0.7879308,3
c80590,7.695701,-5.1753078,11
c80604,-38.082302,10.681552,11
c80605,-2.4875062,40.45321,15
c80611,-24.818644,-25.153677,11
c80612,44.769447,-7.6832304,13
c80626,7.4082403,17.124853,0
c80627,25.524076,15.631722,6
c80632,66.844765,-11.101774,4
c80652,52.958214,-11.217006,1
p6820,66.73111,-13.296855,4
c80661,40.761253,2.7360759,13
c80669,21.11653,21.838177,15
c80671,-1.4551071,41.909626,15
p6822,0.900458,-18.069836,3
c80682,33.85747,-45.536224,13
c80684,-3.7341697,-11.092057,0
c80689,31.007313,-57.362034,3
c80690,23.282787,1.692617,13
c80703,7.5731883,-10.26329,0
c80704,36.5383,-2.488694,13
c80705,50.000427,13.581828,10
c80712,18.564266,-10.190301,13
c80720,29.873795,-6.0098886,13
c80728,-36.190567,-33.625366,11
c80730,-35.72987,2.8421328,9
c80735,-42.297653,3.1398363,11
p6823,-42.10971,-16.781887,11
p6824,33.61665,-31.250914,14
c80754,5.8470716,-32.610497,3
c80767,0.13763767,-48.70897,3
c80769,1.178346,-51.75403,14
c80771,16.350662,-63.55672,11
c80778,9.512256,40.16684,2
c80782,-28.672806,-7.702305,11
c80783,-30.517433,-1.9105566,9
c80788,-38.825256,2.5790129,9
c80789,-35.756634,2.7597854,9
c80791,-3.996866,-9.118989,9
c80796,41.8741,22.394033,10
c80806,-4.758691,-23.851313,3
c80818,-55.63636,-0.88848186,2
c80821,2.4300442,2.3628857,0
c80831,10.339017,-41.95451,3
c80834,17.135471,-64.99303,13
c80839,58.014454,24.901182,6
c80841,57.67243,24.477407,6
c80846,-16.696129,54.495625,5
c80850,-20.189468,51.33645,5
p6829,-34.660954,-6.24476,11
c80868,33.771816,-11.973181,13
c80873,-12.726807,7.570535,9
p6830,-5.554208,-22.81775,3
c80880,40.765907,19.451792,15
c80884,15.48525,43.19522,1
c80886,-18.447237,51.394672,5
c80889,40.78401,19.594551,1
c80903,3.3215833,-34.995544,3
c80906,-21.223587,4.698603,9
c80909,29.35976,26.170639,0
c80910,-40.85589,8.6802635,11
c80911,-28.586948,-7.7040715,11
c80914,-15.865329,-7.084726,3
c80917,-18.68411,5.3189664,9
c80923,-20.400501,51.257103,5
c80925,-34.028732,4.763811,9
c80926,16.023335,15.497139,0
c80927,7.1363316,-20.769703,0
c80937,-14.531033,47.786976,5
c80939,15.926861,-2.327527,0
c80941,-56.45545,21.98138,7
c80943,-54.732975,20.307037,7
c80950,-5.58411,-11.387297,3
c80955,57.856365,-28.80834,16
c80958,24.330238,-29.875896,14
c80961,-5.4800057,6.228732,0
c80964,52.377083,-6.9237185,13
c80966,-3.0644474,42.521946,9
c80973,-42.844624,29.072441,7
c80976,30.210396,-33.85919,14
c80981,33.81826,62.655857,5
c80983,16.593327,-63.55524,15
c80989,31.262417,12.2776,13
c80995,-56.309765,21.721243,7
c81003,20.405254,17.248789,3
c81006,-58.306583,23.434301,7
c81008,-25.279493,3.529421,9
c81010,44.47093,37.78771,1
c81013,-40.998165,-13.039172,11
c81020,-44.26587,27.236034,7
c81022,-43.478973,23.274832,11
c81023,32.352283,27.136326,13
c81027,-1.9226972,41.25794,15
c81029,-42.160484,6.4705887,11
c81035,6.0229373,15.830712,0
c81047,-1.4417763,-27.41777,3
c81049,-1.3691453,-47.66295,3
c81051,44.01025,34.90108,1
c81054,3.053746,-16.50365,3
c81055,11.05656,14.40664,0
c81059,-0.6653036,-8.83677,0
c81061,-41.90763,6.789965,11
c81064,48.52942,-3.039259,13
c81068,-0.14976735,43.03043,15
c81070,23.288906,17.656675,13
c81074,-44.876472,5.5258765,2
c81076,-13.533298,35.767494,11
p6846,-23.269978,-26.213428,2
c81081,-27.983288,-1.2801178,11
c81082,-27.949604,-1.6502961,13
c81088,-7.5065045,27.11249,9
c81089,-7.58816,13.13338,9
c81099,3.647566,15.238757,15
c81107,11.293283,-8.666617,0
c81108,-0.7079172,-8.825556,0
p6848,-18.011261,-27.54437,2
c81115,28.700813,47.659878,13
c81117,-3.0651095,-27.920238,3
c81118,-28.998941,16.520475,2
c81122,-24.25374,4.2721643,9
c81126,-5.9861884,-7.0656385,9
p6849,-8.148505,-49.05448,17
c81130,5.1648884,-39.565506,3
c81137,52.74662,-8.041854,15
c81149,1.6100317,31.152634,15
c81151,-12.885829,33.01489,0
c81163,-30.711628,2.794355,9
c81164,0.77994645,29.408834,11
c81167,35.269547,35.48295,1
c81168,-55.455723,-1.4749999,2
c81172,35.888027,35.896217,1
c81173,-16.978565,-19.455694,3
c81175,-32.52612,-18.92464,11
c81177,-1.3789641,7.3727193,0
c81180,-17.925985,53.531048,5
c81183,-10.62402,8.620077,9
c81184,-32.85507,18.310194,0
c81202,6.21878,3.5479183,0
c81203,33.238926,62.20564,5
c81209,34.764698,33.783463,1
c81213,-1.2296256,-48.84055,3
c81214,-43.67399,4.046606,11
c81220,-3.294679,-31.096897,3
c81225,-20.308102,11.479768,11
c81232,38.227825,43.96716,1
c81233,-20.062386,-2.852959,9
c81239,-4.7137628,41.975254,9
c81243,11.404656,20.460644,11
c81247,4.452393,-10.604993,0
c81249,32.61227,-24.063267,10
p6859,-2.1689072,-43.153755,3
p6860,0.54397154,-47.619118,3
c81268,4.4127984,-10.49091,0
c81273,-12.489357,1.8280103,9
c81275,-7.3522735,-3.958458,9
p6863,-44.57661,6.312013,11
c81284,-42.521698,17.770584,0
c81303,-35.76728,3.890339,9
c81314,35.153664,-5.967858,13
c81326,31.579296,18.207878,13
c81328,-47.011658,-2.5279608,11
c81338,-38.622253,1.6925571,11
c81351,-1.156506,4.285857,0
c81355,-53.99937,22.690966,7
c81358,33.857494,-45.53619,13
c81364,-18.290827,-27.033884,3
c81366,-26.843626,-0.16641557,3
c81367,2.3081686,53.44967,15
c81372,33.81892,62.656376,5
c81373,34.096226,13.145974,13
c81374,-35.57931,5.9954557,9
c81382,8.310863,28.86356,15
c81386,-34.628815,-38.746925,2
c81387,-28.916672,-31.601171,11
c81396,-42.67633,10.7001505,9
c81397,-35.67179,2.7470114,9
c81407,-41.386883,1.6957268,3
p6873,39.447247,28.70009,10
c81419,31.59122,-2.0376089,13
c81423,-13.501721,-7.2806997,3
c81425,9.154398,-34.184723,9
c81428,6.5108223,-42.534523,3
c81433,14.738205,-31.190117,3
c81437,-24.946554,5.190865,9
c81442,33.821312,62.658215,5
c81446,-19.372374,-24.210802,11
c81450,-12.887006,33.1795,11
c81456,-14.451447,-33.83561,2
c81457,3.2739182,-43.113613,9
c81458,-35.35382,-15.455511,11
c81463,10.053643,-33.214294,9
c81467,55.748318,24.617476,6
p6875,-28.34011,-19.178759,11
c81482,19.440523,25.025541,13
c81484,-20.363585,19.635721,0
c81485,-38.831985,8.029475,9
c81490,-34.309948,13.3146715,11
c81491,49.88646,-12.254537,14
p6880,51.17143,-7.7873716,13
c81501,44.9647,-50.727375,17
c81505,22.61706,23.164608,11
c81512,-56.124973,14.3532295,7
c81513,0.5532186,29.41102,11
c81522,-57.568184,15.862142,7
c81526,-28.923698,-16.729845,11
c81528,-0.14340937,-15.6381,3
p6884,-3.6229892,2.3946793,0
c81536,-7.5553875,13.073033,9
c81542,-42.06777,21.142681,7
c81544,63.17,11.23578,8
c81551,38.538532,42.33295,1
c81559,-12.189977,-26.308813,11
c81564,42.121437,22.47549,1
c81565,44.362026,-49.795387,17
c81566,-54.31026,22.513727,7
p6888,-41.029507,-13.164082,11
c81569,66.11386,12.30593,8
c81574,-44.54536,27.930136,7
c81577,22.071728,24.337093,15
c81578,35.355442,36.15158,1
c81582,42.355907,41.851006,1
c81584,40.712593,42.763615,1
c81592,-41.42532,-12.637846,11
c81593,6.9797544,-30.471725,3
p6889,-42.064896,21.52093,0
c81608,-8.840233,19.960003,9
c81610,44.73711,-49.504578,17
c81611,-29.348764,-21.963573,11
c81618,4.8956757,-35.288868,3
c81626,-7.436898,10.456769,9
c81635,26.351595,-23.37875,13
c81639,-16.677713,-25.008265,3
c81640,-19.75151,1.5512722,9
c81644,28.643852,26.003824,0
c81645,-27.003902,2.2619157,3
c81658,-5.401309,46.336628,15
c81662,41.46487,22.453753,10
c81665,-12.903512,-5.0767713,3
p6895,38.040497,-29.408966,14
c81682,-29.07911,-22.110434,3
c81687,-38.20263,10.552209,3
c81689,-42.135727,-13.530763,11
c81698,-10.233342,-9.994031,3
c81701,-54.08762,24.531134,7
c81702,-38.25977,-5.2850723,11
c81712,7.153054,1.8652462,0
c81715,1.8804084,-17.0832,13
p6902,-14.888258,-35.12467,2
c81720,1.9837636,6.7732377,0
c81742,16.414455,-63.605812,0
c81748,-57.16912,15.209697,0
c81754,-1.9040862,-13.354431,3
c81761,-20.841314,-7.57497,11
c81763,-20.78946,-7.7925997,0
c81764,-20.37691,-8.119328,3
c81770,-16.34232,-7.711957,3
c81771,40.412544,41.899475,1
c81772,-1.6486981,3.1117349,0
c81781,11.384759,20.451933,2
c81782,11.688682,20.648285,2
c81783,42.19237,22.462418,1
c81787,-11.937907,16.533018,9
c81788,1.2251905,5.699562,0
c81789,-1.3089423,-8.093551,0
c81792,4.4236503,-7.872742,0
c81801,-24.690828,-11.975355,11
c81808,5.3591533,-25.928253,3
c81809,49.998363,13.581776,10
c81819,-36.099945,17.926832,2
c81821,29.30724,26.284359,0
c81826,42.50347,-18.223646,13
c81827,-9.797003,15.11991,9
c81834,33.81191,62.650898,5
c81837,44.391865,-18.934883,14
c81838,-21.85603,16.427155,3
c81842,3.651633,-26.507128,3
c81852,-2.6525092,-8.009978,3
c81856,-32.719,-24.25089,11
p6910,39.629642,5.7884645,13
c81859,42.357822,22.516344,1
c81863,8.384783,36.851013,15
c81864,-28.161499,30.469799,2
c81873,14.4271555,60.586754,12
c81879,17.158766,-4.4396744,3
c81885,42.397694,22.55582,1
c81889,51.989094,-8.574152,13
c81890,53.298157,-12.647783,1
c81895,-28.316507,-19.379047,11
c81896,-45.736946,4.035716,2
c81899,-55.051197,-1.1471859,2
c81900,-38.60552,29.082407,7
c81902,-48.07796,19.365988,7
c81907,-14.988294,21.886383,2
c81915,49.997627,13.578902,10
c81919,23.152966,-10.540665,0
c81921,-24.977776,5.186315,9
c81928,7.479686,4.018525,0
c81930,-40.646122,30.53162,7
c81931,-41.16651,31.867004,7
c81932,9.388887,1.3847114,0
c81933,28.032,20.80801,15
c81936,-45.878838,28.43806,7
c81940,8.603954,-0.6707268,0
c81945,6.732534,3.1596258,0
c81949,-35.512173,6.285239,9
p6917,39.396557,28.742851,10
c81952,4.162642,-26.370876,3
c81953,11.880659,-9.531622,0
c81954,-19.544186,3.7130518,9
c81956,-27.37728,-10.835645,11
c81959,-39.539368,-19.77059,11
c81966,55.488365,26.381771,6
c81973,49.999275,13.580079,10
c81975,42.60753,-18.642141,14
c81978,41.97286,22.33113,15
c81982,45.594707,-19.457926,0
c81983,19.58148,-11.959869,14
c81996,-28.621176,9.343385,3
c82000,34.871265,30.1862,13
c82002,-29.083357,-15.501984,11
c82013,9.712535,-27.05994,13
c82015,3.4340675,-26.392456,3
c82020,-28.438354,-1.7886254,11
c82022,20.212019,-13.802272,14
c82026,27.136137,21.980337,15
c82027,42.302856,22.46564,10
c82032,-28.389141,-12.027899,11
c82033,48.46992,-3.0017784,13
c82034,28.33944,-14.415456,13
c82035,41.77954,22.365133,10
c82036,48.3223,-2.7077174,13
c82039,1.8270851,-32.09148,3
c82041,1.1048988,-42.079155,3
c82042,33.8228,62.659405,5
c82052,5.127007,-13.981196,3
c82057,8.515522,-47.951546,3
c82061,9.107953,-5.074,3
c82065,22.592422,-11.311203,0
c82070,-39.91841,-22.530163,11
c82077,-29.471863,-23.791866,11
c82079,-57.42645,14.73932,7
c82082,42.84581,-0.9014324,0
c82084,-20.262924,15.171956,9
c82090,7.652393,18.407024,9
c82092,28.515097,21.267612,15
c82094,-4.4105434,45.827904,15
c82099,0.4485413,-44.771164,3
c82103,52.275368,-12.602194,1
c82104,49.969555,-5.8322296,15
c82111,-4.9967194,46.142326,15
c82119,33.857956,-45.536015,13
c82138,-28.858736,-22.033503,11
p6930,5.9306264,-40.41107,3
c82143,-37.86978,3.6776724,9
c82145,48.769848,4.9680285,5
c82150,47.737354,4.192668,14
c82152,48.774723,5.0072536,14
c82158,47.754673,4.667376,0
c82193,48.877598,5.0618362,5
c82195,13.1308,-49.808216,14
c82196,46.67856,-6.7928767,13
c82202,33.8228,62.659405,5
c82211,19.082844,28.021822,2
c82215,37.627598,3.4167209,13
c82218,42.141342,22.456852,10
c82243,-43.88178,23.19537,11
c82250,-24.956867,28.088228,2
c82251,-57.313942,14.129113,9
c82252,21.0156,-30.64241,9
c82259,41.840878,22.328249,10
c82267,-34.36057,13.465373,3
c82283,-29.247028,11.42341,3
c82292,48.89052,4.9949775,14
c82295,49.11488,5.0200324,14
c82296,48.894787,5.0551147,5
c82307,47.7782,4.803663,3
c82313,6.1775556,6.703843,0
c82318,47.260815,4.5753293,5
c82322,48.086025,5.0879745,14
c82324,48.606407,5.0075464,5
c82330,47.87524,4.3844914,5
c82334,47.771843,3.3467495,15
c82342,10.967896,11.509254,0
c82345,-4.2232366,-25.099947,3
c82353,6.9929233,2.3657815,0
c82357,48.118477,5.2330933,6
c82358,47.01622,3.6836724,0
c82366,-43.641357,4.1027055,2
c82368,-53.7905,-2.9100666,2
c82369,-32.218357,11.3976,3
c82375,-18.645994,-45.406044,14
c82378,0.5803763,42.01671,15
c82381,-35.72457,29.113039,7
c82382,36.72239,-6.884724,13
c82413,22.24907,-25.21322,14
c82414,-9.011998,-48.82644,3
c82417,-2.29752,54.81793,5
c82419,-18.275187,4.5988965,9
c82421,-41.524292,1.8954201,3
c82429,41.185543,22.083351,15
c82434,52.32525,-7.1063275,13
c82438,33.8228,62.659405,5
c82445,-21.129223,-9.149466,0
p6944,23.725964,-30.141726,14
c82450,24.304956,-29.963243,14
p6945,37.504257,-27.11946,14
c82451,-37.214855,3.762415,9
c82455,-56.900013,14.804758,7
c82458,-33.402157,4.817095,9
c82461,7.756029,-6.800491,0
c82462,-28.280338,-19.235819,0
c82471,8.344301,-27.923805,3
c82485,-16.836699,35.274406,15
c82486,13.701342,-10.820557,0
c82499,26.122692,-26.15172,14
c82506,-0.22349174,-16.089005,3
c82508,-24.41555,-8.373611,3
c82509,-33.444897,6.6944504,9
c82510,-3.6684268,37.02334,15
c82512,-25.189983,28.266916,2
c82514,4.6939483,17.212263,2
c82522,-6.457715,-42.43929,3
c82527,18.993832,0.4185423,15
p6949,11.320632,-37.1687,14
c82528,4.8093715,16.08164,2
c82532,-25.329912,3.4032598,3
c82535,4.5702353,16.818047,2
c82538,-54.744675,16.53761,7
c82548,-32.753563,14.346284,3
c82552,41.198376,22.15785,15
c82563,-28.240793,-11.243109,11
c82574,-10.202443,-16.322979,3
c82583,-16.06063,14.411152,9
c82594,3.9665585,14.892722,0
c82596,-54.93614,0.65390116,0
c82603,-11.651978,37.503147,15
c82605,-52.437878,-0.72125226,3
c82606,-40.479767,-13.591986,11
c82609,-23.278963,-4.925112,11
c82613,-48.17539,2.702978,2
c82619,31.392254,14.7603855,13
c82623,5.093859,-12.87547,3
c82632,-14.063454,-43.621593,9
c82636,-1.9071078,-3.6152842,0
c82639,-36.790848,-21.86385,11
c82640,-22.568771,10.315548,9
c82663,50.150124,-5.9870467,15
c82677,38.54478,43.080456,1
c82679,-55.704388,3.6547165,2
c82690,-24.76001,27.973682,2
p6957,-40.976006,-15.147437,11
c82698,1.1099604,36.392204,15
c82699,4.8649178,16.72378,0
c82700,4.415637,-45.992245,3
p6960,-17.388369,6.2141595,9
c82718,3.5474563,33.451557,15
c82722,0.48341033,41.286556,15
c82726,0.8472065,-12.807996,13
c82737,13.403253,64.90847,12
c82738,33.8228,62.659405,5
c82740,33.94083,37.212555,1
c82768,-54.452682,-0.6172185,2
c82769,-27.590729,4.685593,9
c82772,20.680445,-13.202563,3
p6967,-44.79689,16.885347,7
c82775,-44.244194,16.362007,11
c82784,0.68715096,29.681852,15
c82785,-43.274567,25.519127,7
c82803,5.8471985,-7.8687687,0
p6970,24.607975,-36.08917,14
c82806,34.366127,11.194118,13
c82810,21.748299,-6.3014083,13
c82811,-17.4944,-0.3298729,9
c82814,-15.541577,4.2663274,9
c82827,9.008322,-28.349213,9
c82830,52.314674,-6.829622,13
c82832,49.172005,-12.687421,14
c82835,5.251877,1.6261581,0
c82836,-27.636187,4.592457,11
c82838,-53.106537,16.056196,7
c82840,-52.416336,23.989195,7
c82852,27.499317,4.941386,13
c82868,14.511011,-44.961098,14
c82870,-37.822014,-14.656737,11
c82874,-27.994839,11.389288,3
c82876,-5.202177,-49.78232,3
c82877,-2.0791059,-47.32842,3
p6977,27.894802,-12.448544,2
c82888,-27.644323,-42.98935,2
c82891,-53.84633,16.494106,7
c82892,-9.977584,-11.116257,3
c82894,-36.125088,-14.095136,11
c82898,-6.951277,53.812763,2
c82900,-13.638961,35.658646,11
c82909,-3.1600072,-3.7681162,0
c82914,-52.247417,4.158302,2
c82918,8.997866,17.829838,0
c82922,-2.0726228,3.7217453,0
c82923,31.17848,-56.912426,3
c82926,1.7911614,-39.60832,3
c82927,-14.697036,-5.748325,3
c82928,7.8630757,0.6969813,0
c82931,-11.068334,-39.72164,3
c82936,-23.064678,10.586127,9
c82943,6.2771754,-3.0161257,3
c82955,-43.990242,-30.36612,2
c82956,5.8932786,-34.686333,3
c82960,-35.135532,-12.249302,11
c82963,-33.003826,32.490524,2
c82972,-15.519222,6.1412916,9
c82977,-53.663895,16.444143,7
p6981,25.867155,33.49461,1
c82979,-0.92043257,43.31854,2
c82986,10.694365,-42.124187,14
c82991,2.201231,14.220664,0
c82993,-16.83215,4.6498885,9
p6983,7.6531515,-19.285152,0
p6984,-28.804058,-9.583307,11
c83003,6.614881,-27.417175,3
c83017,-13.027439,27.108011,9
p6987,48.685333,-10.55669,13
c83018,50.96055,-8.353362,15
c83033,-23.108128,29.322746,11
c83034,-29.621887,4.5831366,9
c83035,-12.2739,14.609379,9
c83042,-20.31897,5.177126,9
c83043,-0.10934044,29.257618,11
c83044,-18.80624,3.5412512,9
c83053,6.4408307,-11.133912,3
c83055,-6.899923,13.597117,9
c83062,-35.038864,13.334556,11
c83064,-1.9932867,-13.408384,3
c83068,3.8765864,-39.537212,3
c83077,4.934048,7.275341,0
c83081,-31.90407,19.544079,0
c83084,-36.902092,39.053173,0
c83085,9.3186245,1.756972,0
c83090,46.96246,-8.298338,9
c83093,-36.95813,38.69,0
c83099,37.43455,36.81687,1
c83102,12.67538,44.627655,13
c83108,-4.559307,46.28614,15
c83125,-5.802305,-8.061413,9
c83129,-18.701342,-0.17307083,9
c83132,-21.504673,-0.8818282,9
c83140,49.998207,13.579537,10
c83144,4.041663,34.2142,15
p6994,-29.850403,-3.8160465,9
c83153,-5.2175217,46.321434,5
c83163,-26.861261,-8.363752,11
c83167,-18.126534,14.972427,3
c83169,-6.448319,-4.6185102,0
c83179,-29.718357,8.793621,11
c83185,6.390054,1.503499,0
c83194,0.45359495,-42.89682,3
c83196,16.260061,-63.55802,3
p7000,42.64976,22.778027,1
c83206,-52.088814,17.053165,7
c83208,-27.893282,-11.429903,11
c83212,-13.862237,41.355038,15
c83215,-0.078405455,41.346333,15
c83220,-26.764444,-7.0840697,11
p7005,36.74386,44.391544,1
c83233,-5.969526,-7.426339,9
c83237,-26.50205,-7.2776685,11
c83238,3.8713899,-3.539933,0
c83246,2.155339,-21.02659,3
c83258,16.708683,-63.5553,11
c83260,34.43533,-2.0645392,13
c83265,-34.038307,13.153847,11
c83269,63.133404,11.16949,8
c83270,18.040089,-62.47553,2
c83271,6.780979,-22.748747,3
c83272,12.803306,2.8840516,0
c83273,-46.89692,18.729961,7
c83280,35.609245,-3.1021788,13
c83282,11.016388,11.620377,15
c83288,10.054412,10.49843,0
c83298,-5.171525,24.116474,14
c83301,-29.430603,-4.1520915,11
c83307,35.191544,-8.078777,13
c83309,10.674416,-31.128132,3
c83313,21.93132,4.4618597,13
p7014,43.330925,-48.982513,17
c83320,4.7975016,-52.918922,3
c83323,38.820774,-30.339027,14
c83324,-26.230375,-2.43886,11
c83336,4.473676,-6.845035,0
p7017,-42.42439,-12.577358,11
c83345,-21.863482,23.545588,2
p7018,39.427345,28.720215,10
c83353,1.6254807,-31.788683,3
c83354,45.510044,-50.447254,17
c83355,33.8228,62.659405,5
c83362,-44.051857,-30.673069,9
c83368,45.7514,-49.566902,17
c83369,4.437436,-6.9514365,9
c83371,42.825085,-0.9184946,13
c83387,12.685134,63.03588,12
c83388,12.756117,62.381958,12
c83392,8.90628,-22.338928,3
c83400,12.951253,62.725594,12
c83406,-25.726166,-33.6401,2
c83410,28.508976,-41.466797,3
c83418,-51.770405,-0.052693214,2
c83426,-30.416573,-7.601482,11
c83430,-39.014725,8.658146,9
c83435,-15.898707,15.027351,9
c83439,-30.609755,-15.499698,11
c83440,-29.39313,-4.108961,11
c83441,-16.553822,-26.629257,2
c83445,-48.566105,28.555004,7
c83447,57.62381,-43.374004,0
c83448,-40.409367,29.543186,7
c83455,-26.170567,6.6668553,11
c83459,-43.29481,33.989418,13
c83462,14.591055,-8.317684,0
c83466,-36.028694,5.7153664,9
c83471,2.7543705,-26.33333,3
c83490,-29.892538,4.7268267,2
c83491,-25.300558,1.4725783,9
c83492,-19.578499,6.092593,9
c83503,-18.22639,21.408949,2
c83512,20.546383,-25.275959,3
c83517,2.4391263,-46.202747,3
c83518,54.687527,24.044758,6
c83520,54.494625,24.71552,6
c83533,11.510677,-12.172239,9
c83544,6.5526257,2.726074,0
c83545,-34.457333,4.290687,9
c83551,16.853727,-62.57285,7
c83552,33.8228,62.659405,5
c83561,25.493385,-15.820016,14
c83572,-13.204464,43.41469,11
c83575,-51.703896,-0.07172464,2
c83576,-7.5035696,38.651546,15
c83582,30.55951,-57.792862,3
c83592,54.45817,-9.675074,1
c83593,51.696712,-8.826894,13
c83595,33.8228,62.659405,5
c83600,0.15933417,42.77595,15
c83601,23.828604,-14.587192,11
c83605,22.158037,24.459682,15
c83606,-55.18696,-1.4241885,2
c83609,33.373608,48.73355,1
c83619,-33.703743,-8.883736,11
c83628,14.368009,-63.787476,3
c83630,8.687072,-21.25264,14
c83631,4.8421264,10.791698,13
c83667,-5.47242,52.535774,5
c83671,-43.71777,-11.196461,9
c83676,-20.459864,-9.302195,0
c83677,-20.80222,9.099374,9
c83692,-35.097527,-12.244197,11
c83694,-5.0587964,52.783543,5
c83699,43.333992,34.278152,1
c83701,7.9194317,-14.793494,0
c83704,-31.201221,-29.520067,11
c83707,-45.44604,-13.782309,11
c83713,-0.32472533,-48.414074,3
c83714,-2.2319458,-47.541035,3
c83720,33.813652,62.652294,5
p7040,21.766096,-0.3010575,13
c83740,-56.092068,-0.5728834,2
c83743,-43.990383,-14.862839,11
c83744,-20.910692,35.408493,15
c83761,-15.176331,-25.685684,11
c83763,20.77346,15.186333,13
c83764,-42.530712,30.073496,2
p7043,39.40522,28.734274,10
p7044,39.388947,28.737968,10
c83771,-45.109734,28.544683,7
c83778,-25.855665,-23.04182,11
c83783,6.193667,2.6667678,0
c83784,5.734031,1.4133053,0
c83786,-18.881838,13.886423,2
c83790,1.7884718,37.232483,15
c83792,-56.236397,0.46304202,13
c83794,33.186962,48.755894,11
c83799,-17.186974,-27.04111,3
c83807,9.781388,-48.66226,3
p7050,13.23764,-42.320087,14
c83818,-20.31206,13.028737,11
c83822,0.677127,-46.8331,3
c83825,-53.239346,16.220556,7
c83827,-43.762936,10.130818,7
c83828,51.14623,-8.133402,13
c83832,-46.409847,-14.397709,11
c83846,-29.711569,4.710361,9
c83853,-42.683277,32.866234,7
c83855,-8.900266,37.171844,15
c83864,-1.8083887,-43.99244,3
c83870,-18.561476,-6.0697703,9
c83878,5.6336913,-3.717713,0
c83881,35.63725,-6.3412113,13
c83888,0.2874202,-46.96318,3
c83890,23.673164,-21.258831,15
c83896,44.95608,38.0712,1
c83897,-9.558817,12.7274685,9
c83911,9.878484,37.690823,15
c83912,31.802204,2.0017953,0
c83914,24.538692,5.393249,13
c83921,-17.223576,3.1470737,9
c83929,3.7175272,39.037983,15
c83931,-34.754036,7.2561345,9
c83936,7.428497,-40.83896,3
c83940,-11.222403,4.7494144,9
p7059,-12.814548,-2.5705264,3
c83945,-43.193287,25.930864,7
c83948,-22.946716,-3.381516,0
c83950,-1.770757,55.224613,0
c83956,-20.53498,8.3522625,9
c83977,-5.5303154,-42.584282,3
c83997,11.591885,-27.092598,9
c83998,19.210596,-3.6147919,13
c84002,-10.580773,-11.352707,3
c84010,43.05146,-15.377336,14
c84015,-29.660315,-17.001259,11
c84016,-16.945374,-26.99939,2
c84025,-32.758583,15.217416,3
c84026,-49.166233,-3.0632606,2
c84029,-32.772694,14.570396,3
c84030,-46.290855,18.516815,7
p7064,-3.264733,57.705765,5
c84054,46.280865,-2.8989813,15
c84055,45.87242,-0.6087083,15
c84059,16.709564,-6.898271,13
c84067,4.927981,-37.738113,3
p7066,-12.031258,32.489216,11
c84076,-37.76852,-9.542805,11
c84077,30.632484,-17.178473,14
c84079,37.567245,-5.768927,13
c84087,54.500195,-9.713849,13
c84093,-3.5955586,56.479626,5
c84097,-6.0040717,38.752357,9
c84105,-1.8090856,33.640724,15
c84111,38.377857,42.948097,1
c84112,-37.141033,-7.637974,11
c84121,-11.9830885,32.159306,11
c84125,-3.4247518,44.03601,9
c84128,-19.030718,2.7655084,9
c84131,-36.43749,2.6632783,9
c84134,-9.974854,32.498177,0
c84144,17.10095,64.39117,12
c84145,14.106979,61.57477,12
c84148,37.890743,-3.5176375,13
c84150,37.39856,45.30852,1
p7072,0.3158326,-47.61454,3
c84176,33.819923,62.657154,5
c84183,-11.799174,-3.839316,9
c84187,-22.131493,-0.99853593,0
c84199,-23.715788,46.984314,9
c84208,-37.928085,-28.617607,2
c84209,-36.4128,12.389196,11
c84214,-37.59417,-6.196869,11
c84221,-11.626526,-8.018619,3
c84229,53.88249,23.468279,6
c84232,34.85174,41.770805,1
c84237,-0.6544322,21.71749,15
c84245,24.700714,6.424392,13
c84251,2.1939366,36.998055,9
c84256,-3.346568,56.850624,5
c84269,-23.694925,45.54119,7
c84275,-16.875813,4.0741997,9
c84280,-46.740665,17.284428,7
c84282,-0.8402229,-23.21199,14
c84284,25.982828,14.175897,13
c84288,33.822315,62.659016,5
c84307,-9.006063,-18.183361,3
c84308,-47.01322,14.745087,7
c84309,11.671906,3.1876242,0
c84316,-5.34259,3.1726522,0
c84324,33.17489,-11.177613,13
p7080,20.441853,2.1210256,13
c84329,18.24672,25.614683,15
c84333,35.691826,35.464962,1
c84334,-13.349401,-7.676663,3
c84344,6.2659655,-2.9282043,0
c84356,37.72745,3.3911705,0
c84365,-37.46288,-5.556665,11
c84367,-8.491067,-38.896072,3
c84370,-29.499058,-6.4139056,11
c84371,-6.134275,-51.806904,9
c84379,9.100612,-34.36242,3
c84380,10.848629,20.923946,2
c84382,42.06571,22.451704,10
c84391,-45.511154,5.2518296,2
c84396,-21.981085,10.3265705,9
c84397,-11.656905,30.57363,11
c84401,18.278553,25.597599,15
c84406,-14.446026,54.230503,5
c84412,36.684055,36.158363,1
c84417,-53.29933,23.737083,7
c84418,-37.56416,-6.1814203,11
c84419,3.7556438,-47.446846,3
c84420,19.768187,12.013817,13
c84423,-6.979482,19.103798,3
c84430,-6.50085,-19.000607,3
c84442,-24.980677,-9.73084,3
c84451,-0.5549938,-37.31837,3
c84457,-29.300425,-35.472305,2
c84459,-13.455866,50.38647,5
p7093,36.00981,43.83249,1
c84466,51.322113,-10.670807,13
c84470,43.612747,-13.541801,0
c84472,-21.043943,-25.797947,3
c84480,51.842484,-8.520227,13
c84491,-0.89505017,14.771699,2
c84502,19.55867,12.464679,13
c84504,-18.138393,11.05375,9
c84507,7.9995646,2.8841467,0
c84510,-7.1241665,13.485345,9
c84519,-11.030072,-20.633244,0
c84523,-36.09683,-14.018947,11
c84530,14.764203,43.557205,9
c84535,-6.2464375,-22.06246,3
c84537,-20.225428,11.971262,9
c84538,3.6340399,-39.26177,3
c84539,-51.172802,12.084452,9
c84541,-36.913666,5.007963,9
c84543,-20.199133,-8.269677,3
c84549,-37.53071,-6.063055,11
c84555,-35.92582,39.696613,1
c84559,-35.807236,38.11643,0
c84571,-31.951468,19.537243,7
c84582,-11.054757,21.047743,9
p7101,2.1772292,-38.785057,14
c84598,52.340828,-7.2545853,13
c84600,21.210564,44.088505,1
c84614,-0.041817464,-39.01587,3
c84615,-35.723137,7.8974257,9
p7103,-16.960327,22.096447,2
c84619,45.251015,-50.59054,17
c84620,45.692375,-49.810272,17
c84623,45.00365,-49.36423,17
c84629,12.944305,60.8108,12
c84630,44.861732,-49.79556,17
c84637,14.373091,60.445232,12
c84638,-23.627043,-7.586973,3
c84640,-19.983112,-43.02081,14
c84642,44.089344,-51.51521,17
c84650,44.55263,-50.6536,17
c84652,53.049294,25.202387,6
c84654,-55.98442,1.2185785,11
c84661,-5.726868,-20.881483,3
c84662,19.67106,-7.7084,13
c84664,-40.43862,24.094994,7
c84671,-18.946218,14.732226,9
c84682,25.473335,7.88534,0
c84688,-40.110638,6.4820404,11
p7108,-56.421154,18.170828,7
c84700,8.66159,0.4332768,0
c84701,-14.323991,-25.23528,3
c84702,-56.41148,18.597986,7
c84703,-60.30315,14.005385,7
p7115,37.121876,42.076412,1
c84714,-22.293633,45.00782,9
c84715,-37.287567,3.2449975,9
c84720,-37.23066,12.77825,9
c84725,-2.1494324,49.83706,5
p7119,10.972911,-42.571774,14
c84733,-16.633919,18.798237,2
p7120,-27.718489,13.57629,0
c84737,63.78285,14.590635,8
c84741,-9.689269,-17.074505,3
c84744,-9.258177,-13.83396,3
c84749,-10.070332,-19.94177,3
c84757,14.463534,-10.329604,14
c84768,-30.74904,32.388515,2
c84774,66.50635,-10.574744,4
c84779,-16.401726,18.753956,3
c84784,-18.792377,23.731436,9
c84794,-22.059515,-1.1916251,11
c84796,-26.745184,1.153183,3
c84801,12.479746,34.560226,14
c84802,-6.3617578,-7.112482,3
c84822,42.235626,22.447193,10
c84824,65.3583,12.2924,8
p7125,39.589993,5.335444,13
c84829,10.920896,-11.412367,3
c84834,-56.571503,18.07064,7
c84844,17.066502,64.42301,12
c84848,-37.295223,-2.8910642,11
p7127,-29.866003,3.6323016,9
c84858,-8.3871155,15.898875,3
c84867,-2.1817937,-40.264194,3
c84870,47.45026,-9.1526,13
c84880,35.62194,35.510235,1
c84884,-22.048119,45.127254,9
c84885,30.93079,20.655153,13
c84897,-29.9914,-5.5591283,11
c84900,24.99531,23.674143,15
c84909,42.257393,22.412773,1
c84912,-1.7203909,-8.423401,9
c84914,16.495918,-63.891895,13
c84917,39.554783,-2.7134333,13
c84925,49.998775,13.578038,10
c84939,-22.996763,2.0624006,9
c84949,-37.06499,3.8301642,9
c84960,61.009,-28.321058,16
c84961,61.654324,-27.17294,16
c84967,62.949944,-28.011845,16
c84968,62.612007,-29.215874,16
c84969,62.720905,-27.204453,16
p7130,62.11494,-28.984188,16
c84971,-27.131567,32.00166,2
p7132,-56.990097,15.088829,0
c84994,65.89825,12.309352,8
c85006,-35.59978,6.1902676,9
c85010,-12.786818,3.134652,9
c85012,42.211002,22.469284,10
c85019,13.521802,11.672786,13
c85026,36.96133,44.060062,1
c85029,-16.235073,53.700954,5
c85031,-42.86419,34.70034,11
c85051,50.00072,13.58195,10
c85059,-5.110225,8.928904,0
c85060,60.62879,-28.307041,16
c85069,59.480663,-28.497622,16
c85070,33.115612,10.417534,13
c85071,60.963554,-27.00478,16
c85074,59.932827,-28.254591,16
c85077,-14.982968,-28.445944,3
c85079,30.619652,-57.999065,3
c85084,7.40413,-53.26078,3
c85089,13.550361,1.9642916,0
c85091,30.126781,0.8715775,13
p7142,35.557487,43.18205,1
c85094,5.3128386,-45.224033,3
c85095,-1.660274,-37.545326,14
c85097,-1.5890068,41.879467,15
c85100,50.219322,-5.9146805,13
c85120,-21.23644,-32.965557,3
p7146,39.44192,28.707209,10
c85141,35.290043,35.641335,1
c85154,33.857502,-45.53642,13
c85157,7.1506386,15.412576,0
c85160,35.59374,43.22117,1
c85161,-1.7909362,54.23429,15
c85165,-51.81827,6.523653,2
c85168,-2.2002518,7.837204,13
c85171,20.945843,21.364477,15
c85182,4.2732735,-46.57451,3
c85186,16.578382,-63.580982,3
c85196,63.20977,11.269269,8
c85197,65.41539,11.171746,8
c85212,18.941078,42.72406,5
c85219,-28.046919,30.374111,2
c85225,-6.146874,-7.2398696,9
c85242,5.3742523,-10.518619,0
c85245,-8.919764,-15.307183,3
c85258,22.70932,15.264383,13
c85260,27.438736,13.712994,13
c85263,63.228107,11.250224,8
c85267,-27.60614,-11.619823,11
c85268,11.385201,19.5383,0
c85271,-31.066496,-17.62801,11
c85277,-17.529135,55.033188,5
c85280,32.399857,-1.1147586,13
c85282,32.519093,13.854693,13
c85285,40.870583,21.977974,15
p7156,-0.7647878,21.447079,11
c85305,-17.045143,54.806328,5
c85307,-55.273483,20.169735,7
c85315,4.144917,-50.188793,3
c85326,9.972026,-13.128582,3
c85331,0.53726065,40.168266,15
c85336,18.904106,-14.926842,0
p7159,14.365379,-4.954621,0
c85346,26.568886,21.769674,15
c85354,33.823112,62.659645,5
c85355,-52.81415,21.622488,7
c85368,-23.360117,3.1216943,9
c85371,22.318054,27.770214,15
c85374,24.80003,-29.806437,13
c85376,24.54539,-29.869856,14
c85380,-54.885998,20.976381,7
c85385,12.111452,-6.247131,0
c85403,-55.365116,21.681595,7
c85404,-11.564078,2.7554893,9
p7164,-11.699212,2.7480834,9
c85435,13.27583,61.67531,12
c85436,14.766913,64.95162,12
c85440,16.877693,-64.22763,13
c85442,24.653828,3.9564195,9
c85446,15.699282,-3.5677423,0
c85450,34.20933,35.505894,1
c85453,48.682373,5.0341654,3
c85457,-6.952851,6.609303,9
c85462,-23.259926,-0.9823531,9
c85465,36.965076,-0.10662441,13
c85470,-4.5236754,9.517228,9
c85481,-40.07175,-3.9161217,11
c85482,-26.395311,10.393402,11
p7173,-16.780579,3.8274796,9
c85490,33.823112,62.659645,5
c85495,-17.001099,3.5568173,9
c85501,36.54596,37.89674,1
c85509,-18.754374,2.4969125,9
c85518,52.29327,-7.0979753,5
c85524,-7.12075,28.103672,15
c85530,6.212082,4.488595,0
p7176,-31.020142,-8.005087,11
c85540,-17.979456,5.268647,9
c85542,13.02767,-10.815932,3
c85546,16.078983,-63.915817,17
c85549,-16.558094,21.059082,7
c85553,-38.162678,0.04604002,9
c85564,-18.270266,51.96512,5
c85565,-37.1828,4.0554175,9
c85572,-3.499937,57.42793,5
c85573,-41.634964,10.646457,9
c85579,4.300439,-29.378094,3
c85581,7.1372924,-20.951149,0
c85591,31.700289,-15.019132,13
c85593,6.7579813,-44.04626,3
c85597,21.916027,4.1168885,13
c85601,41.321,37.596558,1
c85603,51.342484,-11.7166815,13
c85610,53.32004,-8.86528,6
c85623,-25.947968,3.027618,9
c85630,-19.395077,-6.2970457,11
c85634,35.60102,39.81755,1
c85638,-0.34276423,3.6926832,0
c85640,-3.611056,53.06167,5
c85641,-13.418841,32.08669,3
c85653,7.6142077,-2.609637,0
c85658,18.969416,42.615475,5
c85660,-27.983536,-0.07629072,11
c85667,-3.4338722,-23.771992,9
c85676,-37.340275,-17.279049,11
c85677,-3.4316552,44.069794,9
c85682,-29.040462,-15.881062,11
c85692,34.52473,10.229978,13
c85696,32.898617,61.930183,2
c85705,37.67553,45.78142,1
c85709,-15.206038,54.832058,5
c85713,38.013985,41.19375,1
c85715,25.885372,23.659124,13
c85717,-13.700953,-7.368269,9
c85719,-34.60902,-15.6896305,11
c85725,38.038113,43.136215,1
c85726,-26.169739,-23.840565,11
c85735,-1.970122,19.531271,13
c85736,40.323627,36.504414,1
c85737,-42.846653,8.163497,11
c85740,-52.93514,18.676905,7
c85743,-24.365917,14.799588,11
c85745,-52.524654,19.489693,7
c85750,31.355232,-0.23905258,13
c85756,-12.431548,56.409733,5
c85762,-34.73431,-31.326246,11
c85763,9.463022,40.14874,15
c85795,18.960701,0.91722983,13
c85800,40.385155,45.32302,1
c85813,-25.760971,-19.297112,3
c85824,59.460438,-29.145756,16
c85830,16.740574,-0.5291182,3
c85833,-27.764362,-25.168987,11
c85836,20.701727,-24.202745,15
c85842,-0.85205036,-44.27985,3
c85849,-7.011526,-25.695341,3
c85854,29.644918,-58.3902,3
c85860,-24.376854,-46.09449,3
c85863,-24.287718,-46.174423,3
c85864,-24.425034,-46.243423,14
c85866,-26.852125,42.174725,5
c85867,35.871548,-4.763465,13
c85870,-24.337797,-46.33764,3
p7188,39.439503,28.703817,10
c85911,8.322243,-14.524133,0
c85919,-1.2268286,21.093122,11
c85922,-16.521042,15.3129835,11
c85927,54.43187,24.497072,6
c85930,1.3078094,-48.303055,3
c85945,-25.724352,-26.213089,11
c85950,-16.51274,11.74861,9
c85951,42.246407,22.414568,10
p7190,12.344213,-38.06081,14
c85960,-2.4397657,9.311614,0
c85961,-40.034157,-9.420189,11
c85967,35.450256,44.635452,1
c85969,-6.737369,-1.3867093,0
c85970,-28.329285,17.06329,11
c85974,-53.007687,-1.9085939,11
c85981,17.089502,0.17131753,9
c85984,51.48059,-8.65958,13
c85989,-2.9636474,-23.084045,3
c85992,-46.17818,17.06413,11
c85996,-52.475304,5.113364,2
c86004,11.779004,-38.561306,14
c86005,-9.457962,-51.521492,3
c86006,-31.83281,34.50511,13
c86008,-16.827253,-28.498043,3
c86010,33.85774,-45.536236,13
c86011,-7.060998,-7.984393,3
c86015,-23.06499,17.096361,3
c86020,30.245304,-1.6132262,13
c86023,8.811616,-16.62333,13
c86028,-22.248127,-26.878386,2
p7193,15.865625,-9.095643,0
p7194,20.624495,37.99507,1
c86065,-31.375822,0.11638512,9
c86070,-12.9574375,32.871292,9
p7197,-29.626198,20.76867,3
c86076,-33.073254,-28.457912,11
c86078,5.2835126,-12.0229645,3
c86079,1.9653679,17.438498,15
c86082,-29.119354,23.866348,11
c86085,2.645271,18.657976,0
c86090,-0.88723093,-1.4743046,0
c86101,0.3866444,23.360651,3
c86105,36.107857,5.5628896,13
c86108,-29.188343,-28.130293,11
c86110,-4.0747075,-25.52167,3
c86117,-44.012787,21.517122,7
c86119,-35.171585,6.73198,9
c86127,-32.817535,34.144756,2
c86128,31.782846,16.57409,3
c86134,37.358894,44.248226,1
c86139,4.336034,17.184687,2
p7200,38.046608,9.9277725,13
c86152,-35.12226,-5.6519165,11
c86153,-7.722607,11.848827,9
c86164,-19.940674,17.068922,9
p7202,-17.639006,-23.54308,3
c86169,37.96236,9.899057,13
c86172,44.147076,-50.84303,17
p7205,-16.756813,25.056631,11
c86176,2.708842,1.533936,0
c86186,45.185802,-49.1063,17
c86192,-13.8134985,-26.025135,3
c86194,11.281985,3.534493,0
c86197,-7.744643,11.828585,9
c86198,-38.525867,7.8859105,9
c86199,44.197155,-50.45125,17
c86201,24.098577,25.88245,15
c86202,24.560905,21.437206,13
c86203,16.393793,27.254751,15
p7208,15.007193,28.594326,2
c86213,-29.657845,4.615805,9
c86216,8.6586275,-13.146277,3
c86227,-2.3828206,7.165842,0
c86229,-12.996768,5.9644227,9
p7210,-36.0952,39.410427,5
c86233,11.157267,15.895882,0
c86243,-22.807518,15.226146,9
c86244,-38.216835,37.62808,7
c86252,44.065205,21.487911,3
c86258,24.230564,11.807491,0
c86262,-0.5756698,19.76499,3
c86263,24.31242,11.558561,13
c86264,-25.181168,-7.9788904,11
c86266,38.02745,41.86862,1
c86267,-15.566059,54.711174,5
p7214,35.271046,-20.241537,13
c86274,-24.312458,17.977367,13
c86275,-56.482285,0.043262057,2
c86279,3.0904007,-8.059869,0
c86282,-21.644833,11.466097,9
c86284,6.843109,-3.3121452,0
c86286,-48.68083,15.815812,7
c86288,-23.54541,-1.4119016,9
c86291,-30.651693,-14.02633,11
c86293,-0.3215004,54.35761,15
c86304,-12.712719,56.19905,5
c86311,-21.990305,6.959422,3
c86323,42.928146,-48.462017,17
c86331,-31.599144,23.357922,2
c86333,-44.675823,33.051655,7
c86338,-4.8433723,-21.02583,3
c86339,-31.666859,23.252373,2
c86342,-47.393486,6.4935718,9
c86343,-40.63856,25.142054,7
c86347,-14.448096,-14.067789,3
c86354,11.284764,3.7364042,0
c86357,-11.31148,8.048477,9
c86359,-20.027813,12.89737,9
c86360,-56.080265,0.3295246,2
c86364,-48.930492,19.621883,7
c86373,-51.73937,6.4935236,2
c86375,14.04524,19.422836,9
c86378,-27.254787,1.491482,9
c86382,-28.546629,-11.814171,11
c86384,-37.44683,19.340988,7
c86393,-23.469337,-13.160789,3
c86397,-7.1088037,-18.080235,3
c86400,52.929317,22.301426,6
c86414,14.512847,34.8687,1
c86417,-6.5898547,15.010515,0
c86418,-33.37239,5.1809373,9
c86421,-17.010397,17.91257,9
c86422,-19.884527,15.096757,3
c86424,0.2562126,-25.212261,14
c86431,-18.951366,13.487198,9
p7225,-19.019793,34.796585,11
c86457,-20.904064,50.457115,5
c86459,36.53173,8.656544,13
c86465,-42.90733,8.211085,9
c86468,0.1245527,24.305489,9
c86476,-8.127343,-0.4326008,9
c86486,-21.197662,21.055752,9
c86489,3.0430884,-16.428339,3
c86496,-39.64823,10.612935,11
c86501,2.9452672,-11.427224,3
c86504,-19.023457,34.93959,11
p7235,-4.5966578,-46.00437,3
c86515,3.4822707,-47.259743,3
c86517,-13.236233,-1.1469228,9
c86522,-11.419848,1.2296083,9
c86527,-20.958015,35.20418,15
c86528,37.460308,0.8354902,13
c86532,-25.257812,-24.77623,11
c86536,-38.111435,4.2131824,9
c86547,-35.999786,3.7798924,9
c86556,33.829174,62.66436,5
c86564,39.875927,-28.874718,14
c86567,-20.632294,-12.432585,0
c86580,-36.788567,6.572003,7
p7241,20.662813,-43.153618,14
c86596,46.823345,-12.07381,14
c86598,51.67573,-8.789242,13
c86600,15.1311035,0.719776,0
c86616,-6.7114778,-28.234253,3
c86620,35.05936,38.18957,1
c86624,39.55133,1.6840725,13
c86627,-6.868448,-0.19724736,0
c86637,23.934153,19.645243,0
c86640,24.844946,23.501925,15
c86643,-2.4749398,54.240864,3
c86647,62.605392,-26.738714,16
c86654,61.196552,-26.328596,16
c86660,5.671614,-46.317158,3
c86664,30.858702,-5.0620313,13
c86668,-7.1236835,28.08161,15
c86673,-30.41062,30.77325,2
c86679,-37.09781,-20.277275,11
c86681,24.88944,23.43577,15
c86690,35.350433,39.01693,1
c86696,16.499062,-63.48043,13
c86701,-3.11469,-5.375341,0
c86704,-25.180319,5.0280356,9
c86710,65.409546,12.356679,8
p7250,-28.40114,35.074947,2
c86718,5.8873577,-8.994092,0
c86719,-5.3690376,4.43413,0
c86722,-13.218301,17.984985,9
c86726,-40.286816,-3.7078001,9
c86730,-4.715315,-9.2895355,9
c86733,33.83424,62.668304,5
c86736,-2.988374,-47.59884,4
c86738,0.9071974,-46.632645,3
c86748,6.94168,-6.133644,0
c86751,11.187901,-5.344993,0
c86753,11.161728,-5.313163,0
c86772,-55.967625,22.0053,7
c86778,-35.473206,-7.151023,11
c86784,-0.9926841,8.830378,9
c86786,50.226067,22.280315,6
c86788,15.039338,43.44969,9
c86790,14.792266,43.548214,9
c86797,51.015354,-5.7115736,15
c86801,-17.736082,-15.241455,3
c86809,26.701967,20.50667,13
c86816,-13.181959,56.369804,5
c86822,-1.3798987,54.276634,5
c86829,1.8622136,-14.486939,3
c86864,-15.703477,1.6652778,9
c86871,-17.29403,-27.801153,2
c86881,-8.424029,40.38309,9
c86887,36.641613,42.337517,1
c86890,-45.184475,7.217122,2
c86904,-1.4827002,-45.25766,3
c86912,22.263184,-9.527417,0
c86920,-39.337536,22.99954,7
c86931,19.635223,38.144234,1
c86934,-1.9873953,35.60943,3
c86935,-46.936478,14.640594,3
c86943,-57.00278,19.871311,7
p7264,48.521564,-10.8769245,13
c86954,43.206207,13.290022,10
c86958,-5.6441708,38.101345,15
c86959,19.575914,41.586918,5
c86965,-3.7599316,35.8517,15
c86966,19.431479,-42.12142,14
c86971,-16.318321,22.039999,9
c86974,27.010036,-5.7468386,11
c86987,10.287832,-10.541565,0
c86989,-1.628052,44.668243,15
c86994,49.99772,13.577631,10
p7269,37.883068,45.66502,1
c87003,22.701298,-9.662202,11
c87004,-37.47936,20.796007,0
c87008,-56.22759,0.6290856,11
c87011,-15.290934,-5.6285124,3
c87015,-46.974285,1.1904662,3
c87016,-47.916256,2.6566145,2
c87019,-37.383457,27.950314,7
p7272,-33.27434,12.729194,11
c87040,-17.414787,33.224636,9
c87042,7.7000136,16.53191,7
c87046,-13.263503,5.8331213,9
c87049,-7.9211993,-9.503042,3
c87059,-17.127369,4.159416,9
c87064,6.671618,28.339603,15
c87066,21.182219,-42.13942,14
c87067,35.267708,42.302002,1
c87068,23.496038,-30.226404,14
c87072,-16.15571,-6.8730736,3
c87083,17.844183,1.1593606,3
c87084,-49.468494,17.973816,7
c87087,33.857517,-45.536358,13
c87090,-31.144865,14.908296,3
c87093,2.4274187,16.33661,11
c87095,-1.1940578,6.8198805,0
c87098,16.509403,12.183019,13
c87107,32.754017,9.883288,13
c87120,-31.846386,-14.8493805,11
c87125,-35.73382,6.3703213,9
p7279,-48.678577,26.3316,7
c87128,15.999186,11.05575,3
c87133,-36.518154,6.179999,2
c87142,-47.224087,2.9920335,9
c87147,-4.7838798,57.39613,5
c87148,-31.684408,-14.553835,11
c87151,-5.22052,12.0682955,13
c87153,-39.145603,22.665543,7
c87166,-9.30309,-9.705966,11
p7281,-39.133415,22.65219,1
c87170,-2.1921716,-18.213247,3
c87173,-16.073694,10.34601,9
c87191,-8.5485,-10.6619,3
c87192,52.692833,22.765636,6
c87198,53.137043,22.327625,6
c87217,-32.616627,13.880637,11
c87222,-42.495987,20.788673,7
c87223,-38.967396,21.20485,11
c87225,-48.635757,21.468006,7
c87227,-45.541054,19.802458,15
c87228,-0.819909,-51.510838,3
c87229,-56.509563,20.909775,7
c87234,-9.478258,-51.531918,3
p7287,-4.773553,57.629616,5
c87237,-14.973436,34.19109,15
c87243,0.49656647,4.5314927,0
c87263,21.920229,3.624128,13
c87267,9.242908,-14.408317,11
c87268,51.181496,-7.447921,15
c87274,17.953415,-25.726046,15
c87276,-38.11877,21.473782,11
c87277,0.4746885,15.176117,0
c87283,-11.888257,32.162704,0
c87284,-3.1482668,33.66303,15
c87291,-15.07572,34.146744,2
c87299,-36.135803,5.503874,9
c87300,-34.99535,10.234771,11
c87306,3.7014012,33.512043,15
c87311,-16.418177,-47.95111,3
c87318,-35.524426,4.2254734,9
c87329,-8.185018,-37.572063,3
c87333,25.314762,-20.828465,13
c87341,12.182377,61.65685,12
c87351,13.677994,63.389465,12
c87353,25.233686,23.71101,13
c87360,-4.271056,40.687054,15
c87361,-52.8175,21.826159,7
c87366,15.684195,-63.57761,3
c87368,-35.9135,15.6350155,3
c87369,8.30951,9.900725,0
c87377,-7.286566,-47.99296,9
p7297,-36.780136,5.128619,9
c87384,-54.308037,20.479141,7
c87388,-17.481136,-13.572226,3
c87392,-52.53165,5.5133653,2
c87394,34.815228,40.715546,1
c87400,-3.3465748,29.204355,15
c87401,16.879995,-35.132927,14
c87406,-52.628254,22.68403,7
c87415,37.74413,-4.9529047,13
c87416,37.854275,8.740147,13
c87417,33.063427,-18.215223,14
c87422,-15.398586,12.394395,9
c87435,-7.728047,-5.7334776,3
c87452,35.417664,4.3551106,13
c87453,-36.823307,6.4484763,2
c87460,-11.708019,33.983215,11
c87465,-29.829847,-15.625569,11
c87466,-31.469055,-14.5304165,11
c87467,-13.232367,19.173923,9
p7304,33.476543,-21.829594,14
c87474,37.594685,-5.1951394,13
c87475,-46.378178,17.195215,11
c87476,-41.769722,1.7958492,2
c87478,-7.2148767,-47.961285,3
c87480,52.27931,-8.587228,13
c87484,0.82323927,-0.7322474,0
c87485,4.887971,-12.264827,0
c87487,-43.79553,5.346882,11
c87491,-53.078907,21.905352,7
c87497,-13.169986,17.90232,9
c87501,53.02822,22.125101,6
c87506,33.701668,-21.838068,14
c87513,-56.43379,23.16749,7
c87517,3.502314,-12.8860855,0
c87520,-59.941746,21.05261,7
c87524,-6.6799946,-46.562477,3
c87528,15.568012,-22.698057,9
c87534,36.801117,29.307442,10
c87540,-5.490954,30.849548,15
c87545,-1.550933,-12.317574,11
c87554,-24.319164,-17.260223,3
c87561,24.920603,-2.1717997,0
c87562,5.631669,15.442528,0
c87565,-1.7283789,37.04252,0
c87568,-37.19137,19.358158,3
c87583,-1.6120273,44.590843,15
c87600,28.000977,20.319916,15
p7318,3.9386697,-45.650833,3
p7319,43.599453,-49.504204,17
p7322,9.078912,17.67853,0
c87624,-42.192158,26.77443,7
p7324,37.458527,43.04454,1
p7325,15.048405,28.5355,2
c87635,-54.419437,16.74722,7
c87636,-55.10652,21.826601,7
c87640,-15.911974,-12.953764,0
c87642,-15.095718,12.8591385,9
c87643,6.1833763,-6.015216,0
c87647,-41.367046,30.820387,2
c87657,-33.056675,5.7119775,9
c87658,7.258659,-45.87,14
c87661,-14.071865,14.996243,3
c87664,7.808088,43.268044,15
p7329,-36.10009,39.489857,1
c87667,-12.9957,-10.765981,3
c87669,7.904097,12.533076,0
c87675,-13.388415,21.192553,0
c87678,5.8589597,-48.645298,0
c87680,11.697747,-3.9723036,14
c87681,45.703865,-49.665016,17
c87682,-31.244856,-14.300829,11
c87683,-21.772524,23.147514,9
c87690,-7.077646,17.462112,9
c87692,0.028088469,53.333153,5
p7330,-30.896732,-14.029619,11
c87700,29.29537,21.216532,15
c87703,50.016785,22.229242,15
c87705,44.4445,-50.705162,17
c87708,57.83907,-43.38948,0
c87710,-6.6843233,17.981825,9
c87711,-45.67529,25.315786,7
c87713,-46.747112,-19.609957,11
c87716,-45.37507,25.95947,7
c87717,-45.733646,25.203053,7
c87731,44.543835,-50.96782,17
c87733,22.604599,17.58632,3
c87736,30.399817,-10.980169,13
c87737,-5.242764,12.119467,9
c87740,-4.7703295,-21.26818,3
c87741,-2.2136962,0.45071435,0
c87743,-22.877522,-18.04947,11
c87746,-28.200024,-1.0006413,11
p7334,-25.639452,0.3974182,3
c87752,34.43598,-1.8674595,13
c87765,-13.882716,-6.4816613,4
c87769,-0.93595755,10.894407,9
c87771,25.342922,12.461956,13
c87772,-30.111477,9.556789,11
c87774,-23.826849,42.944218,11
c87781,5.270557,-11.317827,0
c87782,4.787631,-12.551868,0
c87797,36.51088,-2.6038604,13
p7338,57.54683,-43.368393,14
c87800,-20.645172,47.938534,5
c87804,28.434853,25.906075,0
p7341,-4.192255,0.28899816,0
c87814,-22.786009,-10.676147,0
c87823,-32.460953,6.1574607,9
c87825,1.5273795,-19.412558,14
c87826,2.1620414,-15.154934,0
c87829,-50.104095,17.7905,7
c87831,-40.550503,-0.746958,2
c87839,-2.7853975,-12.889119,3
c87850,4.125206,13.92396,0
c87851,53.834908,2.1435828,14
c87855,3.386154,-40.154175,3
c87858,-13.116504,-49.405388,3
c87865,9.908084,16.451857,13
c87893,4.018456,-45.92649,3
c87894,-43.563778,10.147637,11
c87898,-55.022797,-1.3584645,2
c87902,52.77886,22.545963,6
c87904,53.036736,22.190931,6
p7347,53.07672,25.00283,6
c87909,32.2165,27.093485,11
c87922,51.915565,28.016659,6
c87923,-33.0703,31.378534,2
c87925,-37.654068,3.7132723,11
c87935,-42.909733,4.459054,2
c87944,3.9886215,-45.973713,3
c87946,1.3703512,-1.171926,0
c87957,-36.069893,3.8236375,9
c87963,28.475967,16.24426,13
c87964,33.57451,16.609163,13
c87965,2.101441,-2.253502,0
c87968,-17.759338,4.985342,9
c87976,6.4528594,-53.284096,14
c87980,39.92166,36.38118,1
c87982,-49.966072,7.146211,2
c87986,-0.58027726,-40.66585,3
c87989,46.67415,-11.941061,13
c87992,25.41774,12.677066,13
c87996,-11.877621,14.404406,3
c87998,16.6037,-6.843411,0
c88001,-49.62699,21.44361,7
c88007,33.85772,-45.536266,13
c88008,28.95839,38.90705,1
p7354,39.31869,28.798504,10
c88013,29.389301,39.985546,1
p7358,25.505184,22.614893,15
c88019,29.424578,39.99498,1
c88021,30.964653,-57.616016,3
c88022,49.998566,13.580119,10
p7365,-8.548723,16.258368,14
c88037,-23.860088,-37.29614,2
c88039,39.904343,-0.980088,13
c88040,33.908806,9.547852,13
c88047,23.91648,20.365957,0
c88049,-33.39275,3.3974617,9
c88054,-52.57625,21.54081,7
c88060,-13.2381315,17.890162,9
c88063,-1.220181,-0.10559698,3
c88064,21.552975,42.371414,1
c88069,-29.771479,4.1151514,9
c88070,-21.942547,-21.308573,11
c88075,-29.640709,4.183374,9
c88080,29.273611,26.12713,10
c88089,16.60231,-63.55526,9
c88097,18.461994,18.404636,3
p7366,8.851905,-21.796188,14
c88107,-32.99366,-39.465332,3
c88109,6.121552,16.976345,0
c88111,29.435337,26.13611,0
c88117,33.832108,62.666645,5
c88120,-16.434834,53.97021,5
c88123,31.73556,10.598654,13
c88126,16.27547,3.8124535,11
c88132,26.50619,-7.383973,0
c88133,8.653944,-3.1988056,0
c88141,43.617573,-14.528717,14
c88143,5.9943585,-4.7146764,0
c88144,13.94156,-14.098368,0
p7368,8.942645,-2.9512591,0
c88157,-37.036728,4.4181867,11
c88159,-29.451744,-13.479641,11
c88160,-26.236807,11.994132,11
c88166,-26.57016,22.101324,9
c88174,22.713057,17.65231,13
c88178,-20.726171,44.20341,9
c88183,47.02754,-9.026707,9
c88184,46.646698,-14.254818,14
c88186,50.681374,-11.228765,14
c88187,33.829212,62.66439,5
c88204,12.512626,34.61855,14
c88205,33.85757,-45.536224,13
c88213,38.126293,-3.3909874,13
c88215,20.486315,-4.9126983,13
c88219,52.859646,22.494059,6
c88225,-19.00441,19.19011,3
c88226,27.751682,4.116739,13
c88228,-8.515512,7.711746,0
p7369,36.899235,32.457264,10
c88246,33.82578,62.661713,5
c88274,64.20474,11.618468,8
c88276,64.47521,12.677338,8
c88281,11.372992,20.556002,2
c88285,-44.55382,11.112924,7
c88289,18.972221,42.738678,5
c88290,-22.259441,31.798801,2
c88304,7.0847487,-0.10735341,0
c88311,25.178156,-11.409241,9
c88315,-18.257898,15.2430935,3
c88318,-35.785194,17.337345,11
c88322,-27.674498,-12.33673,11
c88334,-26.030043,14.445391,3
c88335,6.0458827,-18.424,3
c88336,0.12597789,-47.940792,3
c88338,2.148997,-48.027416,3
c88343,8.817817,-7.457551,0
c88350,-14.369886,34.6295,11
c88356,-2.2983923,-6.1959662,0
c88366,-14.253399,34.53637,11
c88372,16.669321,16.235573,13
c88374,4.800553,21.014088,5
c88379,1.7215805,43.318607,15
c88389,3.6448486,-4.1299844,13
c88390,7.9918504,-51.84374,3
c88396,-25.827656,14.524506,3
c88411,17.530952,-65.636635,2
c88419,4.196329,-49.52634,3
c88420,34.96032,-12.779095,3
c88424,15.199166,6.061907,13
c88435,33.832314,62.6668,5
c88436,52.066174,-7.0982156,13
c88437,32.105152,4.481365,13
c88438,48.424274,-11.638536,13
c88440,-14.122012,34.34479,11
c88449,-30.308754,35.59325,2
c88462,-24.947422,41.72039,11
c88464,-21.832664,44.352493,9
c88470,11.726452,-26.554337,14
c88473,33.04996,12.112216,13
c88483,-33.648373,35.876793,5
c88487,-24.945366,-20.477476,11
c88488,15.201819,6.038151,11
c88490,-4.670104,53.529922,5
c88491,13.867969,37.252003,11
c88494,16.076813,5.6132193,13
c88496,40.679443,40.673027,1
c88512,31.297636,4.850402,13
c88514,-45.62539,33.068817,7
c88523,32.402267,-21.16892,13
c88524,30.964697,-7.674957,13
c88536,4.6805468,20.867996,9
c88540,-14.905173,14.780867,9
c88548,-12.735348,-32.82991,2
c88549,-23.005257,-3.835507,0
c88556,-43.414555,26.64445,7
c88558,-19.94991,46.600937,5
c88566,-0.05216065,35.783096,15
c88569,-36.34074,4.992314,9
c88571,15.163285,6.0813456,13
p7394,-18.554483,-26.273054,2
c88576,2.257537,-15.690134,3
c88582,-5.3966165,-49.815823,9
c88590,-12.879061,12.715002,9
p7396,-4.1136866,-2.2108595,0
c88593,-18.920748,5.6744127,9
c88600,-4.5046654,6.1792417,0
p7398,37.503826,-5.9407306,13
c88612,-45.59878,19.793657,7
c88613,-7.1915107,-48.10361,9
c88614,-45.513733,19.809715,7
c88621,-21.82363,45.281513,5
c88635,-31.715338,5.2287993,9
c88638,53.01891,22.796976,6
c88642,-27.913744,0.19280297,11
c88650,43.405598,22.724176,6
c88657,25.932278,24.868015,13
c88658,0.10868759,29.663565,11
c88659,-45.077335,7.1628113,11
c88661,-41.3894,-0.87238914,11
c88664,-39.510525,-13.54938,11
c88667,0.76253307,-46.73537,3
c88669,25.805042,-0.03347923,13
c88671,30.40935,39.473164,1
c88680,52.869415,-8.585465,6
c88682,53.592865,-9.171052,0
c88694,-30.179764,-13.041077,11
c88697,-2.0999908,53.770653,15
c88699,-12.247103,33.13802,11
c88714,4.678344,0.58768374,0
c88716,-1.7849306,53.811024,15
c88718,-51.188858,-1.3692561,2
c88733,30.086164,0.85830563,13
c88743,30.79188,-7.0615406,13
c88747,-37.826313,11.312077,11
c88754,38.134,45.072113,1
c88760,-36.69212,4.4086256,9
c88766,-43.64724,15.473442,0
c88772,30.360472,20.945143,1
c88776,-5.115389,-38.61493,3
p7407,0.39552122,-47.610493,3
c88789,-31.831942,11.394154,3
c88790,-19.74117,31.330534,11
c88793,-10.420664,42.95703,15
p7409,36.830647,9.684955,13
c88805,25.344774,23.32508,15
c88809,-19.095312,43.024483,5
c88812,-24.008177,17.976368,13
p7410,33.463078,-28.923529,14
c88818,-16.810513,5.149985,9
c88822,-3.3477085,57.394993,5
c88828,-21.316261,17.401766,13
c88829,-2.7662241,58.11941,5
c88831,36.767834,46.875584,1
c88832,-5.869529,57.652367,5
c88836,21.943504,-9.01966,0
p7411,38.69006,-27.097069,14
c88843,0.02824583,3.4813356,0
c88845,30.807772,-11.372944,13
c88848,2.874523,-26.331835,3
c88856,-1.2562197,-2.195918,0
c88860,30.339836,-11.203286,13
c88861,38.855484,43.06307,1
c88877,-13.155403,-49.44641,3
c88888,14.608405,63.742203,12
c88889,14.343233,60.90166,12
c88900,53.105915,25.191313,6
c88903,10.055841,-18.776487,0
c88912,-28.22569,-1.1415958,0
c88916,-36.42617,4.9207,9
c88919,32.03987,43.591923,1
c88927,-46.967464,13.617048,3
c88928,-23.203655,-4.8982444,11
p7415,-4.118921,2.8982744,14
c88938,8.52226,-2.3954601,0
c88946,-52.989693,15.67385,15
c88949,-43.01121,27.862139,7
p7417,-23.328606,-4.9480233,11
c88953,0.05430583,40.70725,15
c88959,32.136494,43.79695,1
c88964,10.81369,22.97162,13
c88969,38.47987,14.599198,2
c88978,32.568287,-6.778359,13
c88984,-31.492804,-30.732273,11
c88987,8.544763,17.717234,2
c88988,8.309394,16.502884,9
c88991,-41.04285,-11.695833,11
c88995,39.16285,-30.90664,14
c89005,29.302385,9.44524,0
c89006,34.133617,11.340258,13
c89008,-4.2721014,-16.446995,0
c89009,-33.15188,27.095675,11
p7421,-31.683487,0.99641776,3
p7423,9.1773,30.678085,15
c89023,48.04034,-9.45575,13
c89034,-3.4297264,-42.13201,3
c89035,-23.245777,-11.809205,3
c89038,-45.4703,24.801249,7
c89048,22.601894,17.719263,15
c89049,-6.5966353,14.976201,11
c89052,-4.1039147,34.374763,3
c89053,8.310536,19.964146,14
c89057,-14.630958,15.90839,3
c89058,-6.304833,5.3351727,3
c89063,21.742552,21.500679,2
c89064,13.980909,-11.589449,13
c89065,18.346577,-4.451936,0
p7428,53.823643,2.6476872,11
c89078,45.409946,-50.812557,17
c89079,64.734085,12.649595,8
c89080,65.141495,11.97961,8
c89082,33.85776,-45.536102,13
p7429,-36.233883,39.467167,1
c89091,23.23769,18.050314,15
c89094,-33.986374,22.396994,11
c89098,2.4026196,-8.315865,0
c89100,36.47086,47.49112,1
c89108,45.361977,-50.925648,17
c89111,-23.293911,-11.904065,3
p7430,33.685055,-2.5959306,13
c89119,40.069027,42.59075,1
c89120,12.404175,43.173695,5
c89122,31.362299,31.984629,1
c89125,14.250029,19.083748,9
c89127,-10.708438,-35.068867,3
p7432,7.9610524,16.514547,11
c89133,50.165276,22.247776,6
c89140,45.456173,-50.895187,17
p7435,29.971119,2.158045,0
c89143,45.313858,-51.421345,17
c89154,-1.8801023,44.63211,15
c89156,32.69683,-2.938525,13
c89157,-38.883064,27.412394,7
c89161,33.73958,9.345602,13
c89181,-5.399964,-21.31824,3
c89195,0.7527613,19.60255,7
c89198,-0.41300666,40.83594,15
c89204,30.113325,8.379803,13
c89207,27.696545,19.214417,13
c89208,-20.14498,46.49361,5
c89210,-26.90412,-3.9115589,0
c89213,-40.982136,20.946888,7
c89219,0.88901865,19.553053,7
c89223,-52.30273,27.979641,7
c89228,-28.437502,13.51146,0
c89229,-33.108665,-8.775362,11
c89240,-24.049824,7.815688,13
c89241,0.13185263,14.436596,0
c89245,30.505426,9.199945,13
c89248,-41.573116,30.370554,7
c89249,49.99808,13.580206,10
c89261,0.96963227,19.54723,13
c89267,-2.4326365,1.9617541,0
c89269,28.303932,0.112122804,0
c89271,37.05233,43.262974,1
c89276,20.339466,22.992949,15
c89278,5.1380644,3.344842,0
c89281,-1.3900572,3.9658737,11
c89287,-1.4039348,5.2572265,0
c89290,6.8391595,-42.370586,3
c89294,-24.519201,-29.001083,3
c89295,14.130407,-5.08525,0
c89299,-3.8823593,2.6700912,0
c89302,0.07261286,8.765308,0
c89323,-36.299145,3.6856766,9
c89327,-33.393223,14.966976,0
c89336,53.345684,22.817469,6
c89337,53.20689,24.482365,6
p7452,52.88628,22.897945,6
c89353,-18.3122,53.278168,5
c89356,7.2882924,-45.310688,3
c89364,48.71954,-10.229821,13
c89365,52.793118,-8.7308035,13
c89366,49.528816,-11.036629,13
c89368,-7.683771,-36.315018,3
c89374,39.586884,1.7761545,13
c89379,-28.476746,5.508313,3
c89380,7.5179114,-47.307957,14
c89382,-16.726368,-3.6689987,3
c89386,30.023706,-56.92798,3
c89387,31.455729,-15.09254,14
c89389,33.857918,-45.53612,13
c89391,-18.137506,-11.671707,3
c89395,33.532646,5.31648,13
c89400,-9.605057,-0.18883756,9
c89401,31.394718,-57.510185,3
c89404,-16.614733,8.099289,9
c89406,38.309433,9.019248,15
c89409,36.20822,-6.7893205,13
c89413,-4.363056,53.03941,5
c89421,-33.577812,-2.0162082,3
c89428,-23.211077,-15.587206,11
c89432,11.134447,3.397403,0
c89436,23.367468,-17.610502,0
c89448,33.103905,-17.9998,14
c89451,-33.5051,14.7761135,3
c89456,34.042797,3.259798,13
c89458,50.06253,22.202814,5
c89460,12.262378,-13.542731,0
c89463,61.682034,-25.136427,16
c89466,40.35108,8.237058,13
c89484,31.531855,1.8734783,13
p7456,-10.893517,-9.236928,3
c89501,15.167896,6.028417,11
c89503,31.691004,-57.369984,3
c89517,-16.056295,53.6584,5
c89529,12.195359,-5.8900266,0
c89538,6.7365294,-3.8235235,0
c89546,-32.445812,36.691677,7
c89558,-28.753565,13.917616,0
c89565,-9.629673,-11.013976,3
c89566,-34.194088,14.275655,3
c89570,34.54101,5.255666,13
c89586,49.42963,-11.360393,13
c89588,51.54727,-13.7607155,14
c89589,53.214664,-8.888086,13
c89607,-9.950911,53.75627,5
c89612,-19.931047,47.905792,5
c89614,-41.22278,-15.073313,11
c89617,29.6432,40.135483,1
c89624,11.3707695,6.903304,0
p7465,-43.08419,-4.6979365,11
c89635,32.28063,13.569108,13
c89636,-59.65532,21.876198,7
c89663,1.4245083,-45.84526,3
c89664,-4.8656287,15.008856,9
c89668,63.047707,12.617265,8
c89689,-17.300648,35.444115,15
c89695,53.91708,23.617119,6
c89699,0.810784,-46.664112,3
c89703,16.699932,-63.26821,11
c89704,17.431557,-63.348812,9
c89710,2.0638745,-47.325413,3
c89711,27.86779,-0.77377075,13
c89714,2.47495,33.731754,15
c89718,-56.529125,19.061703,7
c89731,-17.544674,55.384624,5
c89738,20.01794,-4.538826,13
c89740,18.691668,21.885729,11
c89743,18.819334,22.221949,11
p7471,35.2048,30.505966,10
c89752,16.2649,-63.464893,11
c89757,-21.283077,3.0652952,9
c89761,0.5028303,35.81069,15
c89773,42.766766,22.65637,1
c89774,-17.645988,55.13435,5
c89776,37.48174,41.85233,1
c89791,38.803356,37.6564,1
c89792,40.189487,45.128986,1
c89797,36.62619,42.671097,1
c89798,18.821978,22.244673,11
c89799,-38.123875,-2.5727632,2
c89800,11.10152,11.358162,9
c89806,18.828869,22.23023,11
c89813,52.639393,-10.098049,13
c89814,33.83151,62.666183,5
c89815,-23.96035,9.648728,9
c89816,8.197516,16.414919,9
c89824,-45.98925,28.246466,7
c89826,35.938934,31.063795,10
c89827,-29.83156,-17.49196,11
c89831,4.551682,-52.387096,9
c89838,39.437904,37.297398,1
c89839,-17.48756,52.304478,5
c89853,33.85762,-45.53649,13
c89864,-53.618614,5.6582017,0
c89871,-30.222668,35.313625,2
c89876,24.60066,6.460406,13
c89878,25.953535,9.693158,13
p7487,6.8111315,-0.14959285,0
c89890,-18.658766,34.546787,11
c89893,28.004171,5.159519,13
c89900,-4.2553277,-16.501358,3
c89902,-18.386917,4.893947,9
c89908,10.49102,32.62958,3
c89909,-4.586498,5.1197586,0
c89918,-4.3239594,-4.245879,3
c89919,-12.246276,34.40084,15
c89922,-39.077843,19.146872,7
c89938,12.289436,-0.32276314,0
c89947,3.6294813,-14.050448,0
c89957,37.441364,43.84271,1
c89958,37.446327,43.922447,1
c89959,11.447349,20.46501,2
c89976,-41.818996,3.3515525,0
c90001,-40.99254,-14.947698,11
c90003,-12.281915,56.452347,5
c90007,-37.318935,23.692379,2
c90013,35.36892,-24.886038,14
c90019,-55.327496,-1.0815423,2
c90024,7.293444,-45.565434,14
c90038,30.483547,10.16396,13
c90041,-50.35232,-2.5605974,11
c90050,51.903656,-7.658805,13
c90051,51.566383,-9.904234,13
c90052,53.66181,-8.827795,15
c90055,-26.126057,-11.756551,11
c90058,-38.80341,9.042347,9
c90060,53.112892,23.22005,6
c90063,52.71049,23.068138,6
c90065,2.7264094,9.189541,13
c90069,-38.541897,27.684103,2
c90081,-0.120694794,7.911888,0
c90091,-13.052105,31.912767,11
c90093,-11.75351,32.229954,0
c90100,-0.41376477,50.74806,15
c90101,-13.013604,31.989273,11
c90102,-28.03607,14.702613,0
c90106,42.928333,22.675041,1
c90109,11.07113,5.9888167,0
c90115,-1.7513217,38.97008,15
c90119,33.828342,62.663723,5
c90129,36.961754,45.691986,1
c90130,14.237026,19.042236,9
c90133,8.319347,6.30136,0
c90141,-31.757494,32.07776,2
c90142,35.795116,-7.444541,13
c90144,39.08886,43.059593,1
c90162,-19.52757,47.73717,5
c90165,-31.84982,17.459429,13
c90166,25.460217,23.195738,2
c90169,33.038807,42.189384,1
c90171,-18.074253,54.0825,5
c90177,42.781544,21.4083,13
c90180,0.93863016,-11.130743,0
c90184,42.88479,22.41344,1
c90185,30.661856,-57.812645,3
c90186,-27.883327,-16.007858,0
c90191,42.681805,21.531387,15
c90197,-11.64472,33.593918,11
c90199,37.0279,-1.8801478,13
c90203,-19.063597,13.395832,9
c90211,-16.295483,54.78023,5
c90224,-11.366768,37.70861,15
c90231,-33.39745,14.446517,3
c90236,-0.22021846,-47.267506,3
c90245,-20.134817,4.214622,9
c90248,4.344866,-26.881653,3
c90251,2.3833249,-50.96682,3
c90255,-19.170187,53.249054,5
c90267,-10.831349,-12.656675,3
c90274,-13.164323,16.514801,3
c90277,-8.85552,-21.167273,3
c90279,-6.8345537,-6.4888287,0
c90282,38.488876,14.575035,2
c90287,-33.581127,15.066526,5
c90299,-36.17052,5.2378488,9
c90302,-45.256336,24.162838,11
c90303,-35.18127,15.065066,0
p7507,39.44996,28.702753,10
c90316,14.279246,33.592373,3
c90317,10.444809,-2.3849576,0
c90318,30.170578,-5.8256316,3
c90320,-18.810818,53.648167,5
c90321,-4.7066593,32.597473,15
c90323,31.612528,-55.988052,3
c90325,32.668064,-55.688965,13
c90326,31.957026,-55.897396,3
c90331,34.682995,35.67013,1
c90335,5.24819,-48.061153,3
c90343,-35.164894,4.3480015,9
c90349,-21.663027,-4.791082,9
c90353,4.221171,-48.81248,3
p7515,39.454113,28.699251,10
p7517,39.443756,28.708475,10
c90358,-6.140787,-23.938345,3
p7518,1.9919016,40.377487,15
c90366,-10.507771,40.218994,15
c90374,-52.216362,4.296655,2
c90376,-30.831299,30.771124,2
c90378,-5.050699,13.355492,9
c90379,48.486965,14.264163,10
c90387,37.192635,43.700005,1
c90390,-38.100056,21.514332,11
p7523,37.490818,-29.232569,14
p7526,7.6820054,15.978427,0
c90419,-35.01349,-2.0367484,11
c90425,-25.407873,17.409204,3
c90427,-22.020754,-4.4816427,0
c90432,29.786572,7.1140504,13
c90437,-7.699651,-16.489107,3
c90443,-21.288713,5.689668,9
c90446,-21.288416,5.6898947,9
c90450,-21.288416,5.6898947,9
p7527,53.826443,2.6477585,11
c90468,7.1118364,-3.0759952,0
c90470,12.301665,4.340314,0
c90479,-37.883583,22.207413,11
c90480,-20.52571,-15.481159,3
c90481,-10.508185,40.210285,15
c90494,-35.373272,6.4284177,9
c90498,14.07625,62.964325,12
c90503,-37.164825,-24.564507,2
c90504,40.70751,2.9486759,13
c90514,-29.96722,0.8231779,9
c90519,-22.578268,14.052592,9
c90529,1.2380415,10.132899,3
c90532,-25.76782,0.10549568,0
c90535,18.709019,21.975378,11
c90540,17.32662,-65.24459,14
c90541,33.830296,62.66523,5
c90543,-23.754808,34.373722,11
c90550,0.74138266,10.986228,9
c90552,-5.76985,-21.345125,3
c90554,-6.7595644,-3.185544,9
c90560,-6.7704363,-21.040594,3
c90565,-21.18748,48.676235,5
c90567,-3.854466,58.028763,5
c90569,-0.82852757,8.888712,0
c90572,-31.073729,12.691119,3
c90573,-27.510633,23.607668,2
c90577,14.686658,9.941021,0
c90578,-25.50826,17.403996,3
p7539,19.468624,-33.081825,14
c90581,-21.77636,49.29915,5
c90602,17.974382,-62.4087,0
c90603,-18.207039,21.290052,2
c90608,-43.008083,29.116474,2
c90626,33.891838,26.926626,13
c90628,38.664707,43.751976,1
c90630,-14.870503,-9.035784,11
c90635,-50.30739,-2.1588469,11
c90638,-18.255272,-19.813923,3
c90640,45.791046,-50.966198,17
p7541,-52.069176,15.5323925,7
c90650,-51.993195,15.427859,15
c90651,-33.446693,14.270115,11
c90661,16.907553,-62.94686,2
c90662,16.68638,-63.515068,3
c90663,33.82992,62.66494,5
c90664,19.992414,-20.197304,2
c90666,-13.161655,56.431,5
c90667,53.8399,2.4120467,14
c90670,-19.933643,33.155582,7
c90672,11.961201,4.187641,0
c90675,18.79419,22.233368,15
p7543,39.628273,5.78852,13
c90679,-41.546467,-15.88731,11
c90691,-21.930876,49.23597,5
c90703,8.982123,0.28034186,0
c90707,30.581745,-57.76844,3
c90720,36.034092,45.719086,1
p7548,1.0989411,42.198414,15
c90733,16.67473,20.837324,13
p7549,-2.497242,-46.613388,3
c90739,16.96152,23.89481,5
c90740,26.946642,11.25429,13
c90741,3.5025249,42.084423,15
c90743,29.626038,-58.229965,3
c90748,0.7273574,42.137474,15
c90756,18.882387,22.345037,15
c90762,16.552992,-63.52929,3
c90764,-20.808983,46.798393,5
c90771,-19.870928,33.193043,15
c90777,-39.574116,30.318754,2
c90778,-25.41743,30.917593,9
c90779,-50.476177,-1.1008947,2
c90789,-2.9737551,1.379349,0
c90797,33.829174,62.66436,5
c90803,57.406845,-29.281952,16
c90805,-12.516163,-37.63472,14
c90818,60.50984,-29.6115,16
c90819,-11.060341,15.546487,9
c90833,39.174347,-1.7272288,13
c90834,36.036964,-12.053066,13
c90835,45.687,22.291334,6
c90840,51.020676,22.186964,5
c90841,45.224644,22.315178,5
c90843,32.75352,20.951767,13
c90845,11.57632,-5.358788,0
c90848,-30.129738,24.84345,3
c90860,4.7003174,41.604755,15
c90876,51.43026,-9.180813,13
c90881,-1.6440866,5.1429925,0
c90885,-18.426579,52.286057,5
c90892,36.16262,45.014828,1
c90900,-49.65728,-1.8954506,11
c90902,34.7024,-6.160244,13
c90905,-20.775627,-7.846426,11
c90915,16.275818,-63.500935,11
c90920,27.061722,11.377314,13
c90931,-52.946102,16.119118,7
p7560,-48.066223,15.811091,7
c90936,2.4199727,33.948803,15
c90941,-15.978779,5.5602136,9
p7562,33.597633,-12.747709,13
c90947,5.980106,0.9515579,0
c90961,-27.908869,15.69288,3
c90964,14.912072,1.8521818,3
c90969,-0.8867545,-46.853645,3
c90972,5.3351827,-33.30332,3
c90974,4.727042,-9.842816,0
c90975,11.361891,-0.65840346,0
c90979,-45.607536,-11.246399,11
c90981,-56.106697,16.416012,3
c90984,-13.244505,-48.952587,3
c90991,10.364564,21.357616,2
c90994,-19.86663,33.20055,15
c91014,36.140743,-13.05938,3
c91021,0.782791,-47.24359,3
c91023,53.488422,22.830664,6
c91028,-28.713587,-15.480134,0
c91041,-0.9903345,42.091118,15
c91048,-53.318268,15.636389,15
c91057,6.2223973,-0.50509787,0
c91060,8.584868,-2.9984298,0
c91061,24.49181,13.593969,13
c91063,13.787397,-8.856366,11
c91064,47.408688,-13.628792,13
c91068,-20.31948,19.648575,9
c91071,11.0480385,-3.357557,0
c91073,37.068565,43.277645,1
c91074,11.225248,-3.411787,13
c91075,14.288084,-19.024033,13
c91078,10.196646,21.445984,2
c91083,-42.581657,33.443226,2
c91085,-27.61314,-43.05317,2
c91089,30.405134,39.625214,1
c91091,-39.59893,-2.5822694,1
c91097,44.988956,22.490877,6
c91098,-4.2473087,9.428755,9
c91109,-25.322716,36.863182,5
c91112,-26.816902,5.883183,3
c91117,-56.020294,-2.2287862,2
c91118,53.911716,-10.551063,1
c91120,-4.791871,-26.495945,3
p7574,18.150377,-9.895184,14
c91137,-5.056843,19.776861,3
c91142,-2.263124,42.97225,15
c91143,5.9856615,0.88063085,0
c91146,-30.114082,35.482445,2
c91161,23.80452,20.40831,0
c91162,-12.289585,4.811807,14
c91174,-30.202892,18.36357,3
c91176,-13.258942,16.547682,3
c91197,-34.849064,7.3087025,2
c91200,33.829212,62.66439,5
c91209,-38.33822,-21.560745,11
c91215,32.50908,-7.7246227,13
c91217,-35.338448,30.983074,2
p7579,-33.547024,-2.025749,3
c91220,1.4126037,-12.545336,0
c91230,-11.530581,-7.9371276,3
c91235,-43.553555,-13.181053,11
p7582,-30.713568,-19.37491,11
c91240,7.3571978,0.20755878,0
c91251,-2.1395054,51.158916,5
c91255,28.216017,-7.4884667,3
c91258,0.31242278,-47.67078,3
c91260,5.0914774,-33.562088,3
c91265,20.967354,-25.226475,14
c91270,33.83208,62.66662,5
p7583,-9.011861,-43.577106,3
p7584,20.33263,-30.907574,14
c91283,38.49584,14.582667,2
c91285,37.064106,43.47669,1
c91287,-38.555912,29.592075,2
c91288,-31.374376,3.5908465,2
c91289,-10.87673,36.62855,0
c91293,-9.993938,53.712868,5
c91294,-0.8770705,51.441444,15
c91296,-31.699566,3.6487992,0
p7588,43.094303,-17.27317,14
c91302,-53.566513,16.713676,7
c91311,11.481516,-10.976347,0
c91319,-50.618706,-0.9211346,11
c91323,9.257992,-16.342855,3
c91338,7.647193,18.13005,9
c91339,36.552105,42.77124,1
c91340,33.832108,62.666645,5
c91343,-32.749695,10.172575,9
c91344,51.5479,-9.214902,13
c91345,4.341589,-5.2137237,0
c91353,-55.555317,-1.71979,2
c91362,23.34523,-35.731728,14
c91365,35.32985,-5.3861923,13
c91366,-39.70019,-3.0579133,11
c91369,-1.8384993,39.058067,15
c91373,-32.205765,16.304413,3
c91375,-27.88365,-16.00073,11
c91381,-28.986217,-15.516971,11
c91383,-11.269607,32.7066,15
c91387,1.5037143,31.287315,15
c91391,-3.9961348,-25.479738,3
c91395,0.6165571,-50.605045,3
c91408,53.715294,22.02737,6
c91410,54.216457,22.128944,6
c91413,-19.62446,20.727623,11
c91421,30.359509,39.77583,1
c91427,-39.528774,-13.642654,11
c91428,53.838512,2.6852052,11
c91433,40.308624,23.131603,10
c91435,-0.09828853,-39.006596,3
c91439,3.294273,-43.121994,3
c91444,6.2612505,-53.227016,14
c91452,-7.69104,-46.91644,3
c91455,-18.745705,52.650963,5
c91459,14.545547,34.66207,1
c91464,8.000907,46.594692,15
c91466,1.4015198,10.790208,13
c91469,-56.343616,1.6169194,2
c91476,-36.211094,1.541192,9
c91479,-25.724798,-31.022793,11
p7597,-11.643156,2.4122758,9
c91481,-3.971331,-4.483625,3
c91504,30.416649,-6.083253,13
p7599,12.149082,34.614353,14
c91505,9.010859,-28.29871,9
c91507,11.612246,-28.23219,14
c91513,-11.377464,37.42255,15
c91516,35.82165,-17.090746,14
c91519,35.9187,-16.76402,14
c91528,-56.823044,2.0037596,11
c91531,-24.830126,9.537108,0
c91534,-17.10343,54.8014,5
c91536,36.491875,45.42719,1
p7602,39.434273,28.711287,10
c91546,-18.474623,53.502014,5
c91548,-22.6582,-45.208496,3
c91555,-59.738533,21.266176,7
c91563,11.556737,-3.9941063,0
c91579,-14.323512,-18.126108,3
c91581,-33.284103,-2.2037935,3
c91582,-24.920227,28.102713,2
c91586,6.7669845,29.464603,15
c91603,34.331528,47.263298,1
c91608,48.469036,14.281087,10
c91634,52.97243,22.908272,6
c91641,-40.172253,16.235287,11
c91645,29.223303,6.4055867,13
c91647,-6.5217776,16.849274,13
c91649,-0.6670941,10.874791,9
c91650,-0.08858377,10.481414,9
c91653,-17.557184,13.751025,9
c91658,-23.571554,14.639641,11
c91671,25.739025,-19.463814,14
c91675,25.34131,8.746215,13
c91678,8.0225,46.6176,13
p7619,-36.372986,39.36673,7
c91691,-7.5595694,14.648892,9
c91702,10.946779,1.9453673,0
c91715,0.90424603,-23.004166,9
c91733,45.317245,-50.91767,17
c91740,-22.206398,49.13899,5
c91745,9.158,25.817287,15
c91747,44.943707,22.482237,6
c91748,6.1241927,29.04348,15
c91750,26.954124,22.195253,15
c91756,-35.016335,22.333729,11
c91760,45.39684,-50.763508,17
c91763,33.253838,-22.670317,14
c91768,-37.038174,-7.4017196,15
c91772,45.39782,-50.933067,17
c91782,45.30551,-50.97899,17
c91784,-54.82161,-2.629019,2
p7626,29.978987,2.1707,13
c91788,9.282049,-16.154493,13
c91789,45.385117,-50.83084,17
c91790,-52.765198,19.100683,7
c91791,14.429255,61.691,12
c91793,15.59994,63.41963,12
c91794,12.861749,64.54466,12
c91795,15.250917,65.12736,12
c91796,45.64035,-50.958496,17
c91802,-0.7877615,6.4965386,0
c91805,-22.683626,-18.022078,11
c91809,-11.403988,9.088573,9
c91812,-36.92729,15.379778,3
c91817,-30.369017,0.68311346,2
c91819,-55.260605,16.541182,7
c91820,-11.71335,16.18904,9
c91821,2.775881,-4.5319343,0
c91825,-12.513187,1.1131799,9
c91837,21.634027,-3.7067695,2
c91852,2.062741,-38.734203,3
c91855,-31.582262,3.6180987,0
c91857,-37.430473,-17.244232,11
c91862,7.137187,14.882891,0
c91864,-26.37414,49.057957,7
c91866,-21.942081,49.033043,5
c91867,-26.897524,-6.101591,2
p7634,57.54683,-43.368393,14
c91870,-22.77906,25.772404,9
p7636,-14.59183,-39.804504,14
p7637,-38.010166,-12.330058,11
c91882,-38.43643,-12.508478,11
c91883,-22.987743,49.373493,7
c91884,-37.681442,-16.980503,11
c91887,-26.356863,49.065666,5
c91889,-44.129707,-21.068338,11
c91896,-6.6283355,-8.891618,0
c91900,-0.37161538,10.813091,9
c91903,-31.856184,-18.708412,11
c91913,44.952312,-13.7992935,0
p7639,-16.660662,6.0900087,9
c91922,-43.580746,-21.074482,11
c91923,-41.45352,-14.704421,11
c91924,48.39186,-2.801073,13
c91936,5.779774,-4.8132367,0
c91955,-51.94598,15.566005,7
c91960,-52.69278,18.440905,9
c91979,-22.871212,50.306564,13
c91983,-16.044018,55.431286,5
c91985,-16.514431,21.729107,2
c91991,-46.87622,27.928493,7
c91993,-43.491188,-12.395352,11
c91996,33.82583,26.965675,1
c91999,-21.343702,-2.9626822,9
c92002,-27.387663,-6.5686564,11
c92012,29.591673,-2.4607248,13
c92015,50.56282,-7.668223,13
c92024,-20.893719,-7.6248207,11
c92026,-1.3235143,42.17448,15
c92027,-3.793766,8.475854,9
c92030,-1.3396814,-42.274433,3
c92041,-5.2858653,46.327236,5
c92050,16.687057,20.840189,15
c92053,-1.3744805,45.291275,9
c92065,1.2319545,10.315863,0
c92071,30.952631,45.540833,1
c92072,-53.423874,13.202394,7
c92078,53.59022,22.043905,6
c92079,-7.247087,-21.139675,3
c92086,4.5357733,-17.8859,3
c92094,-10.093856,8.109879,9
c92099,5.687121,-26.975018,3
c92123,-53.4,13.070053,9
c92134,33.832153,62.666676,5
c92139,8.732469,-5.253434,3
c92146,13.051822,-14.969382,3
c92153,9.310054,-7.36492,0
c92157,21.130758,-11.245226,14
p7653,11.143103,-5.567522,0
c92162,-14.143328,5.9252653,9
c92165,30.455614,3.5088177,13
p7654,4.759444,-27.068022,3
c92183,32.341213,-14.886969,13
c92190,-29.71793,30.515594,2
p7658,16.57893,-29.74812,14
c92191,-26.941206,3.5327516,9
c92193,16.171122,21.061815,9
p7659,-36.872704,5.132612,11
c92194,-12.707158,32.697445,11
c92197,-54.959377,20.55918,7
c92198,-37.457935,5.641378,9
c92200,-23.961351,0.5386601,9
c92206,50.25758,22.25318,15
c92214,-38.910583,0.09732071,11
c92242,48.17171,-7.004012,13
c92245,16.314613,-64.34269,3
c92250,-27.351566,-16.391052,11
c92267,-3.4514425,43.32372,15
c92271,-27.711168,-37.536366,2
c92277,-1.3014123,4.9995127,0
c92285,26.262445,-26.186169,14
c92286,-52.112514,17.261948,7
p7665,39.40574,28.73688,10
p7666,39.445404,28.706251,10
c92291,40.707424,22.779037,1
c92301,27.710226,20.69787,15
c92310,0.089290366,33.26561,15
c92313,36.473824,42.37308,1
c92315,36.48678,42.31747,1
c92316,29.713982,-55.344727,1
c92319,-1.4365745,11.083483,9
c92324,-6.666014,10.9875555,9
p7671,39.439285,28.71323,10
c92325,-53.304848,15.288567,15
c92331,-13.8768215,33.987843,15
c92332,-21.021862,26.505465,13
c92348,-3.6334229,8.471563,15
c92353,-2.3027077,55.775955,5
p7674,5.42,-4.5575,0
c92354,-26.731249,-6.094635,2
c92355,-27.019228,2.5604508,9
c92362,15.657157,-28.877054,14
c92371,-7.004696,10.695592,9
c92386,27.7738,21.991627,15
c92391,-56.767826,11.964945,7
c92393,-7.2159157,-26.322975,10
c92399,-21.614109,2.876124,9
c92406,-31.215384,32.560383,2
c92407,-17.014511,54.7752,5
c92410,36.906815,45.60875,1
c92418,15.176205,28.562462,2
c92438,14.46838,-53.814857,4
c92446,15.176674,28.442842,2
c92463,-40.855583,11.04024,9
c92464,-38.27182,-1.3619982,2
c92471,-22.074549,49.106243,5
c92473,-4.2208624,32.90723,9
c92479,-28.621983,2.7405508,3
c92484,2.2187405,3.5189292,0
c92485,3.698126,-22.060001,3
c92486,1.8222383,41.75738,15
c92492,52.227654,22.60136,6
c92499,1.7012972,2.4548452,0
c92501,7.731778,16.61392,9
c92505,-47.6782,-1.0565821,3
c92508,-1.2482345,-17.412315,3
c92509,4.202452,-14.122317,3
c92517,6.855063,10.027611,0
c92525,-12.898461,-24.508833,2
c92531,24.880657,-21.784735,13
p7688,24.790913,-2.1716452,0
p7689,-3.00642,33.75034,15
c92540,0.2605489,36.58537,15
c92550,-13.685096,21.113972,0
c92555,27.476088,20.683458,15
c92557,24.877106,-2.0919507,0
p7691,39.41502,28.729273,10
c92566,4.455179,4.690054,0
c92574,-21.725796,2.808695,9
p7693,-15.737033,-20.569933,11
c92580,-25.006744,-2.4284394,11
c92582,-47.324997,2.6338608,3
c92586,-2.9969745,-43.597843,3
c92587,12.153208,42.01496,2
c92590,-2.865345,-50.60137,3
c92592,15.701568,-65.08155,0
c92611,0.14863902,36.649708,15
c92621,-38.33345,29.252844,2
c92629,-25.359442,32.58223,0
c92640,25.256227,23.896757,15
c92643,-12.342331,6.7413764,9
c92648,-43.224594,22.310196,11
c92653,-3.4000878,6.650787,0
c92654,9.372488,-11.465182,0
c92663,-17.628902,15.494623,9
c92675,8.321761,-33.293087,14
c92676,15.569096,-33.9725,14
c92685,12.510874,-3.37509,0
c92686,33.81717,62.65501,5
c92698,-17.325968,54.391933,5
c92700,18.925726,42.793648,5
c92702,-12.727266,31.741577,11
c92705,-27.832527,-16.077354,15
c92710,-41.962437,20.993866,15
c92722,-18.371351,52.8001,5
c92723,-9.7814455,-23.433432,13
c92724,33.857594,-45.536312,13
c92726,8.702308,-27.574621,3
c92728,-25.073498,-2.3657968,9
c92729,-3.5149534,44.137962,9
c92731,-19.841566,2.156995,9
c92736,13.64682,37.107677,14
c92738,-43.561584,-13.490068,9
c92740,15.541402,60.13382,12
c92741,14.720364,60.81035,12
c92746,-10.441061,-44.24271,8
c92749,29.284462,-0.93826807,13
c92752,-18.450485,51.3439,5
c92759,37.331745,45.056133,1
c92763,33.417576,-14.246201,3
c92768,-21.443562,49.656395,5
c92776,11.70837,-25.787336,9
c92779,33.8165,62.654495,5
c92786,0.16114768,30.630375,15
p7704,-40.03562,16.412569,11
c92789,-34.69829,-15.671854,11
c92793,2.1467724,-9.976056,0
c92794,-17.773497,37.052147,15
c92796,11.889372,20.567108,2
c92803,54.41549,22.115402,6
c92811,-10.417527,13.676168,3
c92812,-56.34397,20.842625,7
c92815,-17.259542,13.401783,9
c92817,-26.020487,16.203821,11
c92829,-24.754742,-6.8402853,13
c92831,-17.250748,20.26962,9
c92833,-7.1776104,39.437115,9
p7709,32.253735,-22.344055,14
c92834,-22.28325,48.269356,5
c92835,-22.411648,48.714336,5
c92837,1.38898,42.254025,15
c92840,-13.405291,57.444748,5
p7710,29.586782,26.461212,10
c92843,33.81392,62.65247,5
c92851,-16.60207,15.350276,9
c92856,-13.821428,56.185993,5
c92857,-8.870363,6.0157847,9
c92860,-37.535618,32.685287,2
p7711,-11.270207,-7.7311697,3
c92880,36.907055,12.239501,13
c92882,36.74177,45.007206,1
c92887,27.50362,20.741957,13
c92889,-33.646328,-1.6660218,3
c92894,-5.9452524,46.364605,5
c92896,-13.616788,56.25924,5
c92897,-13.1772585,19.668228,9
c92899,43.024384,22.610132,9
c92900,-22.250488,49.015,5
c92906,-3.5042353,14.013177,11
c92915,-10.999897,-7.4879627,3
c92932,27.381622,14.329119,13
c92933,-38.772312,24.668753,7
c92934,6.703826,-50.852097,3
c92935,-27.860153,-1.7480016,11
c92940,-16.647642,55.038914,5
c92942,-17.565819,54.074364,5
p7714,37.272804,-6.445103,13
c92953,12.999176,-12.373706,13
c92959,20.967186,-5.157075,13
c92970,12.278833,-0.28639457,0
c92971,-30.667038,5.9950066,0
c92979,-43.498817,24.63651,2
c92991,45.36857,-50.93191,17
c92994,-35.452545,-9.549284,11
c93001,-44.578663,-14.798232,11
c93006,33.8276,62.66314,5
c93008,-35.346676,20.7289,0
c93017,17.347313,3.0442305,9
c93023,-2.6784096,12.692054,3
c93024,27.41098,21.233875,15
c93025,45.32838,-50.85976,17
c93026,10.590514,3.3427227,0
c93030,-54.64811,14.19049,7
c93033,35.299004,35.78741,1
c93052,0.70214146,11.040793,9
c93054,28.724276,-15.198462,3
c93058,-2.4694746,-19.495714,3
c93078,35.79549,29.650833,13
p7725,53.825172,2.6474593,11
c93080,27.77209,21.985603,15
c93083,5.742433,29.4118,15
c93093,-16.557133,55.006187,5
c93094,42.973965,22.703606,9
c93100,65.3104,12.433609,8
c93101,66.37585,12.388022,8
c93109,45.328506,-50.921516,17
c93110,26.600822,44.4444,2
p7728,12.396721,57.733356,12
c93121,14.057031,61.71722,12
c93127,45.42511,-50.422432,17
c93128,-52.865265,17.750227,7
c93131,-38.94558,22.128496,7
c93132,52.58191,22.690132,6
c93134,52.310795,22.652714,6
p7729,52.615746,22.680288,6
c93145,-36.555294,23.461035,2
c93161,-0.7446484,-16.130821,3
c93164,-17.784891,19.158562,9
c93167,15.330464,-4.04878,0
c93171,-11.681618,16.141977,9
c93189,-1.9438136,39.33653,15
c93191,16.610361,-63.664967,15
c93196,-18.352047,18.275137,11
c93200,-10.381092,13.710884,9
c93204,-42.747074,21.62337,3
c93208,25.377897,22.15224,13
p7736,37.49433,34.798767,1
c93209,36.685066,11.386631,13
c93210,-54.425972,-0.46651548,2
p7739,57.54683,-43.368393,14
c93221,20.115673,-27.901201,14
c93230,-16.766558,2.765919,9
c93233,20.059906,-26.011599,14
c93244,-10.885067,-1.2131972,9
c93253,-51.09104,-0.7324233,3
c93255,-43.38443,1.1830156,3
c93257,-9.340039,-2.0328102,0
c93258,-52.886593,17.54004,7
c93261,5.196711,20.92915,9
c93264,-18.229008,15.258677,3
c93280,-12.193765,12.757639,9
c93287,-16.007502,54.98361,5
c93289,-9.916642,17.015715,9
c93316,-37.879387,8.807418,11
p7748,37.129482,37.792675,1
c93323,37.74366,9.452174,13
p7749,37.807796,38.09372,1
c93331,54.247845,-7.230318,6
c93334,-6.6254535,39.076214,15
c93335,36.00862,41.29993,1
c93336,35.01877,41.749336,1
c93345,33.857525,-45.53635,13
c93346,36.90212,38.81503,1
c93354,34.055943,43.52206,1
c93356,53.56315,2.855407,11
c93361,0.15520775,14.63788,0
c93367,8.8071575,-3.3575146,0
c93370,14.775569,-64.82033,4
c93371,4.848006,18.147142,0
c93377,34.93255,-32.18126,14
c93380,3.4749339,18.422585,15
c93387,24.256124,-9.296569,0
c93396,-37.340744,38.87652,0
c93398,-26.36741,18.729744,3
c93412,38.467144,14.615384,13
c93417,50.041492,13.452144,0
c93419,-27.66705,-12.068255,11
c93424,15.562384,-51.55629,5
c93426,-14.920534,-31.776398,11
c93435,-17.57816,48.80863,5
c93439,-24.11973,-44.959362,2
c93444,42.47434,41.935246,1
c93447,4.8534555,18.152542,2
c93462,40.43666,42.288326,1
p7757,-13.976516,53.183735,5
c93467,19.720375,2.4511576,15
c93470,7.934134,-53.175766,3
c93473,14.255592,27.451122,5
c93474,-37.040466,40.181793,11
c93475,19.720375,2.4511576,15
c93476,-13.813832,51.87035,5
c93487,13.53609,-10.845672,0
c93490,-54.765503,-2.6491573,2
c93492,-55.712227,-2.2587085,2
c93493,-55.580914,-3.1438398,2
c93501,-55.579346,-3.143955,2
c93505,-2.0548263,-15.13213,3
c93506,-32.94552,31.282495,2
c93511,-15.999556,21.415564,0
c93513,28.579374,41.51579,1
c93515,27.4879,21.425776,15
c93537,-13.207957,-25.755167,3
c93545,13.984414,19.757792,9
c93546,25.703453,20.77334,1
c93551,0.8847301,-42.49404,3
c93556,-17.951155,55.49505,5
c93557,23.036875,21.209373,13
c93559,43.45293,22.046722,1
c93595,13.927908,19.8896,9
c93599,52.89435,22.823784,6
c93603,18.286507,25.548897,13
c93605,-42.261787,29.72124,2
c93606,-15.783361,53.793484,5
c93608,8.804443,-16.674536,9
c93610,9.558705,3.7813208,0
c93612,8.21048,0.229789,0
c93619,-26.866453,17.28145,0
c93620,35.71347,38.390995,1
c93624,5.26808,-6.5656247,0
p7764,36.14199,3.475869,13
c93636,-25.691818,28.631544,2
c93642,-22.660913,48.88671,5
c93643,-31.933268,-6.019954,11
c93644,-36.45593,16.658432,2
c93648,-22.53803,45.40881,5
c93657,26.798117,21.820429,15
c93660,0.22254404,-44.20081,3
c93669,53.336655,-8.62957,6
c93672,-4.648112,7.012647,0
c93676,38.430546,39.8929,1
c93679,-40.743248,5.1253004,2
c93680,-12.377177,56.612125,5
c93681,-6.1941657,57.686028,5
c93690,-5.5642734,57.72814,5
c93699,-52.708202,17.388454,7
c93700,4.6294107,-39.537464,3
p7768,-15.6618805,-7.5662565,11
c93706,35.61974,-22.045189,13
c93714,-43.217773,-29.660675,11
c93716,-34.056324,30.455814,2
c93745,17.677048,-58.327946,9
c93747,42.925465,22.436493,1
c93748,43.004402,22.714415,1
c93757,-21.272087,18.204403,1
c93758,2.272552,-54.368816,3
c93762,-2.6232705,12.631133,14
c93772,-2.5765104,10.247502,0
p7771,39.4396,28.709217,10
c93781,39.72991,43.4678,1
c93790,1.1942419,-47.616234,3
c93792,0.14658064,-45.55148,3
c93810,2.5706434,-30.956911,9
c93813,-29.87223,-15.453484,11
c93817,42.74115,-11.155184,10
c93820,-13.603137,56.249275,5
c93821,-10.677663,0.11201321,9
c93824,1.2928774,32.505043,15
c93832,19.300781,42.110703,5
c93844,-12.464209,-34.13165,2
c93845,16.508926,-63.609467,13
c93862,27.265905,22.030682,15
c93872,-18.497066,4.202781,9
c93900,-54.758224,-1.6602657,2
c93902,54.29178,-7.2644343,15
c93911,5.9720144,17.011454,0
c93919,12.464801,-3.2769625,0
p7778,-30.200499,35.355972,2
c93927,-25.208328,5.873591,9
c93936,3.865339,-1.9343793,0
c93950,-0.99121195,-7.6374707,0
c93957,3.106593,-6.620279,0
c93960,16.618958,-63.471596,15
c93963,29.136097,6.597409,13
c93968,-35.691208,-30.565025,2
c93973,28.561678,7.338998,13
c93976,-52.726944,2.9297907,2
c93978,-19.455873,20.848877,9
c93983,-54.485268,15.289463,7
c93986,-35.51883,-30.12904,11
c93991,-19.43749,1.1116813,9
c93995,-0.16244489,2.629899,0
c94003,52.259518,22.53579,6
c94004,53.16437,23.291656,6
c94005,52.53009,22.624344,6
c94007,14.350665,-53.78741,4
c94008,-8.776012,13.182741,0
c94014,-0.6515694,-45.95869,3
c94015,-3.0352466,57.332863,5
c94020,18.9437,14.959355,13
c94022,8.741258,9.300073,0
c94023,16.740158,12.425616,13
c94025,39.746994,43.413788,1
c94030,-32.360775,6.797874,9
c94033,-56.9795,2.1564097,13
p7787,40.34229,-28.768377,14
c94035,41.796463,-28.053354,14
c94037,8.934669,27.60143,15
c94038,3.9735174,-1.8275843,0
c94040,28.705875,13.168553,13
c94058,-25.154556,2.024886,9
p7789,-24.877144,-30.508387,11
c94068,21.567013,-21.408329,11
c94072,-10.9235525,4.381278,9
c94073,-31.687214,21.323183,0
c94078,-35.07,3.995751,9
c94080,-13.33646,55.863747,5
c94082,-2.6550853,45.218597,9
c94095,-19.40288,20.861143,11
c94096,-50.18474,17.881657,7
c94100,28.71508,-20.78016,2
c94108,-30.70687,-14.1908865,11
c94111,-0.6954289,32.404922,11
c94112,-11.846067,-28.897238,3
c94113,12.830408,-28.735168,14
c94119,10.651441,27.222744,15
p7793,-11.55957,-12.346729,3
c94130,5.563213,18.281137,0
c94138,4.9619546,43.00412,15
c94140,-10.545904,-0.61987835,9
c94142,-1.6383928,-13.255945,3
c94150,14.24886,-12.590314,13
c94168,-28.052895,-15.952821,11
c94174,0.781177,-54.440712,11
c94175,-3.5352407,44.13981,9
p7795,20.83016,-10.909454,11
c94178,-3.3785014,32.061752,3
c94179,-21.638449,49.425823,5
c94182,-20.398983,-11.349472,3
c94183,-4.7974877,57.514297,5
c94185,-18.3216,-29.072601,2
c94187,12.893225,64.39008,12
c94193,29.431267,3.1425657,13
c94196,-30.990267,28.771477,2
c94197,-12.937528,56.3682,5
c94199,2.6303916,32.64833,15
c94206,37.791847,44.094666,1
c94210,30.151089,-1.7135327,13
c94211,26.918,-4.83105,13
c94219,-54.660923,14.267711,7
c94224,-10.325111,13.720739,9
c94225,-8.199836,9.016076,9
c94231,5.581922,18.330687,0
c94249,-6.2952476,-4.0466623,0
c94251,-19.431662,-6.303525,11
c94259,-21.192446,49.196228,5
c94262,-22.175129,49.693325,5
p7799,-21.572447,49.41344,5
c94278,-6.254738,12.211552,9
c94282,-19.88019,-37.318573,14
c94283,14.084701,-19.749962,14
c94286,38.50315,14.610226,2
c94309,-3.790763,55.73955,5
c94310,-16.164463,16.408125,9
c94311,0.32726055,46.292347,15
c94332,-9.5154085,-47.736805,3
c94333,-43.674168,8.957598,2
c94335,42.281464,37.15932,1
c94338,16.380919,11.922942,9
p7806,30.111776,42.0649,1
